perm_id	fragment_length	enrichment_null
1	70	2.1237833008953095
1	80	1.2806448603920793
1	90	0.8717311054875732
1	100	1.006555999216495
1	110	1.0272434747805255
1	120	0.9903416893951493
2	70	1.8320709524762582
2	80	1.4966691921230828
2	90	1.202243064591987
2	100	1.0017774424682178
2	110	0.945348027568311
2	120	0.9353612556641426
3	70	2.1617206980700954
3	80	1.4802339279833894
3	90	0.8866867452327198
3	100	0.8424739555020089
3	110	0.8247286252836242
3	120	0.8088484962492986
4	70	2.054175675728063
4	80	0.9604338468107846
4	90	0.8297825081230101
4	100	0.8639775661965747
4	110	0.8366771606677019
4	120	0.8422127848681825
5	70	1.586319196445199
5	80	1.0250276472194986
5	90	0.9271650205590928
5	100	0.8525133994741204
5	110	0.8369191019734437
5	120	0.8178082958494434
6	70	2.819611282923664
6	80	1.8337256583779151
6	90	1.406351002235467
6	100	1.0198526503408227
6	110	0.9292525199988991
6	120	0.9030924087132046
7	70	0.43532699247491335
7	80	0.555233373770963
7	90	0.5850906381217675
7	100	0.696919258255245
7	110	0.7367795179068952
7	120	0.7716001571466726
8	70	1.3900899298749776
8	80	1.2941872855400887
8	90	1.3884337301619778
8	100	1.258363901183106
8	110	1.2033157054286345
8	120	1.1572207216045864
9	70	0.29586014059990917
9	80	0.4521249954151902
9	90	0.646942755422769
9	100	0.7946811766833373
9	110	0.8350978026120661
9	120	0.8604127639699877
10	70	1.2697470568508122
10	80	1.3566705025588701
10	90	1.2777689050906125
10	100	1.239770972898303
10	110	1.2242324556673687
10	120	1.1565698206168076
11	70	1.6241241759194338
11	80	1.13135364231961
11	90	1.0082325894353579
11	100	0.8555496881446081
11	110	0.8380293582310517
11	120	0.8456779144998149
12	70	1.4408766502807133
12	80	1.001073591860688
12	90	1.08092951622217
12	100	1.2177412714496039
12	110	1.1806891922638072
12	120	1.1435180893362715
13	70	1.6770119893417912
13	80	1.0998083103299474
13	90	1.0127165007391052
13	100	0.9886806609993859
13	110	1.0230465565015057
13	120	1.0205873644202705
14	70	0.515413927314891
14	80	0.7428496164335243
14	90	0.8522678603080452
14	100	0.8382237588111616
14	110	0.9052132788272941
14	120	0.9418163899973336
15	70	1.002187378174664
15	80	0.7156015780975652
15	90	0.6871720708500014
15	100	0.7069067442980994
15	110	0.7083898990010011
15	120	0.7033380341486767
16	70	1.4481303732191417
16	80	1.6156981720930101
16	90	1.135893823393818
16	100	1.22495406267048
16	110	1.155643179652979
16	120	1.1029399354736131
17	70	0.6319731232200662
17	80	0.9387023515112911
17	90	0.9608906244261778
17	100	1.0727927122474332
17	110	1.0789649413889746
17	120	1.0936539459552341
18	70	0.7328256828207392
18	80	0.7661474561096487
18	90	0.6462278472576298
18	100	0.6678824265740299
18	110	0.7273363123124144
18	120	0.7624966302781284
19	70	0.5287151763785662
19	80	0.7583605257897077
19	90	0.8246351476425022
19	100	0.8094112309913094
19	110	0.8416573636333794
19	120	0.8665114096121743
20	70	0.5713242764583742
20	80	0.5652286554417022
20	90	0.7721906152021221
20	100	0.8015811361404077
20	110	0.8029591532561763
20	120	0.8262944698546023
21	70	1.1061024265953383
21	80	0.8401626616255907
21	90	0.7251322333065267
21	100	0.7604610813121395
21	110	0.7559153569836825
21	120	0.7834907840595611
22	70	0.9803137197976003
22	80	0.7656014049660816
22	90	0.7805886620221261
22	100	0.7149066749999459
22	110	0.7640903335701172
22	120	0.7990293182461687
23	70	2.332131704280089
23	80	1.6570742369512639
23	90	1.1493116126229397
23	100	1.0988296345245478
23	110	1.07267238479596
23	120	1.032437088249501
24	70	0.699069065211921
24	80	0.9011113203079906
24	90	1.1071906466447508
24	100	1.3126776575738073
24	110	1.3017513292244784
24	120	1.3205424164777544
25	70	0.4270996133714641
25	80	0.6764091869104967
25	90	0.7597323630123045
25	100	0.7456990096514725
25	110	0.7913895874135516
25	120	0.8112955360154629
26	70	0.6726213401312013
26	80	0.9580346448922709
26	90	0.8835052092615358
26	100	0.8482038633978042
26	110	0.889587626653823
26	120	0.8832047836437155
27	70	3.20108827568732
27	80	1.5658804056676785
27	90	1.4136731611906723
27	100	1.0070448919049408
27	110	0.9566974797892112
27	120	0.9450235267480089
28	70	0.4321458766993191
28	80	0.6277674141088739
28	90	0.7006822035246796
28	100	0.8001386015896452
28	110	0.8620435990451345
28	120	0.8929763608976646
29	70	1.9888096844557535
29	80	2.1104003310717094
29	90	1.5103294206421167
29	100	1.1941152629023164
29	110	1.17163319468512
29	120	1.1195187864183007
30	70	2.093539540878754
30	80	1.4328594834282824
30	90	1.2284760108470136
30	100	1.2021538371925284
30	110	1.0725691858825623
30	120	1.045926082785931
31	70	2.9705063519849024
31	80	1.5647234594233774
31	90	0.9539330619331
31	100	0.9721122533839407
31	110	0.9650760082441378
31	120	0.9504830165372103
32	70	0.3394589619577039
32	80	0.5487459462850777
32	90	0.749130896640828
32	100	0.8578582545651093
32	110	0.9096301584217612
32	120	0.958476633270773
33	70	1.6464047857467274
33	80	1.7244047132112343
33	90	1.7019479984798984
33	100	1.4817493843937057
33	110	1.362241342089957
33	120	1.277422400127834
34	70	1.2692826037950737
34	80	0.9779962607624256
34	90	0.9133869975223269
34	100	1.0443907597219564
34	110	1.0495696262904641
34	120	1.030710936039172
35	70	1.6020746160620989
35	80	1.0702161973545692
35	90	1.0368952193979517
35	100	1.0890772722717776
35	110	1.0740626765349979
35	120	1.1058659513304305
36	70	0.6035214061754811
36	80	0.5950373570466669
36	90	0.717924170724057
36	100	0.9181231806820602
36	110	0.9506033932583742
36	120	1.0150408944395053
37	70	1.6930111674614186
37	80	1.6248868350822887
37	90	1.4818366788401867
37	100	1.2821323002231244
37	110	1.2591975128796378
37	120	1.2044506647044249
38	70	1.5825336899452591
38	80	1.505253511809447
38	90	1.4660523962914267
38	100	1.3573318040520652
38	110	1.3210167956954844
38	120	1.2688677243216857
39	70	1.61474623862022
39	80	1.4932825900198674
39	90	1.3035844484486847
39	100	1.132748265455605
39	110	1.0937071471877997
39	120	1.103286080729973
40	70	2.1355272109620786
40	80	1.1813132078591935
40	90	1.1943695596181183
40	100	1.1442284024734666
40	110	1.1543729874310389
40	120	1.1180238579464672
41	70	2.8456605287343226
41	80	1.6540512604022406
41	90	1.1526364173299264
41	100	1.2184742441691279
41	110	1.2043180067709764
41	120	1.1772874267480633
42	70	1.1051749248789888
42	80	1.0009449282260703
42	90	0.9720192901014253
42	100	0.9756849691625462
42	110	0.9799558483156656
42	120	0.9725497739368618
43	70	1.8392001652220709
43	80	1.0535076703103297
43	90	0.9652446604644154
43	100	1.0070281008500903
43	110	0.9883402745451744
43	120	0.9926979290749839
44	70	1.949449307713593
44	80	1.3349394020614258
44	90	1.2071928700361647
44	100	0.9688178429669558
44	110	0.9812002948179714
44	120	0.9676251977142233
45	70	0.6334236100735466
45	80	0.9795840891803418
45	90	1.0503716393671763
45	100	0.8854386875907344
45	110	0.9043934988816255
45	120	0.9319310994627341
46	70	1.457946029496091
46	80	1.2079210174280592
46	90	1.2764476189529148
46	100	1.2442445105448101
46	110	1.212564971094762
46	120	1.2095744872192764
47	70	2.0408434638584545
47	80	1.6478103391193748
47	90	1.3888809648947333
47	100	1.486360836207613
47	110	1.4434095180041713
47	120	1.3153623171835647
48	70	2.5812243947587517
48	80	1.53063418923681
48	90	1.0789966193579736
48	100	0.9110537874513657
48	110	0.9291818917784503
48	120	0.9066384861570613
49	70	0.6087574101696563
49	80	0.9057595200170404
49	90	0.9121805029487938
49	100	0.903974927926679
49	110	0.9358279401495634
49	120	0.9409895796934392
50	70	0.6887508563252238
50	80	0.6675284592585835
50	90	0.6690796555485615
50	100	0.6564373996777818
50	110	0.7175943275452105
50	120	0.7568125774876728
51	70	1.8599316366086547
51	80	0.9369018936999738
51	90	0.9282327944709745
51	100	0.9148633223368546
51	110	0.9360922461082664
51	120	0.9477875038162377
52	70	0.48119805299505136
52	80	0.5431769654463867
52	90	0.7673556466726535
52	100	0.8417904851816695
52	110	0.9220693778844141
52	120	0.9965889484655824
53	70	2.249440167545749
53	80	1.8773316796328425
53	90	1.3077496052120121
53	100	1.255576410567189
53	110	1.1742049051924857
53	120	1.0950499633818298
54	70	2.496807198261634
54	80	1.447575434621421
54	90	1.0820451601747338
54	100	1.0208490292162602
54	110	0.994330190872692
54	120	0.9884405283686067
55	70	1.131057862901058
55	80	0.8731253594466027
55	90	0.9505230712315176
55	100	0.988653370303282
55	110	0.9670433932725729
55	120	0.9829462499797338
56	70	0.6256683839897398
56	80	0.7678238346938794
56	90	0.7876207912313833
56	100	0.9178469549627983
56	110	0.9240543931300161
56	120	0.9280759892448958
57	70	0.5760666327837694
57	80	0.9129900168615236
57	90	1.244194633628118
57	100	1.2543627626816751
57	110	1.268290633568158
57	120	1.2813440799175229
58	70	1.4714225264104108
58	80	1.6559368941642538
58	90	1.3180072521291062
58	100	1.2793304471675682
58	110	1.2269314911256297
58	120	1.133213437085289
59	70	2.2501648009739585
59	80	1.425376028911686
59	90	1.0238953275920772
59	100	0.9222792019097505
59	110	0.9059247411229777
59	120	0.9155848008744475
60	70	0.3919231539349104
60	80	0.5278896936668782
60	90	0.6002724129957608
60	100	0.7501547789520142
60	110	0.7800714940022226
60	120	0.8337739169152545
61	70	0.32909776181356765
61	80	0.42397565854987485
61	90	0.7286347843348243
61	100	0.8129811492798258
61	110	0.8569244237873818
61	120	0.9247189365695274
62	70	0.9677591763274769
62	80	1.0360355817968756
62	90	1.099519411388509
62	100	1.071305883401444
62	110	0.9906377295239501
62	120	0.9839022447152044
63	70	1.369725776231006
63	80	1.0351898987891128
63	90	0.9739238652181872
63	100	1.072785556726315
63	110	1.0751426136792779
63	120	1.07590545281116
64	70	1.052904765759117
64	80	1.2196877667215478
64	90	1.1824225196169553
64	100	1.1003255516942267
64	110	1.0562784785127242
64	120	1.0303206488918042
65	70	0.43339276151835787
65	80	0.7478001911565492
65	90	1.0762784427152499
65	100	1.152271777707221
65	110	1.2584358385912273
65	120	1.2700850812514
66	70	0.4167026509702017
66	80	0.7240590900282028
66	90	1.0235310834185252
66	100	1.179303812727652
66	110	1.1767917374531212
66	120	1.2138762159168714
67	70	1.0423983046733363
67	80	1.0842489181395598
67	90	0.9903771863888159
67	100	1.0260460962782298
67	110	1.0041539531320178
67	120	0.9713174927045332
68	70	0.6939402542536101
68	80	0.7638288875175282
68	90	1.0151477987594335
68	100	0.9510366692635788
68	110	0.9881765096778165
68	120	1.0240337294250375
69	70	1.8669064384424172
69	80	1.4931624185496513
69	90	1.5303903696280678
69	100	1.4267381732326356
69	110	1.385623650111905
69	120	1.3187794050652157
70	70	0.6558182334213054
70	80	1.0035261441976981
70	90	1.1073303468393896
70	100	1.235451667568345
70	110	1.2162927335096991
70	120	1.207788220643254
71	70	1.107712471970101
71	80	0.9255297040176688
71	90	1.0503948230367461
71	100	1.0364021834795971
71	110	1.0374092442685996
71	120	1.0299639556124838
72	70	0.765426315822122
72	80	0.9545347733575802
72	90	1.1279948680591265
72	100	1.1477639212713318
72	110	1.2011341874505777
72	120	1.1824502634937357
73	70	0.883921874034317
73	80	0.8815516375894975
73	90	0.866771250751215
73	100	0.8322721871494481
73	110	0.8139012870357004
73	120	0.8337844568217782
74	70	0.9779920866807212
74	80	1.1125567578981004
74	90	0.971358370728366
74	100	0.9175261257278278
74	110	0.874945028256368
74	120	0.8775926988468631
75	70	2.0522970429107716
75	80	2.069280100798109
75	90	1.782733147538927
75	100	1.6350526308649738
75	110	1.3946288900443784
75	120	1.305316127719145
76	70	0.3169469392605506
76	80	0.5717473233528769
76	90	0.785685036944656
76	100	0.9227865724818002
76	110	0.9080864083286919
76	120	0.9358881045489528
77	70	1.5688971688894087
77	80	1.024847380536129
77	90	0.9320560738857138
77	100	1.0524399498264578
77	110	0.9817008225263952
77	120	0.9465717540922621
78	70	0.9890172781988603
78	80	1.210203906680896
78	90	1.2135698780636357
78	100	1.338652011848317
78	110	1.268962251088916
78	120	1.2158669833828897
79	70	0.37897906226007066
79	80	0.6703471932155721
79	90	0.9684896943931476
79	100	1.027881983460693
79	110	1.0832945378263834
79	120	1.1444392827571708
80	70	1.412713585824331
80	80	1.4832569255785255
80	90	1.4003289185189887
80	100	1.2805336934755704
80	110	1.2181781730471244
80	120	1.171460814551742
81	70	1.8503164133750898
81	80	1.174046746619467
81	90	1.0310758830495728
81	100	0.8676683748778956
81	110	0.8403892110771947
81	120	0.8439247511478222
82	70	1.84559158726779
82	80	1.8957265732651192
82	90	1.353880981070052
82	100	1.389684727736679
82	110	1.2225183278312282
82	120	1.1540815696656372
83	70	0.6523767083829578
83	80	0.8414687173029403
83	90	0.7538680234952991
83	100	0.7395934660846151
83	110	0.7818549079333696
83	120	0.7996590423399877
84	70	1.5610312528106507
84	80	1.7394147605510097
84	90	1.2243658740670882
84	100	1.0607858676762467
84	110	1.0386934655885964
84	120	0.9792592708714026
85	70	0.5596433378497706
85	80	0.7623930712670371
85	90	0.7812247203257323
85	100	0.9574934101122089
85	110	0.9834509023025184
85	120	0.9731537867096673
86	70	0.5299056244162835
86	80	0.7544106375459897
86	90	0.7732056444490047
86	100	0.7537902151593224
86	110	0.7624985391291973
86	120	0.7874066829297444
87	70	0.48700566811415275
87	80	0.6054689871520612
87	90	0.6539458392486277
87	100	0.7459424396339883
87	110	0.8008434663579285
87	120	0.8569467031758228
88	70	1.314798064332365
88	80	0.926009701666532
88	90	0.9365759567382902
88	100	1.0718192340286579
88	110	1.0090075319598
88	120	1.009375670305159
89	70	0.3918200914722102
89	80	0.4497807135066426
89	90	0.6701259601746264
89	100	0.880083743848779
89	110	0.9798323902007264
89	120	1.0572365801460513
90	70	1.8621162207040978
90	80	1.3421702846415215
90	90	1.199327216557678
90	100	1.100510653373435
90	110	1.1325614778571125
90	120	1.1310645780450823
91	70	1.149125670702182
91	80	1.2495004594045054
91	90	1.3299733007347714
91	100	1.116021425501796
91	110	1.1069086059750473
91	120	1.0902347249857152
92	70	1.4486889147973572
92	80	1.5199085277525726
92	90	1.1982620320503963
92	100	1.317755278995873
92	110	1.2360393399832834
92	120	1.1840470535428145
93	70	1.3678200673606555
93	80	1.0937459125443862
93	90	1.1071346882268494
93	100	1.0180862437185525
93	110	0.9969980074678418
93	120	1.017170963724789
94	70	2.0379102302527534
94	80	1.785491164211078
94	90	1.875850318145798
94	100	1.3184212939008484
94	110	1.2620014526187493
94	120	1.2133687531502266
95	70	1.1941884819037194
95	80	0.9355229026380182
95	90	0.9306267001213048
95	100	1.0299879613012248
95	110	1.0024243058958877
95	120	1.0012149898064742
96	70	1.4721504815475108
96	80	1.3591923758350217
96	90	1.427701039477174
96	100	1.384577404690632
96	110	1.3168484955334088
96	120	1.2684833893721836
97	70	1.3588000491095986
97	80	1.0775450239255437
97	90	0.8356177819650411
97	100	0.8389609687121856
97	110	0.8400887223267405
97	120	0.815499253984905
98	70	0.43724349797232875
98	80	0.556757641262729
98	90	0.7813897075214453
98	100	0.815168366997241
98	110	0.9160488405557933
98	120	0.992048485289636
99	70	0.8641051782402044
99	80	1.0615298156200543
99	90	1.3897145841048582
99	100	1.2923609351344298
99	110	1.284609806616561
99	120	1.2492804910946618
100	70	1.8734216359285962
100	80	2.18600728236166
100	90	1.65425731479939
100	100	1.3155473180376445
100	110	1.2268193123273572
100	120	1.1491820623507027
101	70	2.4486650454145886
101	80	1.6836353458500828
101	90	1.6305964954198027
101	100	1.4500931316959085
101	110	1.3164164344172
101	120	1.2507624143629499
102	70	1.738255501336017
102	80	1.1756801192884745
102	90	0.9261539825036769
102	100	0.8223200214485346
102	110	0.8011663035621653
102	120	0.816514044508462
103	70	2.8451637481594187
103	80	2.321105118422087
103	90	1.3319394470092794
103	100	1.1437445965236788
103	110	1.063599423083143
103	120	1.0246199007274117
104	70	0.6307091733092443
104	80	0.8804168865299955
104	90	0.9379356329613204
104	100	0.9972793273325037
104	110	1.0612344374475584
104	120	1.0754344303814452
105	70	0.372665669318729
105	80	0.4501346216123789
105	90	0.5542208022300151
105	100	0.7137232026786873
105	110	0.7520360356652336
105	120	0.7888726879527425
106	70	0.6711854015684084
106	80	0.5936367215638815
106	90	0.7258907290644143
106	100	0.916280845055986
106	110	0.9630500618275463
106	120	0.97383260545565
107	70	1.2148512250825738
107	80	0.9204575177385929
107	90	0.7773537694226909
107	100	0.7349617882559275
107	110	0.7667325145393304
107	120	0.776503068581036
108	70	1.6629183513219465
108	80	1.813232608232456
108	90	1.5445851040050043
108	100	1.6504844366390397
108	110	1.4683490788388018
108	120	1.3797835266397374
109	70	0.7270753361320997
109	80	0.6342533608529335
109	90	0.7424442391660143
109	100	0.8038657675458876
109	110	0.8324360597974578
109	120	0.8720331244232029
110	70	0.469892870316585
110	80	0.6654006199438232
110	90	0.9178192888924958
110	100	0.9859412129124978
110	110	1.0137537021597878
110	120	1.0367174257589484
111	70	0.5141583681565332
111	80	0.7055744057031852
111	90	0.9661093547604798
111	100	1.178220206762779
111	110	1.2440756013083427
111	120	1.270588339613425
112	70	2.6569378240620156
112	80	1.664787023289238
112	90	1.2684929826432654
112	100	1.2814745718374956
112	110	1.2163512214389505
112	120	1.1491205498864872
113	70	0.37025582520928363
113	80	0.369080892310438
113	90	0.6111553244960234
113	100	0.6742697097591692
113	110	0.7335875822977778
113	120	0.7695562207387521
114	70	0.4330905732647943
114	80	0.6614150896765891
114	90	0.8647024955728527
114	100	0.8697991363096756
114	110	0.9636513132808118
114	120	1.0146625791136394
115	70	1.3925101847821924
115	80	1.5964840084391407
115	90	1.6174730357020168
115	100	1.3445534443367302
115	110	1.2991851290832181
115	120	1.223087144774081
116	70	1.5220154376752653
116	80	1.1046368272926914
116	90	0.8897244606081683
116	100	0.856339013154741
116	110	0.8340902362723228
116	120	0.8397807404693141
117	70	0.5105499063306038
117	80	0.5657080361241498
117	90	0.7116348632054462
117	100	0.6960568739293356
117	110	0.7494399334842747
117	120	0.7910905732355886
118	70	1.038686640277722
118	80	0.9576158679885098
118	90	1.0448045518565998
118	100	1.2046607399926037
118	110	1.1591557789551434
118	120	1.1299302922222119
119	70	0.9223118871517086
119	80	1.0623322298536289
119	90	1.274193769069315
119	100	1.0767917895833867
119	110	1.000495875842561
119	120	0.98415337028659855
120	70	0.5766127197237255
120	80	0.8234293315588984
120	90	1.1223534141575588
120	100	1.0913141105490438
120	110	1.134516260239179
120	120	1.1218031844147014
121	70	0.9093009936200979
121	80	1.0543437800490139
121	90	1.0800811085741655
121	100	1.072284610694316
121	110	1.0467830903980102
121	120	1.0428152227783067
122	70	0.5462176541499167
122	80	0.7734567183152884
122	90	0.9898609445307989
122	100	0.9776751546129916
122	110	1.00563846347221
122	120	1.0390225747797337
123	70	1.4869720674237707
123	80	0.915571585712781
123	90	0.754526527520895
123	100	0.691559883905143
123	110	0.6843541307922656
123	120	0.684738728213417
124	70	0.5954611234437956
124	80	0.737392935502578
124	90	0.9477988964407018
124	100	0.927665952151765
124	110	0.9523126272187895
124	120	0.9816445684896283
125	70	2.355831843243292
125	80	1.566385234892668
125	90	1.2778909475465423
125	100	1.2122232235333021
125	110	1.0844114290382119
125	120	1.0544749454480946
126	70	0.45761066216807295
126	80	0.7539913370989132
126	90	0.9002393831471353
126	100	1.0193565974117715
126	110	1.083872806240322
126	120	1.0938487823473861
127	70	1.1676677045004347
127	80	0.9944926659612099
127	90	0.9549813853284006
127	100	1.0261217505014368
127	110	1.0079420883036414
127	120	1.0068424141179964
128	70	1.5082687640481243
128	80	1.7931426085551114
128	90	1.5741553974667895
128	100	1.356103221097431
128	110	1.2395547851789326
128	120	1.1544206797402212
129	70	1.7803850080295427
129	80	1.052781942685105
129	90	1.0161735254222166
129	100	1.1420095526584333
129	110	1.1147855235018784
129	120	1.126240777372901
130	70	0.5502660187729405
130	80	0.8556703084146184
130	90	1.0855919855451244
130	100	1.0824789225474905
130	110	1.1507099847378097
130	120	1.1517540199172867
131	70	1.1048890768623665
131	80	1.0448000626853788
131	90	1.1215550919777284
131	100	1.1358158959320166
131	110	1.0905571908462475
131	120	1.0416089912620903
132	70	1.76471484109739
132	80	1.533273451777017
132	90	0.9841042234675624
132	100	1.092785862205818
132	110	1.0340393339297196
132	120	1.0000737507302544
133	70	1.7681954204396133
133	80	1.358321799038075
133	90	1.2455027775631196
133	100	1.0868268812784216
133	110	1.020634716047788
133	120	1.0369471186412769
134	70	1.5287873309482924
134	80	1.7065019523720915
134	90	1.2769305029444618
134	100	1.103789903991122
134	110	1.080754453618664
134	120	1.0530799112552167
135	70	1.103884140516249
135	80	0.8180449291152625
135	90	0.8804993727422485
135	100	0.8133059433656123
135	110	0.8341290134979555
135	120	0.8553218043886359
136	70	3.83664893722242
136	80	3.0770481149182722
136	90	1.9361242587691523
136	100	1.5710895932781177
136	110	1.4991586296998753
136	120	1.3960899330456695
137	70	2.035664136373703
137	80	1.756260274456353
137	90	1.245496177425879
137	100	1.249719969056096
137	110	1.1710686723364983
137	120	1.1384351689132994
138	70	1.159780004253125
138	80	0.8366342075198827
138	90	0.9329260630878577
138	100	0.9960180216886187
138	110	1.0239315291841162
138	120	1.0615380611295808
139	70	1.796662187023204
139	80	1.2553210903395084
139	90	1.0548555980381382
139	100	1.0502367252647011
139	110	1.069280376895262
139	120	1.0687424229683777
140	70	0.7281932219440802
140	80	1.0585590824947497
140	90	0.8846616450245687
140	100	0.8152255110819325
140	110	0.8680808257718171
140	120	0.8959863024346748
141	70	3.5817684034098507
141	80	1.716634472531189
141	90	1.8056473081036906
141	100	1.2399112321112988
141	110	1.216313593424316
141	120	1.194726431239844
142	70	1.297287280449499
142	80	0.9726478973423729
142	90	1.0104042519251637
142	100	1.119992579372789
142	110	1.0843816462083706
142	120	1.0917926773258735
143	70	0.39033118810729633
143	80	0.5710037969998684
143	90	0.7305517715425772
143	100	0.9069653681413284
143	110	0.9470388360074287
143	120	0.9645671490534811
144	70	4.462612831241016
144	80	2.5261111249645025
144	90	1.4272711875581698
144	100	1.1837121623910538
144	110	1.1261080097374288
144	120	1.0538362223320878
145	70	0.7099511567850186
145	80	0.9773558889727192
145	90	1.0925772705490018
145	100	0.981124489031661
145	110	1.0005037726749182
145	120	1.0302136700953304
146	70	1.1952091494087327
146	80	1.0735613568552709
146	90	1.1737010316646659
146	100	1.328142633429246
146	110	1.2722546904757248
146	120	1.2136385833187882
147	70	0.6937107267757743
147	80	0.763553260735204
147	90	0.888247594329033
147	100	1.0643525096398616
147	110	1.1425075559729223
147	120	1.1694082075666279
148	70	0.560107112841484
148	80	0.8231709612553577
148	90	1.0501676904715547
148	100	1.274934172984334
148	110	1.3232641199561035
148	120	1.3201928106584049
149	70	0.6317415662710069
149	80	0.7499225127604284
149	90	1.0089397435868086
149	100	0.8940544612505552
149	110	0.892139718751842
149	120	0.9316769106166292
150	70	1.8743983866755585
150	80	1.3066660664899319
150	90	1.190995047015459
150	100	1.0178593099754885
150	110	1.0190119659353412
150	120	1.0154269518253274
151	70	0.6698336879538639
151	80	0.6625294042709007
151	90	0.8532222721519028
151	100	0.9493536818021525
151	110	1.0076887160775896
151	120	1.064394614179474
152	70	3.2386464082631963
152	80	1.3538514210278778
152	90	0.9969810777378791
152	100	1.000895985275673
152	110	0.9519726124632875
152	120	0.927782571867261
153	70	0.7457826936022205
153	80	0.8431592703236358
153	90	0.8086618393222713
153	100	0.839646727778546
153	110	0.8847482385545271
153	120	0.8949026699048765
154	70	0.4619392466718756
154	80	0.7623539225098823
154	90	1.0486982198019446
154	100	0.9564505065491641
154	110	1.0139678604498146
154	120	1.0642083547887862
155	70	2.279174440375308
155	80	1.4841912867142264
155	90	1.28980712791969
155	100	1.0231334893372417
155	110	1.0176905657379416
155	120	0.9958747621792082
156	70	2.5661534229648804
156	80	1.5871501402687453
156	90	1.2894739142144989
156	100	1.2303134232804527
156	110	1.1960408126843785
156	120	1.1431912290042294
157	70	1.4899742950916637
157	80	1.55539434783841
157	90	1.1830956664172894
157	100	1.094732571734876
157	110	1.0759870923998356
157	120	1.0481723421959224
158	70	0.27894124618161326
158	80	0.4618910049905291
158	90	0.6436812325038146
158	100	0.8339918798447186
158	110	0.8827031368695674
158	120	0.9439240163858005
159	70	0.5490459376447681
159	80	0.5264176830011451
159	90	0.5957444287707715
159	100	0.6605113948225119
159	110	0.6883557147531258
159	120	0.7460414840093487
160	70	0.9117838799527755
160	80	1.098727736813888
160	90	1.104967113773744
160	100	1.0134239707026993
160	110	1.0199378902568812
160	120	1.0142829950107843
161	70	1.404548181632441
161	80	1.0722505611771116
161	90	0.9747281171014806
161	100	0.8873479449051371
161	110	0.8857088344214626
161	120	0.8958949111241264
162	70	1.004653503692745
162	80	1.2103688609482823
162	90	1.346478110463458
162	100	1.361301089450963
162	110	1.350252686105998
162	120	1.2859070911837909
163	70	1.8856050798066633
163	80	1.970244879657266
163	90	1.3269569934179777
163	100	1.2362358122220503
163	110	1.1681930673011949
163	120	1.125441240572874
164	70	2.2017404590097405
164	80	1.8473373698725415
164	90	1.4014892222115605
164	100	1.3616864341683788
164	110	1.2640481999706827
164	120	1.2153153145902336
165	70	0.3167155557392992
165	80	0.5742041205371019
165	90	0.8349253889880945
165	100	0.8352513159314904
165	110	0.9051725008541545
165	120	0.9427852831881856
166	70	1.3601542510349942
166	80	1.4089805214275075
166	90	1.1905605141737503
166	100	1.1200169058058087
166	110	1.078418993347615
166	120	1.0677224857263978
167	70	1.9054001056997572
167	80	1.6207169722939252
167	90	1.0596511610924306
167	100	1.0386866323972963
167	110	0.9592997067843778
167	120	0.9253224366917412
168	70	1.2079658177710328
168	80	0.996944702935323
168	90	1.2419025572422613
168	100	1.2451207482683548
168	110	1.2560398979874485
168	120	1.2475287245900535
169	70	1.4427053973659012
169	80	1.3181065306746431
169	90	1.1817011736315266
169	100	1.0769665725477222
169	110	0.9840390669437257
169	120	0.9520482599471874
170	70	1.4559007254602774
170	80	1.2729798091678501
170	90	0.9966914143026986
170	100	0.8487030855892962
170	110	0.856263694155387
170	120	0.8351026873868471
171	70	1.0379931602028167
171	80	0.8188171187571734
171	90	0.8120460616693835
171	100	0.9619978657945564
171	110	0.9684629935128592
171	120	0.9707391643603837
172	70	1.9632336267855381
172	80	1.200264566980302
172	90	0.8723923933281091
172	100	0.8607726062331211
172	110	0.8819519667004239
172	120	0.8905034006317808
173	70	0.8306810115019632
173	80	1.1496266327078624
173	90	0.9984250133602774
173	100	0.9728647030941008
173	110	0.9741828884013853
173	120	0.9838458500224265
174	70	1.195292362316896
174	80	1.1998389813053827
174	90	1.12617941477699
174	100	1.2193603533917636
174	110	1.1309254884001594
174	120	1.1227710038945091
175	70	1.1844660324337386
175	80	0.9275338702611146
175	90	1.0511729733002126
175	100	0.9618489722057464
175	110	1.0161090300240085
175	120	1.074414130023338
176	70	0.7820847622079884
176	80	0.9142622630056592
176	90	0.9659336865767795
176	100	0.9161178841164346
176	110	0.9181230913476873
176	120	0.924585498741444
177	70	0.6623112154366992
177	80	0.9133078239193256
177	90	0.7852405521262302
177	100	0.7793321092771334
177	110	0.8362032148529142
177	120	0.8473075249757527
178	70	1.6744388243344415
178	80	1.2821051235632583
178	90	0.9884938324466414
178	100	0.7514401958912942
178	110	0.7228922828836678
178	120	0.7093955252266649
179	70	0.5710214965147498
179	80	0.510183701138914
179	90	0.6858268858798955
179	100	0.8622494802053801
179	110	0.9210731683797091
179	120	0.9430352167057474
180	70	0.6064083634593366
180	80	0.7849882009094848
180	90	0.9026043956491044
180	100	0.8158484123725456
180	110	0.8421822682153904
180	120	0.862233045447719
181	70	1.9704432256868119
181	80	1.4077611224860302
181	90	1.1951569829125521
181	100	0.9609465284662397
181	110	0.9330778274478165
181	120	0.9240551017589614
182	70	1.2169851282991084
182	80	1.383590818116064
182	90	1.4824695011354247
182	100	1.1541639936045973
182	110	1.119577229013357
182	120	1.0987056399538526
183	70	1.4461795423986334
183	80	1.2397425799996185
183	90	1.0237109485915816
183	100	1.0154463720315272
183	110	0.9683177404822922
183	120	0.9561590088633104
184	70	1.2537034419369029
184	80	1.1225021527131396
184	90	1.2294333766365406
184	100	1.3249311646393114
184	110	1.187654361285828
184	120	1.1566991152373076
185	70	1.655442360082638
185	80	1.551145650259509
185	90	1.0760159838606072
185	100	1.033684973758431
185	110	1.0236273121642443
185	120	1.0044821923709895
186	70	0.5398284961938945
186	80	0.8225097179638063
186	90	0.7218553795521142
186	100	0.8312531809193738
186	110	0.8744707916940442
186	120	0.8903008153504618
187	70	1.4966371053052763
187	80	1.763521067335923
187	90	1.5140685054530685
187	100	1.198488772918416
187	110	1.1663562394985767
187	120	1.1235084150907912
188	70	0.5522048023387163
188	80	0.7993429079885607
188	90	0.8118487703716001
188	100	0.9866621626747667
188	110	1.0254036140563711
188	120	1.0284044608722687
189	70	1.1237128344657665
189	80	1.1110337075075798
189	90	1.0522176503496867
189	100	1.1732435124945155
189	110	1.1392892782247872
189	120	1.1054911414964832
190	70	1.2109994063886467
190	80	0.9386464230868042
190	90	1.0102929924356856
190	100	0.9982776190608512
190	110	1.0105696833139752
190	120	0.985286294326738
191	70	2.6749187281021114
191	80	1.9612269023949433
191	90	1.501172619475116
191	100	1.2292617105048518
191	110	1.1437555996255753
191	120	1.0889540323839901
192	70	1.5195073800048582
192	80	1.129514160547282
192	90	0.8125682490179792
192	100	0.8698846934343466
192	110	0.9139045617509678
192	120	0.9393149016601574
193	70	1.0619953574628207
193	80	1.2011767394945856
193	90	0.9965336435089794
193	100	0.9887823896749891
193	110	0.985283859321966
193	120	0.9659779533516145
194	70	0.43691854581800593
194	80	0.7208642866859751
194	90	0.9892053400709693
194	100	0.8851144546877624
194	110	0.9899797643598851
194	120	1.027213324604573
195	70	0.9881011729583662
195	80	1.149119070840837
195	90	1.1668050333787279
195	100	1.0544705989524858
195	110	1.0683661512611853
195	120	1.0482453267674954
196	70	0.5033464058776791
196	80	0.5919111414898085
196	90	0.7895508618320234
196	100	1.0101995814679319
196	110	1.094514916720757
196	120	1.1377122999178735
197	70	1.6076110918767441
197	80	1.0762130695017524
197	90	0.9683091551088343
197	100	0.9764795321973406
197	110	0.917284681384969
197	120	0.9045240352213822
198	70	2.3625352948701153
198	80	1.6209176771806242
198	90	1.4155977739879544
198	100	1.2295511049494845
198	110	1.1650204646521047
198	120	1.1483127655325254
199	70	0.5760241819751759
199	80	0.8524033133412602
199	90	0.8751595653595952
199	100	0.7855702391157815
199	110	0.8042410073198252
199	120	0.8212207333101463
200	70	1.0483086542133249
200	80	1.142899649814945
200	90	1.0668620329859444
200	100	0.9236967473097425
200	110	0.898136674166667
200	120	0.904953281720156
201	70	1.8572796889916818
201	80	1.9690941980566865
201	90	1.4360074741387956
201	100	1.1805889933909837
201	110	1.079150874481723
201	120	1.0268264343537357
202	70	1.8218480830672608
202	80	2.006157440022421
202	90	1.3377365378683141
202	100	1.0601923150590207
202	110	1.0446353063739902
202	120	1.004559725069922
203	70	0.7443095062704345
203	80	0.9511433051963307
203	90	0.859161050502155
203	100	0.880974750877858
203	110	0.871465766921035
203	120	0.9004740851228457
204	70	1.5820477640880224
204	80	1.6169295275582811
204	90	1.8121639753402679
204	100	1.6913358163643064
204	110	1.5588552014199
204	120	1.4726856781701527
205	70	0.9019043618369208
205	80	0.860447289232194
205	90	0.9164825275177223
205	100	1.0148525472146086
205	110	0.9940924577347446
205	120	0.9645480788068137
206	70	0.988824762590117
206	80	0.9533924133705791
206	90	1.1383776961713168
206	100	0.9390369046137755
206	110	0.8803600781789371
206	120	0.8740887943615119
207	70	1.0219448278976864
207	80	0.7808913283646812
207	90	0.9003740969278833
207	100	0.842123101291792
207	110	0.8391503996781788
207	120	0.8418831999902312
208	70	0.5791516612823733
208	80	0.8873207924887427
208	90	0.8812995381675662
208	100	0.7828475747843368
208	110	0.8298532612805937
208	120	0.8372393098376679
209	70	1.8606351688660947
209	80	1.5795544442663414
209	90	1.309687393317934
209	100	1.2598285360320032
209	110	1.2436561913831807
209	120	1.1794566148492145
210	70	0.5982631344078834
210	80	0.8625535027181785
210	90	0.8680386455835917
210	100	0.9260425898572863
210	110	0.936518838388852
210	120	0.9362533537254051
211	70	2.1205875932944838
211	80	2.063159095514349
211	90	1.8375422153327632
211	100	1.3170615685109615
211	110	1.2948239563337116
211	120	1.2214714498308548
212	70	1.1352804209231766
212	80	1.3013751788431074
212	90	1.2876766883962123
212	100	1.265761881936484
212	110	1.2139707649580256
212	120	1.191293056150301
213	70	0.8675794746752641
213	80	1.0506848509162319
213	90	1.1047665053232465
213	100	1.0747065229919803
213	110	1.0461694719138848
213	120	1.050322752367035
214	70	1.5485963184586422
214	80	1.5171229018244257
214	90	1.185924233233603
214	100	1.2645569620717354
214	110	1.1215398952030735
214	120	1.0796842909645763
215	70	3.173681937697607
215	80	2.122247313516222
215	90	1.5926973677901828
215	100	1.3237156023761492
215	110	1.3303018727667435
215	120	1.2592774361006847
216	70	0.8631347882425053
216	80	1.0148817477387857
216	90	1.123251130085944
216	100	1.1510112094574343
216	110	1.1202805170180155
216	120	1.1154099233927262
217	70	0.6457810947305627
217	80	0.9728068519148362
217	90	1.106048173957696
217	100	1.0349012713606527
217	110	1.050398411412784
217	120	1.0929282168490295
218	70	1.2702496776104146
218	80	1.0700885834741927
218	90	0.9753458431283246
218	100	1.0432596991946155
218	110	1.0239337681430891
218	120	1.0119252286700255
219	70	1.3051247889255255
219	80	1.0764852169829775
219	90	1.1398786601191073
219	100	1.2381733749801542
219	110	1.2196373234227782
219	120	1.1781110047451404
220	70	0.4574362306347282
220	80	0.6075178737126109
220	90	0.7316420102263685
220	100	0.8195892621553402
220	110	0.8410079491718937
220	120	0.9010615436554366
221	70	0.752734708266245
221	80	0.8316783448557468
221	90	0.9572798712614355
221	100	0.9328643250935299
221	110	0.995608770842019
221	120	1.0118043720427028
222	70	0.347395831022506
222	80	0.5617259238540275
222	90	0.867777369005224
222	100	1.0824341262547161
222	110	1.1540071378115293
222	120	1.1645893275973946
223	70	1.5658472945288373
223	80	1.481238625757158
223	90	1.145550368544407
223	100	1.0395447427772622
223	110	1.0325470605508331
223	120	1.0039292098613954
224	70	0.5476263033183345
224	80	0.7051060464890243
224	90	0.8117855952966124
224	100	0.8804950191843239
224	110	0.9284340864017991
224	120	0.9663622212105001
225	70	0.4874807321768853
225	80	0.8210231026247782
225	90	1.1840088635514334
225	100	1.1434085786688704
225	110	1.1658545939737883
225	120	1.1808508285501023
226	70	0.4670287333734318
226	80	0.6805008936564004
226	90	0.807979481110146
226	100	0.8655116129700359
226	110	0.8879264904050664
226	120	0.9187948027397038
227	70	1.0349370919612484
227	80	1.0502627661296022
227	90	0.9129655305092161
227	100	0.9417412320589177
227	110	0.9498757057850447
227	120	0.9500731755873438
228	70	0.6792194420553902
228	80	1.002877464170137
228	90	0.9423628263448387
228	100	1.1238486078706589
228	110	1.1136581090934423
228	120	1.108741107075958
229	70	1.4237108641626997
229	80	1.1471639977961399
229	90	1.3978317268376084
229	100	1.2767304233852286
229	110	1.2637594893651432
229	120	1.2661367025843817
230	70	2.461800935896753
230	80	2.1416895816201666
230	90	1.2683720102087126
230	100	1.1633733971561517
230	110	1.1097792130943298
230	120	1.0760881185671618
231	70	0.46375786128989427
231	80	0.6654284839051402
231	90	0.8762671713337129
231	100	0.8957977465270445
231	110	0.9664195627815017
231	120	0.9858491087179901
232	70	0.3901768752442883
232	80	0.6810145622431932
232	90	0.7791451761136389
232	100	0.8997553644108139
232	110	0.9725948333855187
232	120	1.0232197539294308
233	70	0.7549423566324748
233	80	1.027600226360695
233	90	1.0027809942645138
233	100	1.0925441922152663
233	110	1.1695807908533384
233	120	1.1870896824211945
234	70	1.35211631896774
234	80	1.2749629977330503
234	90	1.256592677230946
234	100	1.2669515877279014
234	110	1.2586797519396735
234	120	1.203303691312838
235	70	0.8010764371035443
235	80	1.2359711137075315
235	90	1.5270232310591725
235	100	1.4794478503218191
235	110	1.452950439388845
235	120	1.412055957491427
236	70	1.7075583640419185
236	80	1.7283379324620811
236	90	1.3548679791986813
236	100	1.2315169861190196
236	110	1.220963616962902
236	120	1.171238303034134
237	70	0.5467677499122887
237	80	0.6645181430649816
237	90	0.884799091845138
237	100	0.9229372831943319
237	110	1.0022873385828535
237	120	1.0301455964430444
238	70	1.1738054755454626
238	80	0.8271218366639955
238	90	0.733451378390351
238	100	0.8647200467607417
238	110	0.8301434254494057
238	120	0.8744857527593343
239	70	2.5143123037731816
239	80	1.6518067312884275
239	90	0.9792791168668518
239	100	0.9867770000960788
239	110	0.9507460339141565
239	120	0.9294363947842775
240	70	1.2545257811809218
240	80	0.9396312287295705
240	90	0.9982088298778974
240	100	1.1556430638134751
240	110	1.1512649735986071
240	120	1.1217059060780978
241	70	2.5351537552005543
241	80	1.6352264497775382
241	90	1.4328719342795688
241	100	1.4838808662749217
241	110	1.3010162542436783
241	120	1.2412910704998568
242	70	1.746207998420506
242	80	1.4844993719240906
242	90	1.2654226533540682
242	100	0.9808947204249134
242	110	0.9290169882626469
242	120	0.8983523361306295
243	70	0.4215498746222716
243	80	0.7430013020572328
243	90	0.8358153404752592
243	100	0.9515555590251326
243	110	1.0492676166700894
243	120	1.0835626453175091
244	70	2.207839116537941
244	80	1.5662956655461775
244	90	1.1801669203900191
244	100	1.0271545727568139
244	110	1.003392892827118
244	120	1.0010780184597627
245	70	0.3385763233089673
245	80	0.5960611917389753
245	90	0.7292532035227697
245	100	0.8611005693027257
245	110	0.868638804663832
245	120	0.8972291023254036
246	70	0.35622662541806577
246	80	0.5293101793925875
246	90	0.9148791031917
246	100	0.8938870826416176
246	110	0.9423089601420416
246	120	0.9858350026397592
247	70	1.4770458871872278
247	80	1.650720959193968
247	90	1.4765485687953033
247	100	1.3976924420557757
247	110	1.3715357049526622
247	120	1.2902451805008273
248	70	1.2011306741510046
248	80	0.9044661634135496
248	90	0.8046630269956695
248	100	0.8986005508042435
248	110	0.8772063433330282
248	120	0.887140802319441
249	70	1.3275662156209718
249	80	1.0401337785279479
249	90	1.0020002313303096
249	100	0.8826002177666867
249	110	0.9038096286498184
249	120	0.9109677992610684
250	70	1.2347236662249803
250	80	1.2144857223415444
250	90	1.1596292429549975
250	100	1.0561897389810515
250	110	1.04639825285657
250	120	1.0591336609751894
251	70	2.3970203922098876
251	80	1.3080867606469209
251	90	1.0351655506580733
251	100	1.1511942510249213
251	110	1.0534367491779069
251	120	1.0418077093916391
252	70	1.1071664403058161
252	80	1.2524968470466729
252	90	1.3836472704334575
252	100	1.258010534833458
252	110	1.2075750136225427
252	120	1.1540924140035123
253	70	0.7670281751551695
253	80	0.7578251373899879
253	90	0.9227582932225457
253	100	0.9259983625847205
253	110	0.9866762753988796
253	120	0.9858803979769822
254	70	1.7907047032381114
254	80	1.3572816339356208
254	90	1.2173649983903854
254	100	1.1981311471095635
254	110	1.1855482194575253
254	120	1.1522478721942757
255	70	0.49421645530512726
255	80	0.8359485348255704
255	90	0.9553335079944012
255	100	0.8432039430194939
255	110	0.8527588186801561
255	120	0.9028315086397656
256	70	1.1056238579486408
256	80	1.1465823357708702
256	90	1.114778312572532
256	100	1.098331536523867
256	110	1.044683455030785
256	120	1.0235836879171867
257	70	1.5257213402179923
257	80	1.3082391995125624
257	90	1.1427940079878374
257	100	1.0642985870489212
257	110	0.9965384027418601
257	120	0.9789792549287837
258	70	1.095708399426416
258	80	1.0668227274210775
258	90	0.8532673113367526
258	100	0.956666435103016
258	110	0.9388039987091675
258	120	0.9121985141513566
259	70	0.7215764190176294
259	80	0.8847562201601976
259	90	1.0835875364919694
259	100	1.0717244464566331
259	110	1.0571154081659953
259	120	1.0756340572732972
260	70	1.7975588723035003
260	80	1.8334189684861375
260	90	1.425065539152095
260	100	1.3266814269029303
260	110	1.23727639441609
260	120	1.1905808857764597
261	70	1.4555470923166947
261	80	1.17530693949046
261	90	1.0976884590685725
261	100	1.0128602792222146
261	110	1.0217854394940644
261	120	1.0190995228568602
262	70	0.5981671037512448
262	80	0.6771814613837166
262	90	0.7385640973321917
262	100	0.8974199777588528
262	110	0.8749162218897515
262	120	0.899940466480998
263	70	0.8411773033589766
263	80	0.81813168305262
263	90	0.8457273370868145
263	100	0.8356198977653264
263	110	0.8592065800690543
263	120	0.8932097117484518
264	70	2.2208553320718
264	80	1.2537664436682097
264	90	1.006807537884919
264	100	0.858388737476275
264	110	0.8886179655845634
264	120	0.8804981740760867
265	70	0.337945575094237
265	80	0.46779254749011423
265	90	0.7437516534735326
265	100	0.7582283501406338
265	110	0.8035594355260146
265	120	0.852745014131147
266	70	0.34806409832942764
266	80	0.5318377794564387
266	90	0.6868878446622722
266	100	0.8708535240791715
266	110	0.9102543634433587
266	120	0.9444634527067791
267	70	0.8082689442787903
267	80	0.9949484693880986
267	90	1.013562553095332
267	100	0.9919713260154444
267	110	1.0326258009544973
267	120	1.0036813147499417
268	70	1.3175550524540416
268	80	0.8224349506757547
268	90	0.8269839897170087
268	100	0.9732873229368018
268	110	0.9851173059843489
268	120	0.979098652704326
269	70	1.636319280182384
269	80	1.4018617309358212
269	90	1.1879078463915587
269	100	1.0338243385063763
269	110	1.028998858829323
269	120	1.0078149482170462
270	70	1.2007603929125843
270	80	1.3457826024455446
270	90	1.5732770548890087
270	100	1.2773298700851288
270	110	1.1844939475330982
270	120	1.1386825366992368
271	70	1.594463286438895
271	80	0.9244159003119069
271	90	0.9394343505904508
271	100	0.9504612333285744
271	110	0.9848396665630356
271	120	1.0046580149859514
272	70	0.4708792080904555
272	80	0.8254887103094636
272	90	0.8747260447822206
272	100	0.9604462888473361
272	110	0.9871296610656252
272	120	1.0107528149341487
273	70	0.6740096158452344
273	80	0.989311600681549
273	90	0.9918465470464809
273	100	0.9554302637613202
273	110	0.9432951892598984
273	120	0.9684171054946336
274	70	0.7862643121827766
274	80	0.9720849129042626
274	90	0.9297088281956267
274	100	0.9952737510847215
274	110	0.962199981962292
274	120	0.9596411294275544
275	70	1.5065613483851474
275	80	1.1762079190222219
275	90	1.193047438548023
275	100	1.1885832893420667
275	110	1.0736393898773195
275	120	1.0502036768362886
276	70	1.1808026694207159
276	80	1.0186147926525915
276	90	1.0346863370613881
276	100	1.0729137246711853
276	110	1.1172994886777456
276	120	1.1271688237262987
277	70	1.834084691208225
277	80	1.3196562621239043
277	90	1.0316957951973738
277	100	1.1425841638131005
277	110	1.091861691520614
277	120	1.0624231300360285
278	70	0.4951982764688587
278	80	0.6629996525488926
278	90	0.8241535421892184
278	100	0.8476099723363248
278	110	0.9037166462466354
278	120	0.9591509845481935
279	70	1.2527701665749196
279	80	1.0756980785151857
279	90	0.9487535427724045
279	100	0.9284162852539931
279	110	0.9418099195752215
279	120	0.9495963242157537
280	70	1.3956468034083092
280	80	1.443043677384117
280	90	1.4269069249779953
280	100	1.320544704378587
280	110	1.2984713609268952
280	120	1.2593301414771865
281	70	2.4919179659670565
281	80	2.334839255368075
281	90	1.8318003447848152
281	100	1.4164731712268825
281	110	1.316805399242842
281	120	1.2869367537125076
282	70	0.7769800595810702
282	80	0.7549536136997409
282	90	0.9008702677155253
282	100	1.07204780554021
282	110	1.087643395525907
282	120	1.1002511085543925
283	70	0.39868305395133685
283	80	0.6926381849199839
283	90	0.9717465558446925
283	100	0.9891440806365976
283	110	1.0351758030879799
283	120	1.0809912781654554
284	70	0.7498230298189428
284	80	0.770751395501716
284	90	0.8984089272553594
284	100	0.8987740523752324
284	110	0.9484159568156835
284	120	0.9796361489538999
285	70	0.43166508728618275
285	80	0.5279247651324206
285	90	0.6996996992648581
285	100	0.8209902972616621
285	110	0.8920571056048662
285	120	0.932576080768972
286	70	2.2447544545571723
286	80	1.4709429603037893
286	90	1.2085007256329314
286	100	1.0754801107045624
286	110	1.0011537404425457
286	120	0.9675228963187458
287	70	1.9007459030428233
287	80	1.4318809766130163
287	90	1.2981077076924152
287	100	1.225531752059932
287	110	1.2333923614494313
287	120	1.2317170347217496
288	70	0.616713312890552
288	80	0.810872857822085
288	90	0.9395776440340025
288	100	1.125215760839282
288	110	1.1766142873179912
288	120	1.1930980661188384
289	70	1.477887051502859
289	80	1.6351707451363289
289	90	1.4655513459831377
289	100	1.4616814889526584
289	110	1.4033716723756795
289	120	1.344460419693918
290	70	1.8234242455635938
290	80	1.2946850433234915
290	90	1.2864860409306447
290	100	1.3517155056620804
290	110	1.3857574705995683
290	120	1.3551165653118975
291	70	1.3463381345865342
291	80	1.4669776428331036
291	90	1.4363501949045014
291	100	1.113830925098611
291	110	1.0774492751827938
291	120	1.0848833348391163
292	70	0.9967748829115589
292	80	0.9986886531483261
292	90	1.0924568790278384
292	100	1.02422351239647
292	110	1.0463087819053614
292	120	1.0289870210136662
293	70	0.6741374149752277
293	80	0.8008607993143846
293	90	0.8822206361913509
293	100	0.8742407265683765
293	110	0.8806159484154634
293	120	0.8755038155325486
294	70	1.4786110390124452
294	80	1.3194942132183665
294	90	1.336253483067105
294	100	1.2126264284827117
294	110	1.141725643417916
294	120	1.1202095983239009
295	70	1.6964098226709456
295	80	1.6127864566388614
295	90	1.4246864492276279
295	100	1.126247654168197
295	110	1.1074726663979244
295	120	1.0994734551310528
296	70	1.2940095851437918
296	80	1.3873541962617553
296	90	1.2664065051434943
296	100	1.1551051350149777
296	110	1.066023355069039
296	120	1.0407479650370741
297	70	1.1323650786954182
297	80	1.384778082210738
297	90	1.415855707622336
297	100	1.2779379012722467
297	110	1.2181087138302653
297	120	1.1748817590344565
298	70	1.2493040667160673
298	80	1.0249442698801858
298	90	0.9516374899656831
298	100	1.1050222524731603
298	110	1.0790790536107682
298	120	1.0768067527687903
299	70	1.5937747440697756
299	80	1.222592677918336
299	90	1.1379344192829708
299	100	1.056382164795545
299	110	1.0518177754084237
299	120	1.0569782594580899
300	70	0.4028657506178532
300	80	0.681353406616588
300	90	1.0083986127270808
300	100	1.2243260151015602
300	110	1.2574788355249604
300	120	1.2492953651301508
301	70	0.7461200773151011
301	80	0.9024884906227031
301	90	0.9448795708246325
301	100	1.0866129740551254
301	110	1.082639955256946
301	120	1.0912213958761907
302	70	1.5878340700582443
302	80	1.4383220358083513
302	90	1.1011887073496265
302	100	0.994692501820417
302	110	0.9587717988629804
302	120	0.9214022478975944
303	70	0.5024739540413636
303	80	0.8063150541773503
303	90	1.0056583634457852
303	100	0.981308182147078
303	110	1.0149079883046783
303	120	1.0218689311436278
304	70	1.719579115872063
304	80	1.7262750306727432
304	90	1.7161430967076943
304	100	1.2510042656233438
304	110	1.220024040962164
304	120	1.1727400451507881
305	70	2.003853376167704
305	80	2.188579592356878
305	90	1.83584774147174
305	100	1.4985587258172604
305	110	1.4427405036835914
305	120	1.3429497451888948
306	70	1.5052555340389873
306	80	1.0433054770686687
306	90	0.7710942417504347
306	100	0.8132075890754495
306	110	0.8310785455205439
306	120	0.822571170748096
307	70	1.2649361403724304
307	80	1.2708069358200154
307	90	1.2369003641837026
307	100	1.1659674313513375
307	110	1.1608833146343815
307	120	1.131167801049932
308	70	1.229180044170859
308	80	1.3678166204913629
308	90	1.2571619449140803
308	100	1.1557332006608418
308	110	1.1382980995479874
308	120	1.0803394423801191
309	70	0.4456386575329986
309	80	0.5055622558685672
309	90	0.6721491925283379
309	100	0.8642315954742725
309	110	0.9193226462288158
309	120	0.9599092517001709
310	70	1.8950139482854451
310	80	1.1154488609032933
310	90	1.1469712512092805
310	100	1.1811111755023374
310	110	1.1792575054385848
310	120	1.1574691047097077
311	70	1.0606442822445044
311	80	1.2452758989858423
311	90	1.446400338633087
311	100	1.3506975437394664
311	110	1.3270750674558864
311	120	1.312832652343672
312	70	1.1698936133847864
312	80	1.1338199626561267
312	90	0.9847156244333805
312	100	1.0731193774810697
312	110	1.062315104544729
312	120	1.0246379933106446
313	70	0.590577781414508
313	80	0.7425893050225583
313	90	0.7993157960641273
313	100	0.7530880501443177
313	110	0.7730443336919871
313	120	0.7848044114105907
314	70	1.3871371820646718
314	80	1.5230992266990395
314	90	1.5260289412134176
314	100	1.471437267627336
314	110	1.421713392301704
314	120	1.3230706423622778
315	70	1.220646264410801
315	80	0.9738246764096494
315	90	0.9454807658913061
315	100	1.0413250090252404
315	110	1.0387286112954952
315	120	1.0174042631199243
316	70	1.3329253903033251
316	80	1.1058276886354501
316	90	1.1245966286364417
316	100	0.9986792466962754
316	110	0.9705190896406456
316	120	0.956632898164364
317	70	0.6813378905010391
317	80	0.77267957108743
317	90	0.9392935832359048
317	100	0.890807851399297
317	110	0.9093113602453291
317	120	0.9165485239267367
318	70	1.0730084607154757
318	80	0.9300537482780014
318	90	0.8538537110847718
318	100	0.9198099784549258
318	110	0.9187765617856257
318	120	0.9379427562214563
319	70	0.4823088702332503
319	80	0.6888460875520389
319	90	0.8839125889060933
319	100	1.054143375925913
319	110	1.1348382313198622
319	120	1.1728401787673834
320	70	2.9231390819036
320	80	2.2433974125055873
320	90	1.7036529797733129
320	100	1.318894389870217
320	110	1.237318544356928
320	120	1.1579733332743325
321	70	0.49865339407766307
321	80	0.7382353376475821
321	90	0.8747725761306819
321	100	0.8961232675748093
321	110	0.9111934922878415
321	120	0.9239913502946274
322	70	0.5426883860133999
322	80	0.8989670182675084
322	90	0.9942968625512956
322	100	1.0108611933431055
322	110	0.9789384147046492
322	120	0.97518149265454
323	70	0.5052167459129812
323	80	0.7540392378549999
323	90	0.8197328931044142
323	100	0.9260707744675638
323	110	0.9542067198372092
323	120	0.989571796540428
324	70	2.0324736402114034
324	80	2.203155389731199
324	90	1.817772737830953
324	100	1.8767682612248766
324	110	1.6555855163301287
324	120	1.5687190330594263
325	70	1.7868474640114984
325	80	1.1212525315246835
325	90	0.8898179200528915
325	100	0.9647229717898578
325	110	0.9365281384871783
325	120	0.9501678746914388
326	70	0.8610250763815824
326	80	0.7650376045835505
326	90	0.7604646736904614
326	100	0.7850543635152741
326	110	0.809064878828998
326	120	0.8277358814929334
327	70	3.187417543431791
327	80	1.7829155637961194
327	90	1.3279244440259523
327	100	1.1844017367218846
327	110	1.1442689348540054
327	120	1.0851999152695204
328	70	0.3731622388129476
328	80	0.5636341646291999
328	90	0.7734944010788741
328	100	0.8457025575023805
328	110	0.8749943269959026
328	120	0.9070643466365067
329	70	0.49617975542782744
329	80	0.7676706055894871
329	90	1.1015969862137598
329	100	1.2373319997418064
329	110	1.2608971559283535
329	120	1.2564629499573907
330	70	2.795592373348529
330	80	1.8690030596862028
330	90	1.0546804379080295
330	100	0.9886788339709467
330	110	0.9620277499518209
330	120	0.9301805465831214
331	70	1.2606504825320333
331	80	1.285375425354983
331	90	1.2764927873913914
331	100	1.0826586088909051
331	110	1.0487982856339646
331	120	1.022935198360312
332	70	0.4372314217503368
332	80	0.6931228136659147
332	90	1.0625598346384557
332	100	1.0033991631988948
332	110	1.034002152582694
332	120	1.0628916828469015
333	70	2.2189761595918687
333	80	1.5696969356261208
333	90	1.150349408784708
333	100	1.1838880582407043
333	110	1.1924798160497057
333	120	1.1410975939388424
334	70	0.569933378171079
334	80	0.775351627930432
334	90	0.9363324916374495
334	100	0.7901002141242045
334	110	0.7897661042218399
334	120	0.8335474193094077
335	70	0.6720404401938763
335	80	0.7688266977506604
335	90	0.855572007209797
335	100	0.9524514954580302
335	110	1.032972643570167
335	120	1.060439128556099
336	70	0.6441570380132418
336	80	0.8020778369989524
336	90	0.8317431615932676
336	100	0.8123442301323931
336	110	0.8743568486062416
336	120	0.8993816253238016
337	70	0.538529782827743
337	80	0.6523585082851094
337	90	0.7966682204426374
337	100	0.7271510939995971
337	110	0.7738472676372203
337	120	0.8234872467486887
338	70	1.2547442249009113
338	80	1.410035071840936
338	90	1.480192894657093
338	100	1.5432202021657426
338	110	1.4177479802001083
338	120	1.3527464726093534
339	70	1.1409857391772826
339	80	0.9012171255018067
339	90	0.8657573632869677
339	100	0.9227531929769316
339	110	0.9250774508987677
339	120	0.9577581019647999
340	70	1.2250288171483052
340	80	1.261600591786728
340	90	1.224978710523444
340	100	0.954354984418832
340	110	0.9091852028933916
340	120	0.922442547562553
341	70	0.7724665825196861
341	80	0.8774250143305604
341	90	0.9567916236042263
341	100	0.863413233531499
341	110	0.894390659987724
341	120	0.8947992730380413
342	70	1.287662423869258
342	80	1.0097321454457473
342	90	0.7965965895343262
342	100	0.8411274762965416
342	110	0.8469708476668047
342	120	0.8654029273225144
343	70	0.5811472910519586
343	80	0.7066381410479948
343	90	0.7374348211656412
343	100	0.7131167494453592
343	110	0.7393440947149779
343	120	0.7502031855871687
344	70	0.36907237324911313
344	80	0.44932751481645006
344	90	0.5481045286411979
344	100	0.5424423673097225
344	110	0.6026995645619173
344	120	0.6575451547939082
345	70	0.4016738366723297
345	80	0.688523148254915
345	90	0.9172514319429199
345	100	0.8989600045481629
345	110	0.9475374474106976
345	120	0.9743490091540182
346	70	1.3444781774429218
346	80	1.1893194084766654
346	90	1.142191405751116
346	100	1.2221242185525785
346	110	1.0952294776086495
346	120	1.0480760778422087
347	70	0.7098729122956396
347	80	0.5705087920506297
347	90	0.591178312328343
347	100	0.6883647721141489
347	110	0.7288824096547376
347	120	0.7415821577530866
348	70	0.7827552421327435
348	80	0.8059363439508219
348	90	0.8932066215504414
348	100	0.8860034501951684
348	110	0.9599069143115572
348	120	0.9857968057694428
349	70	1.711736141355002
349	80	1.6907228311227533
349	90	1.1822357211987327
349	100	0.9656260978377227
349	110	0.9488905652164097
349	120	0.9370947392263397
350	70	2.4991592778888285
350	80	1.4758084969172938
350	90	1.2591581232296991
350	100	1.0683549788376727
350	110	1.0357761447019846
350	120	1.0452203447343817
351	70	0.6409407427323841
351	80	0.9295022525876949
351	90	1.0003360237844632
351	100	1.0654872588881144
351	110	1.1247252788923958
351	120	1.1249063838004367
352	70	1.616116622906255
352	80	1.0050033900502582
352	90	0.9518348909238157
352	100	0.8077559900945024
352	110	0.8142852824788283
352	120	0.8135443710399313
353	70	1.3881339836295818
353	80	0.8324985745205831
353	90	0.7852648408530737
353	100	0.8663505811679366
353	110	0.8904900659290429
353	120	0.8784488144050039
354	70	0.9878918775871213
354	80	0.8479282137181193
354	90	0.9000525119331545
354	100	0.9196814532906717
354	110	0.9374326205762306
354	120	0.9813727098530609
355	70	1.4965043797535367
355	80	1.5365562515827667
355	90	1.153712916889831
355	100	1.157874600189484
355	110	1.0543170034070461
355	120	1.003449161665409
356	70	0.712862237415596
356	80	0.7167756974138394
356	90	0.7381436158978039
356	100	0.8653909964002419
356	110	0.8612351577819355
356	120	0.863385192531234
357	70	0.9792732742908798
357	80	0.7557733503384363
357	90	0.6263237126160188
357	100	0.6552403864886881
357	110	0.6711492413392645
357	120	0.6814195185758563
358	70	1.6296789676458086
358	80	1.1526949780944344
358	90	1.0756809131536504
358	100	0.9972586363013876
358	110	0.9790509690275057
358	120	0.9715356690552932
359	70	0.5993928599309796
359	80	0.6672339922304938
359	90	0.9407655161163049
359	100	1.0582212817328889
359	110	1.0605423651761792
359	120	1.126658024015537
360	70	0.49356426684872245
360	80	0.6726270466283647
360	90	0.8068641573639935
360	100	0.9004279509148303
360	110	0.9093015976121908
360	120	0.933152113311152
361	70	2.356645103781676
361	80	1.9650788750977541
361	90	1.2072703202067196
361	100	1.0401962492231887
361	110	1.0387058254208184
361	120	0.9839270235571491
362	70	1.341336055522693
362	80	1.227522023830102
362	90	1.104778596946438
362	100	0.9755794025510964
362	110	0.9524049793455515
362	120	0.9122682682222844
363	70	1.051795951977088
363	80	0.870100288055309
363	90	0.8933305063177244
363	100	0.9850574600843347
363	110	0.983051166706927
363	120	1.0038546016640315
364	70	0.5427595879640653
364	80	0.7729385372145048
364	90	0.7817461307482034
364	100	0.8940710634436524
364	110	0.956002114729442
364	120	0.9979467401585836
365	70	1.6495168988991185
365	80	1.6705060320671163
365	90	1.3138298902521126
365	100	1.1443929737937157
365	110	1.0777649324083436
365	120	1.0360051012936768
366	70	2.505333531706038
366	80	1.3423624965461278
366	90	0.9206176271823026
366	100	0.8389739536197138
366	110	0.8480483319474508
366	120	0.8387002073573776
367	70	1.916375629141203
367	80	1.7835083135241352
367	90	1.0927564482767878
367	100	1.0676774452697926
367	110	1.045343769540894
367	120	0.9922176002479077
368	70	1.7843084887817857
368	80	1.8955246665585792
368	90	1.096289395765636
368	100	1.0371179544291418
368	110	1.0320563133430547
368	120	0.9858251543244064
369	70	3.7115766347651693
369	80	2.330412203160159
369	90	1.3433789472033448
369	100	1.0251392710244402
369	110	0.9972303768310152
369	120	0.9827786346275652
370	70	0.4767427514464577
370	80	0.5531453635614889
370	90	0.5632627155959673
370	100	0.7415676823488709
370	110	0.7827564357397718
370	120	0.8204674040250295
371	70	1.6981426698217175
371	80	1.9975703160852878
371	90	2.188084400831737
371	100	1.86005536501327
371	110	1.6362647028650918
371	120	1.5330684629388576
372	70	1.5212584317942461
372	80	1.8866306417776095
372	90	1.7250271309154372
372	100	1.3321498465888635
372	110	1.2626642682247011
372	120	1.1966589585956287
373	70	1.5936921204107557
373	80	1.4904530634501818
373	90	0.9304212298285783
373	100	0.9512549281501144
373	110	0.9143425595113484
373	120	0.8800164247514646
374	70	1.7830223288902767
374	80	1.0909252964294898
374	90	0.7910284674973495
374	100	0.8474511500551923
374	110	0.8340858442404117
374	120	0.8374787869723411
375	70	1.8224580478758725
375	80	1.252396110510198
375	90	0.894580794507467
375	100	0.8712656992682739
375	110	0.8567892027183364
375	120	0.8365412340037279
376	70	1.11941087055295
376	80	0.9460506910320208
376	90	1.0234934531942363
376	100	1.0929245698909698
376	110	1.103072662128002
376	120	1.1378571072106445
377	70	1.8627420016922926
377	80	1.290036502272243
377	90	1.099625038537028
377	100	1.1064615521379153
377	110	1.0280091801234086
377	120	1.0109165689487372
378	70	3.2521812366858613
378	80	2.2506605674643487
378	90	1.3632989500261812
378	100	1.1851905343607958
378	110	1.096571072523879
378	120	1.0192441724929857
379	70	1.3358784855935393
379	80	0.9527446201685669
379	90	0.9670145054124977
379	100	1.0373068375759382
379	110	1.0189217351972275
379	120	1.016062920427179
380	70	1.5233247785628126
380	80	1.4680322458404356
380	90	1.2712935883229117
380	100	1.1330849934866862
380	110	1.1126846194971522
380	120	1.0821046106631815
381	70	1.688273892130708
381	80	1.1266260236125525
381	90	0.971613562493404
381	100	0.8753841185618185
381	110	0.8907471536538848
381	120	0.9012080841082627
382	70	1.714508369806227
382	80	1.4473381411959665
382	90	1.2423603435229809
382	100	1.0464228517611402
382	110	1.0050578318536971
382	120	0.988682714585911
383	70	1.42697886482074
383	80	1.165984544328922
383	90	1.179203729898752
383	100	1.2543510959148603
383	110	1.1711199586408974
383	120	1.1236507954111876
384	70	0.45035970976602707
384	80	0.4185849755052393
384	90	0.604758545470027
384	100	0.7875772120200784
384	110	0.81971119335032006
384	120	0.8569141645185151
385	70	0.5537080871467285
385	80	0.7834628610806963
385	90	0.7751622322711195
385	100	0.7491192575445565
385	110	0.7594350736826764
385	120	0.7881479293844716
386	70	0.9917939428308833
386	80	0.8567932480818515
386	90	0.9368020209733043
386	100	0.9187531889208953
386	110	0.9424503905067558
386	120	0.9506991183754662
387	70	1.3459089939850464
387	80	1.5938245453172495
387	90	1.6101814887857793
387	100	1.4139965964572894
387	110	1.376012997441747
387	120	1.3303699632464925
388	70	1.7347731808007372
388	80	1.580344143535512
388	90	1.1510811000823504
388	100	1.0720708399502903
388	110	1.0127978323232418
388	120	0.9670803696250749
389	70	3.005780072144128
389	80	1.6858201149742462
389	90	1.2576966891334131
389	100	1.1731801247663651
389	110	1.1540773928543213
389	120	1.107028629302727
390	70	1.454444985507607
390	80	1.262652609853059
390	90	1.0374533387996292
390	100	0.9439088900416094
390	110	0.9556836354128703
390	120	0.9727792751234935
391	70	0.9271898504870892
391	80	1.0578109744181259
391	90	1.1444365088622976
391	100	1.2668578294161552
391	110	1.2034327706049226
391	120	1.1828264756236282
392	70	1.0978613133290442
392	80	1.2713581497402437
392	90	1.2306836301314668
392	100	1.1630360484888378
392	110	1.1158124051075382
392	120	1.117805784195103
393	70	2.4906393531461797
393	80	2.513692497930076
393	90	1.9995523727440547
393	100	1.6893359388857019
393	110	1.514352106441779
393	120	1.3905378184728268
394	70	1.1276642685215843
394	80	0.9453388383185475
394	90	0.876755106602972
394	100	0.8886641442291348
394	110	0.867795081712618
394	120	0.877669534880921
395	70	1.0354390610609197
395	80	1.041323932670621
395	90	0.9991474349895346
395	100	0.9859796831699723
395	110	1.0045727754953637
395	120	1.015541151805032
396	70	1.0169240697428203
396	80	1.097798150866918
396	90	1.0746291686683216
396	100	1.081657958408375
396	110	1.0390831983077524
396	120	1.0201166805074646
397	70	0.4247600049217963
397	80	0.5258018331763961
397	90	0.6896338345499119
397	100	0.7144921206697462
397	110	0.737729878873548
397	120	0.7960205159422511
398	70	1.3302334884213178
398	80	1.0763650238363394
398	90	0.9621466934779596
398	100	0.9905377004104934
398	110	0.9469816214544413
398	120	0.9230211503644631
399	70	0.9533534092985002
399	80	0.8579089856411642
399	90	0.8790809974624588
399	100	0.9960177796094779
399	110	0.9470927075566219
399	120	0.9525325181997581
400	70	0.6377716547931628
400	80	0.7058556129197623
400	90	0.8176363037787449
400	100	0.7803607720599742
400	110	0.8583617835366963
400	120	0.9104638804374776
401	70	1.123992073713812
401	80	1.375962610213013
401	90	1.1755087411480067
401	100	1.206256877130782
401	110	1.2295254557610034
401	120	1.1875159513001419
402	70	2.083696579727239
402	80	1.158985394118666
402	90	0.9035880198057641
402	100	0.9465456566780098
402	110	0.9579374651183058
402	120	0.9450313564304962
403	70	1.2845942375788197
403	80	1.2205326347771228
403	90	0.9956832304246213
403	100	1.0935721842146489
403	110	0.9914273283440471
403	120	0.9960902872695834
404	70	1.0897314508344667
404	80	1.2924551747245867
404	90	1.527361720073238
404	100	1.3490173772252925
404	110	1.2783988018841932
404	120	1.2990701160943627
405	70	0.7095530980170123
405	80	0.9503312480452142
405	90	0.9468464111569598
405	100	1.0835838504967785
405	110	1.0763708434783386
405	120	1.0431229064287266
406	70	1.9230307391044683
406	80	1.8478498516495854
406	90	1.5562361595695653
406	100	1.4431705204042138
406	110	1.2761917151194528
406	120	1.2292338063125767
407	70	0.4080820305599964
407	80	0.4830878439344933
407	90	0.6992684631062451
407	100	0.7731917258408821
407	110	0.8067495756535342
407	120	0.8223619407668876
408	70	0.38561381229745145
408	80	0.5328083742030161
408	90	0.5463825128428711
408	100	0.6859118413279722
408	110	0.7229826437956393
408	120	0.7660917755050478
409	70	0.6088049597292446
409	80	0.9352773145792744
409	90	0.9492193245291727
409	100	0.9545993533922114
409	110	0.9669572017573927
409	120	0.9792466849049408
410	70	0.6511303840657159
410	80	0.6835661155944512
410	90	0.7671626383948068
410	100	0.663159842351121
410	110	0.707386481037458
410	120	0.736311743723923
411	70	1.8928977011061745
411	80	1.5816947184528933
411	90	1.0666688502440864
411	100	1.1660755291347098
411	110	1.0872424140030883
411	120	1.0504129246922962
412	70	1.6782768252285074
412	80	1.210107783627891
412	90	0.9477635417320823
412	100	0.8611514594561396
412	110	0.8827091963790611
412	120	0.8871845383448138
413	70	1.0071850316834354
413	80	1.035117116832123
413	90	1.045038392619298
413	100	1.0977790733068251
413	110	1.085131125160092
413	120	1.0397648231895078
414	70	1.439838412671302
414	80	1.446570056285607
414	90	1.1524523806030564
414	100	1.1405973629729136
414	110	1.0843966555594333
414	120	1.0495187658796465
415	70	2.212020655053171
415	80	1.1815086396261674
415	90	1.0683432552137866
415	100	0.8933820358308793
415	110	0.8935505680802753
415	120	0.868551220071967
416	70	1.6203746700589838
416	80	1.4650125530674485
416	90	1.6070152496195487
416	100	1.2169663918693439
416	110	1.1225855305626988
416	120	1.0561587171404938
417	70	0.6495359016635116
417	80	0.7792193605708514
417	90	1.033658580126058
417	100	1.0105044069001978
417	110	1.0396292189812655
417	120	1.0731066808942002
418	70	0.613300059842291
418	80	0.6755853210184986
418	90	0.6390465010950916
418	100	0.696038395001013
418	110	0.729974840598182
418	120	0.7677998878542157
419	70	0.5548433279418563
419	80	0.8362047683620304
419	90	0.7846728956275603
419	100	0.8099602763813128
419	110	0.8247476272050407
419	120	0.8444352275096657
420	70	1.6485712308646385
420	80	1.3265540095762658
420	90	1.0949815252678137
420	100	1.1342960620067486
420	110	1.0512494477141445
420	120	1.0234600064648811
421	70	0.5357935039954801
421	80	0.7400554234048276
421	90	0.8202311856448025
421	100	0.8787136855485846
421	110	0.9169587887384987
421	120	0.9499632357749571
422	70	0.8014529807053198
422	80	1.047392433565995
422	90	0.970904949382233
422	100	1.172901875297053
422	110	1.2095147428576885
422	120	1.198459795643614
423	70	3.247253273415878
423	80	1.7475353020276854
423	90	1.4023965426715064
423	100	1.2105541617614017
423	110	1.236959832533191
423	120	1.1977606574726363
424	70	0.9088900447663584
424	80	1.1562042856177892
424	90	1.1752295222822347
424	100	1.1165805161590363
424	110	1.0667699357740508
424	120	1.0872757667255641
425	70	1.3088813203854954
425	80	1.3182540805006662
425	90	0.9982933877964889
425	100	1.0957181370375406
425	110	1.0925093367364431
425	120	1.056608980306376
426	70	0.722303939688909
426	80	0.5891976964811837
426	90	0.6866428743492629
426	100	0.7551899731539059
426	110	0.7750662952038598
426	120	0.8136848607917979
427	70	0.6247138120678115
427	80	0.7152060993250112
427	90	0.8290102045329046
427	100	0.871812069267432
427	110	0.8618143035861454
427	120	0.8828215883774251
428	70	0.49323778211867925
428	80	0.8000845141915203
428	90	1.0670072983000118
428	100	1.0806948992061831
428	110	1.1584610078550395
428	120	1.189965391970449
429	70	1.1425866510407778
429	80	1.2822367560683723
429	90	1.1468723267267453
429	100	1.16631600275293
429	110	1.1123173467174503
429	120	1.0707916024489554
430	70	0.9212014265326902
430	80	1.0227549354076557
430	90	1.2072978926365974
430	100	1.1538255931091095
430	110	1.1399423225460612
430	120	1.1854065390754285
431	70	1.6105199647854362
431	80	1.371243784163107
431	90	1.1048967714122684
431	100	1.1456595694048697
431	110	1.1166451144219038
431	120	1.0535435447936532
432	70	0.4716744584237823
432	80	0.789886052911147
432	90	0.8895107074261299
432	100	1.0072828420409885
432	110	1.0381633018235796
432	120	1.0507965532481551
433	70	3.4881440042041594
433	80	2.713304313248846
433	90	1.8015422091035271
433	100	1.3107973673503168
433	110	1.214148398307809
433	120	1.159715007865901
434	70	1.7600621040073603
434	80	1.7115777844874425
434	90	1.2554240351199522
434	100	1.0501309035540571
434	110	1.0414898114197886
434	120	1.0100434790583184
435	70	1.004121336826802
435	80	1.1488228407744636
435	90	1.1737566040183238
435	100	1.1614056115252782
435	110	1.1777440875822014
435	120	1.155592074265988
436	70	2.272130874035567
436	80	1.4487270983294724
436	90	0.9932319736828937
436	100	1.0229310194850003
436	110	0.9994308580445033
436	120	0.9674902988546407
437	70	1.367851945814729
437	80	1.2306652464139847
437	90	1.168685296545692
437	100	1.1286907688663552
437	110	1.0442375004989726
437	120	1.0163270257137902
438	70	1.522595465048217
438	80	1.2880400953935776
438	90	1.0456168568960418
438	100	1.0407473211389289
438	110	0.9957623716026484
438	120	0.9677556539490443
439	70	1.3447990455598604
439	80	1.1310799824549311
439	90	1.0882125988450089
439	100	0.9292798491440794
439	110	0.9553552258236199
439	120	0.9382810749124556
440	70	1.540060855993904
440	80	1.3202586307157922
440	90	1.3076526443132017
440	100	1.22483507010045
440	110	1.1866177873312405
440	120	1.1456267230777197
441	70	1.3035212910028278
441	80	0.971015200836304
441	90	1.0379097411297997
441	100	1.1493283349832182
441	110	1.1315410077663888
441	120	1.120298745422071
442	70	0.43633671366711035
442	80	0.5601341933937803
442	90	0.5864391330378625
442	100	0.6992608620705325
442	110	0.771291080023318
442	120	0.8084425215421446
443	70	2.0271417433116254
443	80	1.7140843789259823
443	90	1.6638755260247209
443	100	1.3991324131728649
443	110	1.3142026971620127
443	120	1.2636926856915873
444	70	0.9640667932466064
444	80	0.8846418909195736
444	90	0.993801308019161
444	100	0.9827432641700796
444	110	0.9540937095161571
444	120	0.9577990715565079
445	70	1.2175898741472007
445	80	1.0324280902550778
445	90	0.9726905370601296
445	100	1.0190221050587072
445	110	1.0037596389593588
445	120	0.981985965019368
446	70	1.1276902229447892
446	80	1.0215671022734953
446	90	1.3123766094970002
446	100	1.0479751648738578
446	110	1.004642200219008
446	120	0.9972147049593808
447	70	1.8250077180314752
447	80	2.1324042331947415
447	90	1.596946345185394
447	100	1.7040190668389097
447	110	1.663974572194751
447	120	1.5081065449579
448	70	1.6567542556004504
448	80	1.5783298732272644
448	90	1.5934678409351024
448	100	1.5530797557151697
448	110	1.460556321405818
448	120	1.3783674371971868
449	70	1.591150998954279
449	80	1.452509487319547
449	90	1.079700705751491
449	100	0.947660899826102
449	110	0.9566281213931562
449	120	0.9395869073463976
450	70	1.577114093276668
450	80	1.6564700825689371
450	90	1.2724088711449708
450	100	1.2120931896290068
450	110	1.2530945846977126
450	120	1.2521862042536294
451	70	0.34924821960669444
451	80	0.504569560788373
451	90	0.703505235317577
451	100	0.8179780820765434
451	110	0.8343478483101857
451	120	0.8664089501263589
452	70	1.0671602070932389
452	80	1.21279470824892
452	90	1.4294952706943915
452	100	1.1252374946961547
452	110	1.0713997909917126
452	120	1.0506570264436346
453	70	1.2778020622401296
453	80	0.8119712961939556
453	90	0.7599876310375567
453	100	0.8829783694113057
453	110	0.8714748434151165
453	120	0.8616944698359651
454	70	2.4722734083956333
454	80	1.7087746953025948
454	90	1.1076599793217434
454	100	1.1354409856835992
454	110	1.122143548709919
454	120	1.0586798155675086
455	70	2.0813983719525555
455	80	1.650386746756735
455	90	1.6184528846461064
455	100	1.2887145411054055
455	110	1.194441627823554
455	120	1.1077187243250786
456	70	0.5185672121304497
456	80	0.7953377486130964
456	90	1.1696464864006246
456	100	1.148967288275584
456	110	1.1970813917125787
456	120	1.2354661935629454
457	70	0.486274716314911
457	80	0.607921196304587
457	90	0.7227938830394237
457	100	0.7956195779253032
457	110	0.8084213140486213
457	120	0.8303470484372277
458	70	1.3413385922249847
458	80	0.9591625118457235
458	90	1.0083908908453052
458	100	1.0960701367123504
458	110	1.0886153872516418
458	120	1.1127427214356824
459	70	1.5796964402175464
459	80	1.7678652689090495
459	90	1.5394519182740145
459	100	1.2038877509194996
459	110	1.19601351570832
459	120	1.1434681700244438
460	70	1.4197365831894362
460	80	0.9906703923654787
460	90	0.8133167425782263
460	100	0.7658548453505926
460	110	0.8068700777214243
460	120	0.817933199872034
461	70	1.5127096469165138
461	80	1.3502829406092733
461	90	1.2118997803637062
461	100	1.212850555789356
461	110	1.2122582923006306
461	120	1.1538497698854489
462	70	2.5895119493289953
462	80	2.4527973840803803
462	90	1.6361794976233428
462	100	1.2853439333426901
462	110	1.1501059251047503
462	120	1.1039076026844992
463	70	1.2927303320925232
463	80	0.9756036709226079
463	90	0.835766939889871
463	100	0.8924564013336427
463	110	0.8475549011856535
463	120	0.8603239908111133
464	70	1.6645230060466292
464	80	1.738805595471656
464	90	1.3940892479189162
464	100	1.2992975357874579
464	110	1.2105459557718001
464	120	1.1479834570817953
465	70	1.005700657181251
465	80	0.8176940050459814
465	90	0.8908706789558933
465	100	0.8261353948924665
465	110	0.8828953457153604
465	120	0.9337023819860881
466	70	0.7520163574377393
466	80	0.834278198031173
466	90	0.6998692978042272
466	100	0.7305437387833353
466	110	0.750917092869751
466	120	0.7634269661503517
467	70	1.191488677221941
467	80	1.1466758502804795
467	90	1.3019922534448896
467	100	1.3774642174085725
467	110	1.3347717206509537
467	120	1.283611079528692
468	70	1.275105817310008
468	80	0.9901655649565566
468	90	1.0237843581388655
468	100	1.006989730579407
468	110	0.9912414536442644
468	120	0.9928532488486121
469	70	1.366502956112037
469	80	1.7510256575306768
469	90	1.4849077489870417
469	100	1.2433485070373211
469	110	1.23420871417077
469	120	1.185154468147218
470	70	0.6176674765771009
470	80	0.7413441735710624
470	90	0.8641896918011972
470	100	0.9251152297552858
470	110	0.9335051780946934
470	120	0.9336178376154086
471	70	0.6310175587663709
471	80	0.5715912408496152
471	90	0.7140515178671956
471	100	0.8972119602636194
471	110	0.9521975002931928
471	120	0.9703565776277189
472	70	0.3932307443346374
472	80	0.4844912471292718
472	90	0.6264505469798485
472	100	0.6637736557372547
472	110	0.7384703847172344
472	120	0.7920150928949043
473	70	0.5509858940011517
473	80	0.5184874874320361
473	90	0.544710283251582
473	100	0.6379361887201115
473	110	0.6913663410987014
473	120	0.7295292071640392
474	70	1.3569564246281522
474	80	1.4133919144156835
474	90	1.0941589000399279
474	100	1.0999059141737644
474	110	1.0860607950559877
474	120	1.057470960845907
475	70	2.3657194368125927
475	80	1.1852975394358314
475	90	1.1086395730538374
475	100	0.9555040398562559
475	110	0.874972186923859
475	120	0.8560886113923019
476	70	0.39527021880988045
476	80	0.6732765441500805
476	90	0.9120018226764853
476	100	0.9635358614019566
476	110	1.0540451928871477
476	120	1.0929833750797515
477	70	1.9305230372754454
477	80	1.3549636925528148
477	90	1.345386419151929
477	100	1.3276080991755157
477	110	1.2396145645053833
477	120	1.185881208267334
478	70	3.2432581749872758
478	80	2.0992672052468557
478	90	1.6234269543884623
478	100	1.1524483607461276
478	110	1.1081344086311287
478	120	1.0291657410344177
479	70	0.8085357620810055
479	80	1.1533906400523837
479	90	1.075861985692533
479	100	1.205086512483403
479	110	1.2176029275269067
479	120	1.2016945283196625
480	70	0.7147360600592877
480	80	0.810626769659655
480	90	1.1308691301098488
480	100	1.0451488637970134
480	110	1.1187688646941034
480	120	1.1552039601763175
481	70	0.5541235852413493
481	80	0.7639760233720615
481	90	0.9958834959107974
481	100	0.9715372391761815
481	110	1.007504353040269
481	120	1.0062721593798596
482	70	1.1432591054530576
482	80	1.130589331423347
482	90	1.1939316971661982
482	100	1.193378772048491
482	110	1.105499433537609
482	120	1.08211470676419
483	70	1.1843969154705865
483	80	0.8466834861063545
483	90	0.6496911554946293
483	100	0.7698703515455245
483	110	0.7738964021008579
483	120	0.781629224838313
484	70	2.524929605788702
484	80	2.0438112928400654
484	90	1.4263071683326645
484	100	1.2618917245828494
484	110	1.1722245497902375
484	120	1.094352475000039
485	70	0.8623759688449132
485	80	0.858730315119352
485	90	0.940835939461
485	100	0.9138193957250054
485	110	0.9710093458396973
485	120	0.9983028950585772
486	70	0.6271959269871576
486	80	0.890149807407752
486	90	0.9218680823513841
486	100	0.8846641893743408
486	110	0.9468637354719357
486	120	0.9474449274872468
487	70	0.7183494402410242
487	80	1.121641812001463
487	90	1.4526383544825296
487	100	1.190484570837132
487	110	1.1694224047306863
487	120	1.1906279815702063
488	70	0.6132997905380281
488	80	0.6505546377265412
488	90	0.7326768983546222
488	100	0.7476753353699644
488	110	0.8348449893352861
488	120	0.9053831988012397
489	70	1.6874727502648692
489	80	1.3247159643494484
489	90	1.4454919897378786
489	100	1.0635732133117362
489	110	1.0715130334106704
489	120	1.0739551284058326
490	70	0.6870607801127905
490	80	0.5671835216466926
490	90	0.6283236103602845
490	100	0.6396391165869129
490	110	0.6790854945591555
490	120	0.6977353523465896
491	70	1.9867296659137494
491	80	1.2964262631083807
491	90	0.9093727964129508
491	100	0.8060192067417188
491	110	0.7977006174377663
491	120	0.778454397219849
492	70	1.7992664408274284
492	80	1.723248259543781
492	90	1.6438451362099937
492	100	1.2323838387240325
492	110	1.1085431549295566
492	120	1.0766772760302938
493	70	1.033995936923336
493	80	1.0678948788098952
493	90	0.8273969947307594
493	100	0.8426201012307204
493	110	0.8460408054453904
493	120	0.8648961363481571
494	70	2.143289300584363
494	80	1.2894208653828092
494	90	1.1558683186427383
494	100	1.114449710289589
494	110	1.032557000711586
494	120	0.9992067452132153
495	70	1.1626204687345414
495	80	1.1440022203261844
495	90	1.2315766777474244
495	100	1.3502413698102784
495	110	1.3162058147730236
495	120	1.2549922182279012
496	70	1.6019620085117965
496	80	1.2547174512206438
496	90	0.9650754325135968
496	100	1.0996672713719315
496	110	1.0632347263037831
496	120	1.0180563038855084
497	70	0.4661162526179106
497	80	0.6782041388704938
497	90	0.8446025301956261
497	100	0.8703551482828333
497	110	0.8969589540453244
497	120	0.9279644346712888
498	70	0.4825781395592599
498	80	0.6178879899284829
498	90	0.8691963087365148
498	100	0.8911644628838721
498	110	0.9727338358920385
498	120	1.0175289320925345
499	70	0.34896948704932285
499	80	0.5080741620132373
499	90	0.6401024743015215
499	100	0.7979306461217608
499	110	0.8402825634591685
499	120	0.8717540942220142
500	70	1.340162667392907
500	80	1.2791603146267394
500	90	1.215160419779709
500	100	1.1164113294105837
500	110	1.0879741128408453
500	120	1.0504266735038832
501	70	1.3597433829767132
501	80	1.3541198921765052
501	90	1.1589692190317737
501	100	1.1291892309413123
501	110	1.110634197052576
501	120	1.0842051183593484
502	70	1.6177145777293411
502	80	1.3814633992075251
502	90	1.3439111508566872
502	100	1.2486755457236471
502	110	1.2139900552505676
502	120	1.1665862687345512
503	70	1.5954992449634704
503	80	1.6345126050702978
503	90	1.651717475316748
503	100	1.3355814893781943
503	110	1.2181367949528363
503	120	1.1943070679236234
504	70	1.9594519722582797
504	80	1.3302159936030569
504	90	0.7843372137602991
504	100	0.8241201831134931
504	110	0.7766593785091882
504	120	0.7789123268809084
505	70	1.6118562299786823
505	80	1.346871269448438
505	90	1.1720087049773136
505	100	0.9765078206840941
505	110	0.9684690811013779
505	120	0.9902120234912078
506	70	1.3727852148864959
506	80	1.185837347299662
506	90	0.9228112632867833
506	100	0.9519856011705181
506	110	0.9734876673862449
506	120	0.9659501228854185
507	70	0.3926183414525811
507	80	0.49162148333003575
507	90	0.6321259584100789
507	100	0.6898996129469904
507	110	0.7346359344781771
507	120	0.7596676872991408
508	70	0.945771017231684
508	80	0.8675871612775712
508	90	0.724811030717661
508	100	0.7671538982473889
508	110	0.8253028395139259
508	120	0.8694565452843271
509	70	1.6635818733176224
509	80	1.5444650983127168
509	90	1.1839082291373055
509	100	1.0933295432677297
509	110	1.0488844254999532
509	120	0.9965159422394028
510	70	1.3857540379581814
510	80	0.934976128967834
510	90	0.8564511756785645
510	100	0.8256136090535555
510	110	0.8239266779633739
510	120	0.8251540684103914
511	70	1.5877880471540238
511	80	1.4728779481325447
511	90	1.5633947298707014
511	100	1.2184965375582721
511	110	1.1752552862762151
511	120	1.1079502822659977
512	70	1.5187003569400177
512	80	1.391388099306341
512	90	1.1189210827623708
512	100	0.9189663529299209
512	110	0.9056412945788664
512	120	0.9024293012528637
513	70	1.2091044074388086
513	80	1.1097935807472235
513	90	0.9663004880390841
513	100	0.9394778463832401
513	110	0.9130939346258838
513	120	0.922510380873959
514	70	2.916508425388313
514	80	2.375183242972156
514	90	1.2650632157815278
514	100	1.0576717931764936
514	110	1.0085157489197263
514	120	0.9739933660644118
515	70	1.6577994759296002
515	80	1.8285215539760495
515	90	1.406329396819602
515	100	1.2594458331387675
515	110	1.1393375772208916
515	120	1.0899432021133202
516	70	0.9874376435260024
516	80	1.1914201548429864
516	90	1.0624162993334503
516	100	0.9779377609819012
516	110	0.9955656032665671
516	120	1.0063996058569127
517	70	0.4629555361786482
517	80	0.7098913668013738
517	90	0.9359091129278907
517	100	0.9571659252741903
517	110	0.9711925707659441
517	120	1.0007446606466304
518	70	1.7593953109929412
518	80	1.3921775252121489
518	90	1.1016278532547374
518	100	0.94243325462424965
518	110	0.9925177896957961
518	120	0.9987329140562958
519	70	0.8476028082111059
519	80	1.0046737565102906
519	90	1.0094042732605568
519	100	0.8387294471000913
519	110	0.868865800137358
519	120	0.8838333445980937
520	70	1.2505794208646526
520	80	1.3237406804850564
520	90	1.4907283134780627
520	100	1.5780350013970668
520	110	1.412770246978236
520	120	1.3729967182987222
521	70	0.5118491410159799
521	80	0.6095194912285131
521	90	0.9704700126249879
521	100	1.0290334959837053
521	110	1.068173782413671
521	120	1.1175439437574786
522	70	2.356866452768851
522	80	2.438178393179383
522	90	1.6413301290004645
522	100	1.4950889973507318
522	110	1.3491287240001053
522	120	1.2750244968488056
523	70	2.419014303568175
523	80	1.758136135656988
523	90	1.4804823728559795
523	100	1.3927566899448636
523	110	1.269569633182414
523	120	1.2234294199166882
524	70	0.5821832461296975
524	80	0.7656943701709695
524	90	0.8620335633092607
524	100	0.9515843467637459
524	110	0.9436200125229347
524	120	1.00076623260519
525	70	0.3726930864257549
525	80	0.6101330083068308
525	90	0.9581723920087156
525	100	1.0499090412869034
525	110	1.1377432495160817
525	120	1.1977580910158425
526	70	0.41513940106536773
526	80	0.47631901974238844
526	90	0.6186335467874341
526	100	0.8336305146704963
526	110	0.8799997228304062
526	120	0.9369184920042174
527	70	0.4556241718736042
527	80	0.5121915405130404
527	90	0.683927442928962
527	100	0.8774750272438416
527	110	0.9281904398812071
527	120	0.982509796449915
528	70	0.6244478867970162
528	80	0.659833219397568
528	90	0.7959339976957194
528	100	0.9344315919920452
528	110	0.9957763854575588
528	120	1.0217347501178493
529	70	0.3646561916397846
529	80	0.47209641614491976
529	90	0.6369534060022822
529	100	0.7603843180170918
529	110	0.8114849794262615
529	120	0.8735458872638997
530	70	0.6150613233944857
530	80	0.8132930592292683
530	90	1.0320634730685967
530	100	0.978208373798851
530	110	1.0186114413061989
530	120	1.0054565832773419
531	70	1.5467366358007777
531	80	1.221477293277274
531	90	1.1010434078231541
531	100	1.1038611057646324
531	110	1.1064512029208748
531	120	1.0884689041670088
532	70	1.9941334241372146
532	80	1.4728342078699073
532	90	1.227055257697145
532	100	1.1615815803914613
532	110	1.1392303801330512
532	120	1.1325548352194654
533	70	1.0867064812641396
533	80	0.9128765902720548
533	90	1.0834624599567102
533	100	0.9866251879149529
533	110	0.9743121453059701
533	120	1.0024292361946077
534	70	0.5006070630642481
534	80	0.7731919915422812
534	90	0.8353068214827837
534	100	0.8359166339452445
534	110	0.8604534140600085
534	120	0.8806713573932571
535	70	0.6526210863526499
535	80	0.8260692744262921
535	90	0.7624011036615226
535	100	0.7456159396197001
535	110	0.79638332633297
535	120	0.801165202320293
536	70	2.077100259457888
536	80	1.1556498687801644
536	90	1.0614183237010377
536	100	1.0260324876404487
536	110	1.0330651851452552
536	120	1.0028005740018788
537	70	1.2794603914531082
537	80	0.7944857553679626
537	90	0.7738369167192477
537	100	0.8295347066814385
537	110	0.8330241014859824
537	120	0.848381994861088
538	70	1.9730551839254418
538	80	2.1413351472704525
538	90	1.4692962291362406
538	100	1.2256694321326749
538	110	1.2267103109244957
538	120	1.1801272259594722
539	70	0.7930883661427459
539	80	0.8131216899480185
539	90	0.908757025729317
539	100	1.1168444502742099
539	110	1.169496138014459
539	120	1.173454954065672
540	70	1.8557893420517293
540	80	1.6935114893056629
540	90	1.3425087913874147
540	100	1.3265027433595091
540	110	1.2095933575354552
540	120	1.1854083453893887
541	70	1.4378079771426429
541	80	1.5353856414939178
541	90	1.3468437708889192
541	100	1.1197946160797887
541	110	1.0408897344201837
541	120	0.9989808132009584
542	70	1.168680413526813
542	80	0.7145719103548491
542	90	0.6336760387118304
542	100	0.7652286018567381
542	110	0.7462958067375922
542	120	0.7513679833607853
543	70	1.1994636441760989
543	80	1.2635785110624451
543	90	1.3077644320692872
543	100	1.3499092342067018
543	110	1.3222024471760854
543	120	1.2868016190115716
544	70	0.5202882478099887
544	80	0.5294597739127361
544	90	0.6371464437862685
544	100	0.8310544414104243
544	110	0.8575670557543841
544	120	0.888986617555879
545	70	0.461283312214747
545	80	0.6650922236496907
545	90	0.675664854618809
545	100	0.7827051545486332
545	110	0.7947392520372691
545	120	0.8109891657080384
546	70	0.9139575313800412
546	80	1.117144921772007
546	90	1.2674721575599408
546	100	1.1589110888189003
546	110	1.1764789290086306
546	120	1.154330289995659
547	70	0.8467852966162237
547	80	0.7285048419738693
547	90	0.7117815619666715
547	100	0.8963707028162418
547	110	0.9668912154286358
547	120	0.9813647386610082
548	70	1.5042433796416839
548	80	0.9933494360488135
548	90	0.8010589177074825
548	100	0.9298585828170232
548	110	0.9731635565993629
548	120	0.9640352891580193
549	70	1.9389272590974218
549	80	1.5394938931120967
549	90	1.2818022200220953
549	100	1.1088487285994495
549	110	1.0737259760863374
549	120	1.0541998835829405
550	70	2.0306849134782383
550	80	1.893420093699118
550	90	1.23238251103589
550	100	1.2002570330661946
550	110	1.1385190335784203
550	120	1.0947581790039438
551	70	0.47737587482066
551	80	0.6518599203875126
551	90	0.982440911450839
551	100	1.034790316238408
551	110	1.0381533414281776
551	120	1.0822680863936316
552	70	2.387036984896935
552	80	1.644381300008077
552	90	1.4604033807498096
552	100	1.581878481764673
552	110	1.4203544679110776
552	120	1.3734921562517717
553	70	1.815451447091567
553	80	1.0030772351116863
553	90	1.0808449217274654
553	100	1.1598189104373322
553	110	1.133222713320174
553	120	1.081468702521517
554	70	0.815911688956085
554	80	0.955064907887712
554	90	0.8298404958523695
554	100	1.009529548548104
554	110	1.0710380783661635
554	120	1.0572467618000532
555	70	1.7286890092101528
555	80	1.249820672652558
555	90	0.9098252799516526
555	100	0.8898465873937034
555	110	0.9227593661944148
555	120	0.9293428481931193
556	70	0.3243029255265287
556	80	0.41990765883657155
556	90	0.7002762933883081
556	100	0.7390770498124898
556	110	0.8319551906836847
556	120	0.9080196418657827
557	70	0.5836571154103278
557	80	0.6817567908978949
557	90	0.8352270973687334
557	100	0.9148214356722281
557	110	0.9629505065165723
557	120	1.0131692377016221
558	70	2.251355274759219
558	80	1.7052350741142739
558	90	1.4623067644576266
558	100	1.3666960769586218
558	110	1.2504714656889155
558	120	1.2218124866979432
559	70	1.163523975129595
559	80	1.02046607668194
559	90	1.038367211056834
559	100	0.9980162485333461
559	110	0.9342014665596065
559	120	0.9383076072121586
560	70	0.4465850907616258
560	80	0.7396156311778392
560	90	0.9930509459761502
560	100	1.0414061235987138
560	110	1.0441053858367288
560	120	1.0924551045517608
561	70	0.9945605588252998
561	80	0.7328535876618407
561	90	0.6585838174306331
561	100	0.7855673743531222
561	110	0.7665394285765993
561	120	0.8008190424801511
562	70	1.800927675233747
562	80	1.607590329015375
562	90	1.821168517315787
562	100	1.639908620801248
562	110	1.5910081421762452
562	120	1.4560891392334225
563	70	1.6282465383612204
563	80	1.2343695546931193
563	90	1.1245323505067806
563	100	1.2335844860751282
563	110	1.1794549005972326
563	120	1.1293530284294402
564	70	1.5366034678634004
564	80	1.197890402806369
564	90	1.3416754741191457
564	100	1.3782801046999098
564	110	1.317440159338119
564	120	1.2952419179755457
565	70	1.5708640844512056
565	80	1.5591455368075797
565	90	1.2422823957070281
565	100	1.2649580469201545
565	110	1.1976523212072057
565	120	1.1554319834577444
566	70	1.8165013055331425
566	80	1.6630497971599278
566	90	1.1295097712918982
566	100	1.0815108136472922
566	110	1.0072529641281427
566	120	0.9796243243720073
567	70	1.7014484340640907
567	80	1.1506667347990285
567	90	1.0662226356000293
567	100	0.9549803880281701
567	110	0.9591592270165035
567	120	0.9565678762074995
568	70	1.4512873693604278
568	80	1.2478995435230438
568	90	1.0611942449633551
568	100	1.0211509522635052
568	110	0.9764707306066527
568	120	0.9549533540674179
569	70	1.9885376380003608
569	80	1.877072439864727
569	90	1.1956633002921828
569	100	1.0933073842385181
569	110	1.0369111855211872
569	120	0.9783334779849322
570	70	0.6460626377715182
570	80	0.6277549592552366
570	90	0.7367569599213543
570	100	0.785528484754094
570	110	0.8269800559689144
570	120	0.8638158553286581
571	70	1.3952032278135202
571	80	0.9157956664246699
571	90	1.1053354473711572
571	100	1.1541980244859045
571	110	1.1293342345980817
571	120	1.1302524989284426
572	70	0.4644911857974378
572	80	0.5813018140961956
572	90	0.7835638137452821
572	100	0.9660045663788552
572	110	0.9914354475649394
572	120	1.0327731852044713
573	70	1.537313246533806
573	80	0.9246411856634265
573	90	0.863436672514534
573	100	0.9546149783924793
573	110	0.9358421382172654
573	120	0.9418120520219063
574	70	0.3802454799559814
574	80	0.4600237718742373
574	90	0.5398452595085714
574	100	0.6810085301843661
574	110	0.7295236191590213
574	120	0.8035283917054294
575	70	1.2564658062091387
575	80	0.9953020899942648
575	90	0.9128791910520474
575	100	0.9245139485908751
575	110	0.9178433691545481
575	120	0.9186340195740644
576	70	0.9920657356148576
576	80	1.3267551889198221
576	90	1.4410844214702245
576	100	1.2282873498356421
576	110	1.1389419644478114
576	120	1.124710641707444
577	70	2.0462436235436834
577	80	1.4581948782909528
577	90	1.0841058611910888
577	100	1.0581937985940861
577	110	1.006241252306857
577	120	1.0115103097875644
578	70	2.2042947706542035
578	80	1.846443554798683
578	90	1.160660701423719
578	100	1.2470874593472934
578	110	1.201502463500116
578	120	1.1340738090463667
579	70	0.5077488346881475
579	80	0.6790571910194756
579	90	0.9058493189520701
579	100	0.9820999391875543
579	110	1.028415979171476
579	120	1.0489329750252374
580	70	0.8220017897673045
580	80	0.7973846793513593
580	90	0.7227494437109462
580	100	0.7725481329745232
580	110	0.768281751900163
580	120	0.7638801169780375
581	70	0.5709448075112218
581	80	0.6183783946379282
581	90	0.7693077248602748
581	100	0.9221028682590774
581	110	0.9640383847797034
581	120	1.0075684373813507
582	70	1.4880716305500088
582	80	1.614529146694778
582	90	1.6424876968682443
582	100	1.4616576750504908
582	110	1.3415256599967365
582	120	1.2541360235185244
583	70	0.5615892222761889
583	80	0.7771854122950436
583	90	0.8735183850843928
583	100	0.9721798397214363
583	110	1.0045766224116017
583	120	1.0449986750394793
584	70	0.5682322982454006
584	80	0.5771931622130165
584	90	0.7830690630708679
584	100	0.7440537664867795
584	110	0.7680371522833551
584	120	0.7992773007241256
585	70	0.515676458629724
585	80	0.5821695290773132
585	90	0.8332393743034828
585	100	0.9813002558196137
585	110	1.064474653524452
585	120	1.120159597824983
586	70	2.5791241243220657
586	80	1.8065959652571821
586	90	1.2803408190646854
586	100	1.1046470568601796
586	110	1.0945492071387697
586	120	1.0370999799914298
587	70	1.4095278172202883
587	80	1.058738921480435
587	90	1.159772048211952
587	100	1.1333685519151204
587	110	1.0997620617309358
587	120	1.105172802574515
588	70	1.0634024094344594
588	80	0.8632306157391275
588	90	0.850635150846381
588	100	0.9949312035525225
588	110	1.0199969993519367
588	120	1.0486477227854352
589	70	2.1622626602999686
589	80	1.296504873086405
589	90	1.1340151853399112
589	100	1.0503591002182613
589	110	1.0074924898830508
589	120	0.9985514769756973
590	70	2.176711540329449
590	80	1.246691074967718
590	90	0.8792348557096236
590	100	0.7306534850611018
590	110	0.722143409837037
590	120	0.7190052821736871
591	70	1.8507863967429985
591	80	1.4266029143608434
591	90	1.0014780131581587
591	100	0.9287012573882273
591	110	0.8974815528204867
591	120	0.9111247461731873
592	70	2.4105650844879016
592	80	1.944680054677699
592	90	1.561081997016391
592	100	1.15816236973118
592	110	1.1455006371155727
592	120	1.0869613995763014
593	70	0.710883943275241
593	80	1.075742874912077
593	90	1.2775315735563508
593	100	1.288300439887834
593	110	1.277898323775317
593	120	1.2651842637461714
594	70	1.624201440723179
594	80	1.2259500239866459
594	90	1.1962544923884222
594	100	1.189949726120682
594	110	1.0907631994112377
594	120	1.0753003034659188
595	70	1.6094802949950655
595	80	1.8975467316235695
595	90	1.4881747846580171
595	100	1.2585085045756017
595	110	1.212553582350017
595	120	1.13575804721944
596	70	1.102508010025846
596	80	1.2333096446938938
596	90	1.0033864858919839
596	100	0.8892943283721966
596	110	0.8337848479437243
596	120	0.8353369175970291
597	70	0.48182010787078894
597	80	0.7687154831121721
597	90	0.9864932840652709
597	100	1.1349615678582345
597	110	1.2056171676516636
597	120	1.2314478837883833
598	70	0.5202093912973105
598	80	0.5898833141926147
598	90	0.6222480200435428
598	100	0.7126060937561733
598	110	0.7460733730554354
598	120	0.7795397883216871
599	70	0.6117241899201459
599	80	0.6734195552436706
599	90	0.7035805745305157
599	100	0.7903293800375857
599	110	0.8747026974160683
599	120	0.9347462693635858
600	70	0.7437444013486578
600	80	0.7127357609958264
600	90	0.7084306333023296
600	100	0.781074866894562
600	110	0.823639580895649
600	120	0.8761392564599001
601	70	1.0288430672853681
601	80	0.6967055204161179
601	90	0.7775230160672958
601	100	0.8744883531428358
601	110	0.890375493166116
601	120	0.8986199722996931
602	70	0.5213093506379043
602	80	0.6776927401704806
602	90	0.8766521446170252
602	100	0.8777997994909362
602	110	0.9204230713212592
602	120	0.9321330992419927
603	70	0.6025664185196639
603	80	0.8453714951591783
603	90	0.9272146104141004
603	100	1.0431580099673368
603	110	1.1038676852813243
603	120	1.1014205000141155
604	70	2.148901648883862
604	80	1.5417197257841195
604	90	1.3625162294672781
604	100	1.276505706010398
604	110	1.1550750376868952
604	120	1.1183716869766507
605	70	1.3509861132825902
605	80	1.0606078890559345
605	90	0.9421615346090763
605	100	0.9278445065510343
605	110	0.9339984007573576
605	120	0.963683071221622
606	70	0.644226524788212
606	80	0.9073236992469065
606	90	0.863450270377877
606	100	0.8286705655234088
606	110	0.8720326759007692
606	120	0.8820264414893768
607	70	1.1832783265778422
607	80	0.9269128229006982
607	90	0.9462577349555998
607	100	0.8492846691653361
607	110	0.8542878364537911
607	120	0.871439525582445
608	70	2.539964685173577
608	80	1.7422180366212845
608	90	1.2616813238002365
608	100	1.2714203934576902
608	110	1.1865200297783496
608	120	1.156785099873083
609	70	2.141895691934243
609	80	1.9954806452663876
609	90	1.3229513335768905
609	100	1.0158822440984336
609	110	1.0261087659246784
609	120	1.0087195640987066
610	70	1.4251753206326645
610	80	1.4719594181468045
610	90	1.0298613869612405
610	100	1.0493770871190673
610	110	1.0540886963141558
610	120	1.020331427991408
611	70	1.1247343458543753
611	80	1.0521282727562382
611	90	1.0638105640851607
611	100	1.0747332253452213
611	110	1.0648069543000522
611	120	1.0397864788661184
612	70	1.1406237741907714
612	80	1.2800302882368797
612	90	1.1338485847327924
612	100	0.9752030131186933
612	110	0.9613095591602407
612	120	0.9658000981615601
613	70	1.1250959826452536
613	80	1.2614205483275183
613	90	1.2075232279776815
613	100	1.0173437840311068
613	110	0.997533515480114
613	120	0.9965127243508446
614	70	1.3468465769311146
614	80	1.176928913818152
614	90	1.1076224384317657
614	100	1.1130817772967179
614	110	1.0698499142025075
614	120	1.0405924937416964
615	70	1.476688322383857
615	80	0.9571230525874073
615	90	1.0488180895404442
615	100	1.0369935612786252
615	110	1.0485014779207091
615	120	1.0278924749474083
616	70	0.48259961055574707
616	80	0.6896200099221338
616	90	0.8998996757978586
616	100	0.8493401304255878
616	110	0.9124025002781819
616	120	0.9318769367621642
617	70	0.4281201487943213
617	80	0.6166850794816017
617	90	0.6735787005224185
617	100	0.8471809766533941
617	110	0.8698539018690119
617	120	0.9179602384668747
618	70	1.8480835888446516
618	80	1.8622469852318897
618	90	1.392145226429119
618	100	1.2860076108397198
618	110	1.2101135994725487
618	120	1.1562436089092991
619	70	0.5106967852999412
619	80	0.6933163030809805
619	90	0.8413628579202727
619	100	0.7789174241260712
619	110	0.8541805893420058
619	120	0.9106478484273193
620	70	0.5694046513686288
620	80	0.6618660284013211
620	90	0.7511648250383379
620	100	0.9182673231809778
620	110	0.8915512174279855
620	120	0.9055284027940486
621	70	1.1414871201388532
621	80	0.9932209887791107
621	90	1.1940024302545391
621	100	1.2105449594268163
621	110	1.2050691796321233
621	120	1.1864991931116993
622	70	0.7410720286040401
622	80	0.7014093076653325
622	90	0.8035385123640046
622	100	0.7378995581143689
622	110	0.7887942217814126
622	120	0.8068010252275271
623	70	0.4532892631970637
623	80	0.5983447308573517
623	90	0.6337744542370936
623	100	0.826177889410481
623	110	0.880033226705592
623	120	0.8968357759821773
624	70	0.4121210332125355
624	80	0.7511153493105999
624	90	1.0805913945597847
624	100	1.0402795351714813
624	110	1.0842886845659092
624	120	1.1123115646871276
625	70	1.4047708034233732
625	80	1.691956061987908
625	90	1.615054644132151
625	100	1.2657159254064771
625	110	1.207955001526001
625	120	1.1882161246291916
626	70	0.6665883827707774
626	80	1.0029628775416832
626	90	1.0775651642127795
626	100	1.0017859166414795
626	110	1.0123998140985215
626	120	1.0047184665418971
627	70	0.815366830907907
627	80	0.972793269436283
627	90	0.999107802603594
627	100	1.0309572875857442
627	110	1.0519904569191247
627	120	1.0494701382794704
628	70	2.2514785093480847
628	80	1.885934327404485
628	90	1.455981987722824
628	100	1.3268917174811263
628	110	1.3300087150714686
628	120	1.2485463220979718
629	70	0.49320619321393083
629	80	0.615603917196162
629	90	0.9881160685843288
629	100	0.9969860956088622
629	110	1.0870550544374604
629	120	1.1280037911037237
630	70	1.14357765421595
630	80	0.9308534596716945
630	90	0.7677211780312079
630	100	0.8311153702240957
630	110	0.8512620531885453
630	120	0.8745019597304136
631	70	1.3063423690920468
631	80	1.339012595678618
631	90	1.2064916757259816
631	100	1.0401932949545083
631	110	1.000816990524526
631	120	0.9864699166949058
632	70	2.214590772918239
632	80	1.6086325425429544
632	90	1.1451789238044354
632	100	1.0655192182254445
632	110	1.0513098671850585
632	120	1.001642682406322
633	70	0.633215621165261
633	80	0.8626162889930595
633	90	1.0496013687870867
633	100	0.9179439987408297
633	110	0.9618463643216927
633	120	0.9828723911388456
634	70	1.5298890689591804
634	80	1.3288729184521026
634	90	1.4674710117854208
634	100	1.3152235339232783
634	110	1.2201883812287864
634	120	1.1660543475794436
635	70	2.0360495847761046
635	80	1.4555269757085108
635	90	0.9486612409354525
635	100	1.0231749984855272
635	110	1.0194618098035266
635	120	0.9766758921395347
636	70	1.1465809555235802
636	80	0.8817540518382532
636	90	0.893746849275345
636	100	0.9934087351343741
636	110	0.9641835419819698
636	120	0.9668960842326323
637	70	1.2209197032121404
637	80	1.161714926187801
637	90	1.0163731475184166
637	100	0.8695196025197939
637	110	0.8432874830294436
637	120	0.828440800627164
638	70	1.355645913298785
638	80	0.9806373968534096
638	90	0.9275364078837312
638	100	0.9280445061760842
638	110	0.915580587446471
638	120	0.9177574277946742
639	70	0.9260403500624068
639	80	0.7252103169588381
639	90	0.7211052290566754
639	100	0.8222623438171748
639	110	0.8027219455688477
639	120	0.8126829430878291
640	70	0.5156821201430685
640	80	0.8195046427009558
640	90	0.9993521912761487
640	100	1.139590067813587
640	110	1.161111063433612
640	120	1.1846518066102472
641	70	0.6087023429569789
641	80	1.0351087019180722
641	90	1.2057574300093434
641	100	1.1078924908008123
641	110	1.119758449625808
641	120	1.105752383355954
642	70	1.2902322220805424
642	80	0.8197585676015599
642	90	0.9602493794221407
642	100	0.9493477906246375
642	110	0.9383471087908095
642	120	0.9454818166096682
643	70	1.6699724819841562
643	80	1.2750418449738319
643	90	1.1591152807169136
643	100	1.1400121817899735
643	110	1.046481679857122
643	120	1.004174146098013
644	70	1.2043484638440154
644	80	0.9881595441706852
644	90	0.9882896888456021
644	100	1.0586567266389963
644	110	1.038599397385192
644	120	1.038525003212377
645	70	0.8915300444977337
645	80	0.9086245450818727
645	90	0.9594152235089994
645	100	0.9305321872191276
645	110	0.9402917660843866
645	120	0.9427920648863448
646	70	0.7387003645379533
646	80	0.7545256137079228
646	90	0.799219158348511
646	100	0.8724806956135583
646	110	0.9368870994792562
646	120	0.9546414826434152
647	70	1.657211537149764
647	80	1.111656731173219
647	90	1.1032412767247333
647	100	1.038481219997569
647	110	1.0389862946862412
647	120	1.0429950956823144
648	70	1.512243516693621
648	80	1.5681162312525707
648	90	1.241496662806791
648	100	1.0729995349172248
648	110	0.9731809238672156
648	120	0.9470018109124435
649	70	0.6321898917284737
649	80	0.7327868052819658
649	90	0.702604714303715
649	100	0.7567071148502013
649	110	0.8211447016454744
649	120	0.8527112107342272
650	70	1.2741605693888116
650	80	1.408682163356919
650	90	1.451812955687048
650	100	1.1874885339786174
650	110	1.1391843685147518
650	120	1.118491309501639
651	70	1.8700199931120152
651	80	1.9832879631235665
651	90	1.4430082967491387
651	100	0.99274813165698506
651	110	0.9385365791561786
651	120	0.8941717641335782
652	70	2.139619699672394
652	80	1.5428475858817066
652	90	1.0124447380312862
652	100	0.8518699835935146
652	110	0.8649523928144344
652	120	0.8496546963554015
653	70	0.948721128450447
653	80	1.1134351520089143
653	90	1.092417822036904
653	100	0.9664176055453201
653	110	0.9714024969324574
653	120	0.9537685955492061
654	70	1.1529421384975278
654	80	1.1115697038698944
654	90	1.0056302052556527
654	100	0.9821045252373269
654	110	0.9750281460850491
654	120	0.9703629846340155
655	70	1.137491307821551
655	80	1.061892427723451
655	90	1.1022382941803899
655	100	1.0995368082328751
655	110	1.0398474149378225
655	120	1.0354395602291286
656	70	1.5455822245264528
656	80	0.8758956271647147
656	90	0.8792340222692537
656	100	0.8127339547009512
656	110	0.8210867858241003
656	120	0.81160421679172
657	70	2.276964562139882
657	80	1.5822578034264387
657	90	0.9529531629469282
657	100	0.9069821327929587
657	110	0.8849221415995606
657	120	0.8359278290490989
658	70	0.6131536928411484
658	80	0.7217459853328542
658	90	0.6705812350752437
658	100	0.8214561964178441
658	110	0.8229540520313742
658	120	0.8171295189151591
659	70	1.1170914645618155
659	80	0.9338003837104165
659	90	0.9298741176800485
659	100	0.9565790288126881
659	110	0.9766836797210829
659	120	0.9780491956122531
660	70	1.815948000188447
660	80	1.6175208514084127
660	90	1.3165373149912327
660	100	1.2854487666174685
660	110	1.2590730830369348
660	120	1.2131681946276036
661	70	0.42077286924000196
661	80	0.6934376326809367
661	90	0.9850342946283869
661	100	1.2169755424355342
661	110	1.2419469794436737
661	120	1.262032546127526
662	70	3.153115197368478
662	80	3.1006721769063352
662	90	2.004281844428299
662	100	1.5006453507204587
662	110	1.362455702971898
662	120	1.2745109086660038
663	70	1.3451281184115316
663	80	0.9489851901900495
663	90	0.8569274854604738
663	100	0.9882813172313326
663	110	0.9654730379473148
663	120	0.9783452235542671
664	70	2.1403503426571042
664	80	2.2074235111191305
664	90	2.1728953053086264
664	100	1.6009055705502813
664	110	1.4283402112378094
664	120	1.3546615945571294
665	70	1.0116785496221454
665	80	1.0343183584056945
665	90	1.0745246172620808
665	100	1.0096358653162343
665	110	1.0494077483488375
665	120	1.0435285244072925
666	70	0.4279890030326847
666	80	0.6837320072776083
666	90	0.8173921483072343
666	100	0.8014284263409324
666	110	0.8574514830279765
666	120	0.8792623198563673
667	70	0.6173425701912159
667	80	0.8288835716975641
667	90	0.8966753770324407
667	100	1.0053858091898247
667	110	1.0049737363129598
667	120	0.9876830670765141
668	70	0.502297046747146
668	80	0.5718310128137789
668	90	0.7610260392321766
668	100	0.7599761495097822
668	110	0.7551009080462999
668	120	0.7801151130859078
669	70	1.3363407707829797
669	80	1.2312925976319562
669	90	1.2735894599076585
669	100	1.331636122637797
669	110	1.3137150781020641
669	120	1.2400596028108808
670	70	2.2431320706418973
670	80	1.7817790822735216
670	90	1.4731003142741215
670	100	1.0521285632854205
670	110	1.0423666771236397
670	120	0.9997648816622807
671	70	1.0818084219069983
671	80	0.942969174639049
671	90	0.9520055806698003
671	100	0.9717719704886595
671	110	0.9910014480128815
671	120	0.986448882084188
672	70	1.2328157787981855
672	80	1.1103992773733165
672	90	0.9351681681361471
672	100	0.8124526733402767
672	110	0.7949805225420832
672	120	0.8002767675680723
673	70	0.45691995503179933
673	80	0.5698722993802096
673	90	0.7280351675730793
673	100	0.8409689166096165
673	110	0.8454212219857452
673	120	0.8768320499125658
674	70	0.5355308772826618
674	80	0.8509306921038854
674	90	1.0359499387745126
674	100	1.129465059613131
674	110	1.163366721994247
674	120	1.144087303142501
675	70	1.9106177334326848
675	80	1.7545871405551425
675	90	1.3502171805708352
675	100	1.2224474740938964
675	110	1.144677987009399
675	120	1.093247339275994
676	70	1.0726534651181028
676	80	0.7488682226009588
676	90	0.816009590477529
676	100	0.7508662797423558
676	110	0.7714772740571482
676	120	0.7812659500560348
677	70	1.6981405144072323
677	80	1.7200358495450605
677	90	1.4144310974289258
677	100	1.073014192586574
677	110	1.0585603510854364
677	120	1.0438150770493504
678	70	1.1587789615414377
678	80	1.1291352465782925
678	90	0.9630393253110916
678	100	1.0833936353827807
678	110	1.0459828483866227
678	120	0.9939912567881997
679	70	0.6740973403921713
679	80	0.5508235599575079
679	90	0.6022646200338996
679	100	0.7449452575684863
679	110	0.7952593002892493
679	120	0.8643304798168089
680	70	0.7301665562100264
680	80	0.7008486709433305
680	90	0.6223798026812567
680	100	0.7670798508683322
680	110	0.8255797142945758
680	120	0.8692870241960116
681	70	0.4672329265824526
681	80	0.5878851906506629
681	90	0.8506248157704837
681	100	1.0591179608164876
681	110	1.1143510860444987
681	120	1.167282624208713
682	70	1.651294626116877
682	80	0.9655127818498971
682	90	0.8710080787066886
682	100	0.8347840888665172
682	110	0.8605153443350153
682	120	0.8692959790127243
683	70	0.6186863666600104
683	80	0.711656022074353
683	90	0.9537776282475307
683	100	1.1135421606535907
683	110	1.1047134553187505
683	120	1.1343644309592167
684	70	1.253041671684942
684	80	1.077431010388161
684	90	1.0657049431501195
684	100	0.949879503525238
684	110	0.9456537548221933
684	120	0.9571083200519281
685	70	0.5467537430663203
685	80	0.659508613096595
685	90	0.8075256008289378
685	100	0.9736284183654067
685	110	1.0232353897522863
685	120	1.0539650851757956
686	70	1.2527412643788691
686	80	1.030844430826185
686	90	0.8849127249148565
686	100	0.8980704134581455
686	110	0.8948838936799952
686	120	0.8754270234726593
687	70	3.600876734686461
687	80	1.5545131325044492
687	90	1.1413306618238932
687	100	0.9668127886945779
687	110	0.920694493132321
687	120	0.9026361730101949
688	70	1.4716144030619904
688	80	1.5694863293855257
688	90	1.1663107777169983
688	100	1.0856702547241883
688	110	1.046544938315843
688	120	0.9886665594679548
689	70	0.8304950802972717
689	80	1.0215468540754955
689	90	0.9669411454742938
689	100	0.9397107983406716
689	110	0.8947388628230737
689	120	0.8865887849444293
690	70	0.774110134229467
690	80	0.7497201870089939
690	90	0.9191534401476555
690	100	1.0853545836247926
690	110	1.0759710759512737
690	120	1.0900932859712116
691	70	1.1179041878495388
691	80	0.7693319377169522
691	90	0.860382479425987
691	100	0.850305973763421
691	110	0.8355734796598736
691	120	0.8411694137982003
692	70	0.9600941481073796
692	80	0.698001100923313
692	90	0.8236611824999495
692	100	0.9540719833115078
692	110	0.9435654470025284
692	120	0.9456943222394135
693	70	1.7965780687047088
693	80	1.4802486951197924
693	90	1.096133579641057
693	100	1.0266372367910566
693	110	0.9786540852670704
693	120	0.9848132695842431
694	70	1.1244346977525288
694	80	1.0559739558395076
694	90	0.968935348524218
694	100	0.8562262718371121
694	110	0.8595485838854727
694	120	0.8586378687623427
695	70	1.4543026118359796
695	80	1.5394306041332753
695	90	1.8097291911148676
695	100	1.403688721353163
695	110	1.315947445727182
695	120	1.2673949330797396
696	70	0.9551796787607344
696	80	0.9182953419488833
696	90	0.9713128175285116
696	100	0.9593216793465972
696	110	0.961199708544213
696	120	0.9669956502303811
697	70	1.759098795228053
697	80	1.3971751759314264
697	90	1.2151577597469652
697	100	1.0241749618709572
697	110	1.0030353182030394
697	120	0.9835680181521449
698	70	0.8386282479535296
698	80	1.0266935774954287
698	90	1.046175966026893
698	100	1.2002936790478236
698	110	1.151349483002805
698	120	1.118292344889355
699	70	0.5808056385426479
699	80	0.7699087543297076
699	90	0.6750486826207923
699	100	0.7235908109727471
699	110	0.7707103129879318
699	120	0.7921878071691031
700	70	0.22107263727211246
700	80	0.4240659041341225
700	90	0.7213612986137807
700	100	0.8025550142349446
700	110	0.8829672665605416
700	120	0.9250718872249399
701	70	1.9401247601091127
701	80	1.1245986294037251
701	90	1.0431985969732405
701	100	1.0838033547154562
701	110	1.0732923979580842
701	120	1.0293475003375527
702	70	1.3851082496309843
702	80	0.8433404571168517
702	90	0.8450638161034311
702	100	0.7737457605652464
702	110	0.781407392472863
702	120	0.8188162495593644
703	70	1.3530251455391737
703	80	1.4815116993332589
703	90	1.294658060760373
703	100	1.2755751892558604
703	110	1.2368697538972793
703	120	1.1794625387822137
704	70	1.0059562064343555
704	80	1.0644747542701396
704	90	0.8162437717950912
704	100	0.838531683673919
704	110	0.7940488455677882
704	120	0.8066944582618812
705	70	2.9635335965679164
705	80	1.3548007291441067
705	90	1.2441961704053353
705	100	0.9933894773631765
705	110	0.9665902081774717
705	120	0.9541965198650588
706	70	0.437663601307121
706	80	0.7085179901457994
706	90	1.0179875062568964
706	100	1.08384248744114
706	110	1.144857994365324
706	120	1.1529647033855859
707	70	0.37258288404127615
707	80	0.5873452404901908
707	90	0.6696821622003173
707	100	0.8549104276835928
707	110	0.8764946602507027
707	120	0.9058951713995945
708	70	1.5883828054491598
708	80	1.3108001271985454
708	90	1.3263009973914002
708	100	1.1860782212933476
708	110	1.0895914493240322
708	120	1.06893250538187
709	70	1.20265963954152
709	80	1.2803690448483542
709	90	1.3874247413508318
709	100	1.163233287966743
709	110	1.153751594376311
709	120	1.129948796408915
710	70	2.646614612604172
710	80	1.3852458490681896
710	90	1.2030589541486238
710	100	0.983085058243807
710	110	0.9800615181050831
710	120	0.983307464578588
711	70	0.5314838482401432
711	80	0.7452397626481116
711	90	0.7725692198860047
711	100	0.7551256146934406
711	110	0.8011025074524809
711	120	0.818510686140693
712	70	1.2765068083270592
712	80	1.1965915986659361
712	90	1.160006278076036
712	100	1.0869889309016223
712	110	1.0001899678645627
712	120	0.9561060198143895
713	70	1.7156491059491794
713	80	1.173498345611442
713	90	0.9185101156807287
713	100	0.8436761820348018
713	110	0.7972068554726877
713	120	0.8182952703090758
714	70	0.8302580110806276
714	80	0.7506114191286247
714	90	0.7175467235575465
714	100	0.7695261591411121
714	110	0.7528837112377562
714	120	0.755242676164036
715	70	1.8732916934698818
715	80	1.1086590692159586
715	90	0.991231158110846
715	100	1.1234677549857934
715	110	1.0875361597313036
715	120	1.0819766625036384
716	70	0.42854833674715687
716	80	0.4138619420419591
716	90	0.5417868863754431
716	100	0.6029333405853801
716	110	0.6667776912954705
716	120	0.7179690885542791
717	70	1.0892845474203197
717	80	0.9507145315621138
717	90	0.9870550501157505
717	100	0.9907742140802064
717	110	0.977135897225292
717	120	0.9609497634579389
718	70	0.7283794596350661
718	80	0.6621890719285407
718	90	0.8104553251896394
718	100	0.768659547936873
718	110	0.8140931102213378
718	120	0.8378235360897619
719	70	0.4614407844075216
719	80	0.6842750485779728
719	90	0.8500789052361942
719	100	0.9915603698040053
719	110	0.9917133976551156
719	120	1.0108374374470224
720	70	1.7058899008376947
720	80	1.622818508660041
720	90	1.1955995588359891
720	100	1.0848539114634326
720	110	1.0108465794092267
720	120	0.982121706621246
721	70	1.1070945175615583
721	80	1.2342554304168014
721	90	1.2211579272361004
721	100	1.0223333469057827
721	110	1.0083436275953115
721	120	0.9783179966081506
722	70	1.91640847043548
722	80	1.2251303251360373
722	90	1.2538458232682355
722	100	1.1248088877136415
722	110	1.0792267861113483
722	120	1.04808057335193
723	70	1.3788354023583422
723	80	1.5366081649265775
723	90	1.157538168957585
723	100	1.0661578468881185
723	110	1.017450097853791
723	120	0.9710599929494703
724	70	1.2815782641936904
724	80	1.051705968659024
724	90	1.0024334911559374
724	100	0.882387213357529
724	110	0.8796312214960581
724	120	0.8701176410077687
725	70	1.146539557433248
725	80	0.9375824409574549
725	90	1.0666072843709793
725	100	1.216069774754566
725	110	1.1100807950756972
725	120	1.106056499839216
726	70	3.584231343228192
726	80	1.8342749242928273
726	90	1.2418214821722744
726	100	1.04549920660634
726	110	0.9662489202859916
726	120	0.9571826278062442
727	70	0.8173504043705847
727	80	1.0240885264357293
727	90	0.8491018682974556
727	100	0.8128602012007139
727	110	0.8347098459553044
727	120	0.8247812403829483
728	70	0.8566119722332631
728	80	0.9985183802589691
728	90	1.089720953371656
728	100	1.0783259961739833
728	110	1.1269991280217873
728	120	1.1153554290681655
729	70	0.6127179646405604
729	80	0.6576923632726304
729	90	0.7605758588008756
729	100	0.8491135412978155
729	110	0.8879659584095706
729	120	0.9056255281990684
730	70	1.1298467468150677
730	80	1.155098525801321
730	90	0.989146397152876
730	100	1.048946652405181
730	110	1.0334304602153614
730	120	0.9917525332659807
731	70	1.2281616979898617
731	80	1.369949637864575
731	90	1.289111077348194
731	100	1.0417207658459657
731	110	1.0420723457943502
731	120	1.0175667755065687
732	70	1.0014480955933427
732	80	0.8713996839028054
732	90	0.8515270778832131
732	100	0.970946854845859
732	110	0.9453224094991052
732	120	0.9492833182217346
733	70	0.761394831344348
733	80	0.8150812619831351
733	90	0.8789639312369699
733	100	0.9483669321128617
733	110	0.991225496937731
733	120	0.9930291851894872
734	70	1.2436867490748047
734	80	1.064540413692045
734	90	1.0547342406866276
734	100	0.9726988927046548
734	110	1.0047628310295855
734	120	1.0097896775631925
735	70	1.319480240359422
735	80	1.4713335820362938
735	90	1.033756809147507
735	100	0.9746586507512516
735	110	0.9518076482588551
735	120	0.9074711050404973
736	70	0.5449859426367429
736	80	0.5180938041853376
736	90	0.6861375756471491
736	100	0.7044193602944351
736	110	0.7617828079775687
736	120	0.7948539820780633
737	70	1.7077122697163618
737	80	1.0690802399117962
737	90	1.0130413133505851
737	100	0.9070643140592394
737	110	0.9088775411671867
737	120	0.9143315312060354
738	70	0.48735992993672284
738	80	0.510158620702361
738	90	0.7003019012351708
738	100	0.8386328228955715
738	110	0.9303618064281131
738	120	0.98120591014352
739	70	1.636838737128253
739	80	1.3430652610306733
739	90	1.33514025009572
739	100	1.2222341012064935
739	110	1.1756328705517776
739	120	1.1714951879167637
740	70	1.8666402421664332
740	80	1.4078426396604704
740	90	1.1134640271356828
740	100	1.0450679364476716
740	110	0.9988202228895171
740	120	0.972039072019029
741	70	0.6947376140620765
741	80	0.812281604646286
741	90	0.914099980612178
741	100	0.7930177026093839
741	110	0.8685862701024337
741	120	0.9133749777508348
742	70	2.6308798849412525
742	80	2.3496858274659758
742	90	1.3954088690276591
742	100	1.1484800445783843
742	110	1.0496527677198568
742	120	1.0276349458562308
743	70	1.1737943472046068
743	80	1.4003987789567822
743	90	1.4451161093625142
743	100	1.0827544654454235
743	110	1.0170302849691064
743	120	0.9977441699565592
744	70	2.0350453136941558
744	80	1.1748945001059892
744	90	1.0239909391259931
744	100	1.050525398876747
744	110	0.9767145370754358
744	120	0.9621353121478889
745	70	2.171641216284591
745	80	1.7365307215780277
745	90	1.1987243806819552
745	100	0.9755153281063326
745	110	0.9467184271565499
745	120	0.8896594634413828
746	70	1.168487479278345
746	80	0.9836278731902302
746	90	1.039208109390663
746	100	1.1453002421815959
746	110	1.0632309830130506
746	120	1.0783952524894065
747	70	1.4133570996304425
747	80	1.3755878954749934
747	90	1.182671259814207
747	100	1.0774198488933224
747	110	1.0507050240505182
747	120	1.006751835604066
748	70	0.9485721658866878
748	80	0.80082619005019
748	90	0.8116256072694719
748	100	0.9294256553832736
748	110	0.9460682241851374
748	120	0.9441392842602028
749	70	4.965904903686124
749	80	2.1826210629715797
749	90	1.353322940532208
749	100	1.2341392396914508
749	110	1.143953084156923
749	120	1.1115718729018296
750	70	1.2295312553973217
750	80	1.482476341239509
750	90	1.3963722601102482
750	100	1.1929965038506856
750	110	1.1346013152111958
750	120	1.0673985555905596
751	70	2.9318900207894694
751	80	2.2768831649539774
751	90	1.5216412766739162
751	100	1.1670665263759674
751	110	1.1050922555212854
751	120	1.0452922644523257
752	70	0.9729477877505117
752	80	0.8979695854661973
752	90	1.1251333672155854
752	100	1.0111667785904077
752	110	1.025183295773084
752	120	1.010176754292662
753	70	0.7405363433721637
753	80	1.1642978331723373
753	90	1.0831056845377713
753	100	0.9384361275235243
753	110	0.9314578675608878
753	120	0.9465370991871164
754	70	0.9473633448534
754	80	0.9330289093416241
754	90	0.8457379535884233
754	100	0.9743893692954771
754	110	0.9955358891134025
754	120	1.0131952804289324
755	70	0.44749418717843054
755	80	0.5145250061746492
755	90	0.6473886609532675
755	100	0.8035968546424285
755	110	0.8247853293938227
755	120	0.8553494211866497
756	70	1.044174818562182
756	80	1.0455322895842891
756	90	0.9380477536241214
756	100	0.9217364299837483
756	110	0.931256624181372
756	120	0.9233714008092975
757	70	0.5969889377558102
757	80	0.9021888906611967
757	90	0.8967244227950779
757	100	0.899470800410438
757	110	0.9075865779387278
757	120	0.9232858060785163
758	70	0.5439525650483412
758	80	0.5870035082474506
758	90	0.8231442670276173
758	100	0.9336926436129581
758	110	0.9758901754950884
758	120	1.0030047811849185
759	70	1.2328397232725092
759	80	1.3536283594164367
759	90	1.3670245428472922
759	100	1.120482031632372
759	110	1.1217479998609132
759	120	1.0843990281127016
760	70	2.813262439285132
760	80	2.817199010806456
760	90	1.6675792020109923
760	100	1.2146572083908507
760	110	1.1230708005183094
760	120	1.0929074478428817
761	70	0.6276061192575922
761	80	1.0180527526831353
761	90	1.2608693882215867
761	100	1.1576486104084318
761	110	1.1961267625237932
761	120	1.2023963070038677
762	70	1.3224796681884308
762	80	1.1792044545819846
762	90	1.0829924546968392
762	100	0.9221825431727178
762	110	0.9196525175172275
762	120	0.9029406636465058
763	70	1.0667643637621669
763	80	0.9872876929144331
763	90	1.11160758368219
763	100	1.0443073940356042
763	110	1.0438032064515481
763	120	1.0200320865075232
764	70	1.2082990537348657
764	80	0.9010086861115033
764	90	1.0134125347388092
764	100	0.9690121668051331
764	110	0.9519436942898387
764	120	0.9700103393671198
765	70	1.5895224506690682
765	80	1.2381919194669582
765	90	1.2847009652443513
765	100	1.1749981517066455
765	110	1.0538961838531888
765	120	1.0193661465262505
766	70	1.564519104776128
766	80	1.8079118946832138
766	90	1.5949299831825434
766	100	1.445855154185388
766	110	1.4260329318963558
766	120	1.3541535859071863
767	70	0.774158977720047
767	80	1.0255659263737193
767	90	1.1216241936531428
767	100	1.0622224486991998
767	110	1.077449612859761
767	120	1.0486225924102177
768	70	1.1971626384557756
768	80	0.8199799152083348
768	90	0.7753395510229013
768	100	0.892880718415178
768	110	0.8801899510820761
768	120	0.8806248445686484
769	70	1.9152431967431762
769	80	2.1152861078693097
769	90	2.0695162830282396
769	100	1.5301546901118925
769	110	1.3616033544833928
769	120	1.2967023599265912
770	70	1.7193589185574747
770	80	1.376690558366158
770	90	1.1952299910021447
770	100	1.1169973916961609
770	110	1.0866174838481748
770	120	1.070676526486821
771	70	0.4911214248137127
771	80	0.818656186613687
771	90	0.9422780155896852
771	100	1.0362051613510446
771	110	1.0476272210157733
771	120	1.0525932636614133
772	70	2.8447851543302023
772	80	2.9963249024486798
772	90	1.732729304911623
772	100	1.336282741490216
772	110	1.2353451650074092
772	120	1.1384219313058754
773	70	1.889092315001708
773	80	1.4792616014754842
773	90	1.082755611215742
773	100	1.0051680195974355
773	110	0.9817455912874685
773	120	0.9542801756062816
774	70	2.05710678066514
774	80	1.8542795264199796
774	90	1.2409384296246402
774	100	1.247053538014843
774	110	1.153821281386146
774	120	1.148015849821768
775	70	0.6850457825159371
775	80	1.0459413144730878
775	90	1.0494603364803021
775	100	1.1168642874607269
775	110	1.1719767054024177
775	120	1.1475074460395294
776	70	0.6289168697845395
776	80	0.6854908955382291
776	90	0.7942858296470099
776	100	0.8011921175003412
776	110	0.8548379026908193
776	120	0.8868669522374856
777	70	2.0351929863957623
777	80	1.5878373034955864
777	90	1.2294270945710226
777	100	1.1474570417266334
777	110	1.1179382372122608
777	120	1.0623725914951587
778	70	1.219099624459526
778	80	1.0133201871125326
778	90	0.9261101942579868
778	100	0.8316383137260326
778	110	0.8119872431701067
778	120	0.7997898530612277
779	70	0.5258744462210955
779	80	0.6594611287174197
779	90	0.7283317193151093
779	100	0.9070508324403878
779	110	0.9400189816149648
779	120	0.9648454417472404
780	70	1.4427829314370086
780	80	1.289740644894633
780	90	1.211547644780924
780	100	1.1247646560047224
780	110	1.0560207788721707
780	120	1.0300175985735198
781	70	1.831609207902897
781	80	1.3533608512971589
781	90	1.4200182754541097
781	100	1.3329266203092376
781	110	1.2183385543303542
781	120	1.1971523317805384
782	70	1.4757956832593095
782	80	1.5482702570558604
782	90	1.4371573113150502
782	100	1.3059737430153366
782	110	1.1942536793117766
782	120	1.1816095913943323
783	70	1.848685232051919
783	80	1.1959144279166987
783	90	1.0654720730058962
783	100	1.091433046746246
783	110	1.0530285581671879
783	120	1.015650209342941
784	70	0.5158263061501607
784	80	0.8353977702530251
784	90	1.0405303554941774
784	100	1.090014653256112
784	110	1.0542949417648746
784	120	1.057755460216181
785	70	0.8310321848943661
785	80	0.9292761012035685
785	90	0.9443390226986479
785	100	1.1136886987283707
785	110	1.1355897994320017
785	120	1.15025945840787
786	70	0.7231866443992693
786	80	0.8765688542416983
786	90	0.901322501589384
786	100	0.9299094961119776
786	110	0.9621691481333554
786	120	0.9790870841576599
787	70	1.6390043976236814
787	80	1.8172938229200315
787	90	1.2841071096775996
787	100	0.9962567931676879
787	110	0.9731333636708724
787	120	0.9482119890160479
788	70	0.48716844137697685
788	80	0.6731142748824303
788	90	0.7239119241398306
788	100	0.9031561663642653
788	110	0.9590632226108848
788	120	0.9891962285757785
789	70	1.359638879756479
789	80	1.5108628739609369
789	90	1.1348124645652593
789	100	1.0647937632141449
789	110	1.0259005524711848
789	120	1.0202650310611845
790	70	1.379399928361681
790	80	1.0505330644784487
790	90	0.8771147871527007
790	100	0.9230462292783527
790	110	0.9285731717285433
790	120	0.9589850952770202
791	70	0.5151031746776311
791	80	0.6870948983643866
791	90	0.7662932889475818
791	100	0.7444705631861411
791	110	0.7561537682456028
791	120	0.7886925383292696
792	70	1.9558214991100291
792	80	1.2381162609301204
792	90	0.9852096606232179
792	100	1.020581249806742
792	110	1.0323551537105211
792	120	1.0349058617028333
793	70	1.3378673665625438
793	80	1.0764303142752456
793	90	1.128559364319048
793	100	0.9920605278986138
793	110	0.9659685746617538
793	120	0.9821262865360996
794	70	1.7012147689544206
794	80	1.1098434546116922
794	90	0.8803413384902405
794	100	0.8051147082232847
794	110	0.7909844690856077
794	120	0.810905469821999
795	70	1.8242809840120664
795	80	2.1163069053747514
795	90	1.5408885944765127
795	100	1.0727964469636861
795	110	1.0248731659735169
795	120	1.0044940187838614
796	70	1.338567278168649
796	80	1.153639099419496
796	90	1.3521980493317072
796	100	1.0605653054356636
796	110	1.0800679898235523
796	120	1.064972817206094
797	70	1.2435283105559958
797	80	0.8315003032838231
797	90	0.8743522700330487
797	100	0.8716832921216823
797	110	0.8611295272416286
797	120	0.860214356189929
798	70	1.9156005347458986
798	80	1.3963540176295985
798	90	1.3855245013085984
798	100	1.1929754941865158
798	110	1.1171083221972955
798	120	1.0727324343695706
799	70	2.164502653010345
799	80	2.113650389034868
799	90	1.2132150905930512
799	100	1.1274371094829492
799	110	1.0621117759192444
799	120	0.9957946421713743
800	70	0.37531127194833447
800	80	0.5540001302304737
800	90	0.79147284448638
800	100	0.9306324015583104
800	110	0.9982344868501676
800	120	1.0184706650261808
801	70	0.6312763072389375
801	80	0.7277499580277905
801	90	0.8699591571858146
801	100	1.0284810342240593
801	110	1.025839307769402
801	120	1.0673528324236177
802	70	0.6047238496904748
802	80	0.735603011283504
802	90	1.0183857130327956
802	100	0.9755342987341199
802	110	0.9931809926379987
802	120	1.0148802712795109
803	70	1.6627952552631178
803	80	1.525488430017878
803	90	1.3452226030013663
803	100	1.3019224104190419
803	110	1.2163785914314011
803	120	1.1776922961724685
804	70	2.07129734799996
804	80	1.9392321525926617
804	90	1.8499141818348106
804	100	1.7991020349133602
804	110	1.7015547808854807
804	120	1.560887015718743
805	70	2.3632641011246824
805	80	2.1413161903349094
805	90	1.2523488961039693
805	100	1.2215679801087749
805	110	1.1553879248801744
805	120	1.087349102296105
806	70	0.4540806966245854
806	80	0.45370905766735625
806	90	0.6548972922203233
806	100	0.850116885310272
806	110	0.9332003576798792
806	120	0.9666019474948193
807	70	3.1297624577070913
807	80	1.5368648140706542
807	90	1.4388119778205912
807	100	1.3480301917377187
807	110	1.3244059142393476
807	120	1.2592874398183493
808	70	1.4209132346445486
808	80	1.6758204042863682
808	90	1.3218764995990262
808	100	0.9720488654057405
808	110	0.9498370943782927
808	120	0.9346156315702704
809	70	0.5590063929857022
809	80	0.7850497319715343
809	90	0.8083601332123527
809	100	0.9728927202531248
809	110	1.0223791668505715
809	120	1.036471232639332
810	70	2.2173966657486717
810	80	1.2469639310316702
810	90	1.121712443795685
810	100	0.8544897712239677
810	110	0.8815846798514215
810	120	0.8997452524134251
811	70	1.408646957162291
811	80	1.1591200259473473
811	90	1.034111269734341
811	100	0.9557929615675468
811	110	0.9435493948533852
811	120	0.9513363989126016
812	70	2.1404502910870407
812	80	1.5435191411515088
812	90	1.259554073539026
812	100	1.224843218949195
812	110	1.1999704020135344
812	120	1.1803925812420089
813	70	1.6094048138672632
813	80	1.5831054305748207
813	90	1.06979590933877
813	100	0.9989842741893923
813	110	0.9786924779612837
813	120	0.9686815254182939
814	70	1.8759539675848458
814	80	1.1326103065727473
814	90	1.0584786834607054
814	100	1.0209342007228381
814	110	1.0110474511708565
814	120	1.0217159168716274
815	70	0.47068939060485315
815	80	0.7241011267795068
815	90	0.947558061118556
815	100	0.9194070471012067
815	110	0.9895977947695734
815	120	1.0227386574986161
816	70	0.6992225010813266
816	80	0.7641186773020336
816	90	0.829803886639003
816	100	0.7561794369226152
816	110	0.7563823096942585
816	120	0.7809727503561007
817	70	0.6110127518384962
817	80	0.728826574504565
817	90	0.7310951841666651
817	100	0.7613637785203865
817	110	0.8058511890945621
817	120	0.8377953583366352
818	70	0.42869653706590677
818	80	0.6522111939611337
818	90	0.9411769810867187
818	100	0.9350297314491981
818	110	0.9972072822818375
818	120	1.0440518271414216
819	70	2.0843733158299895
819	80	1.5900820203915869
819	90	1.4056948557263123
819	100	1.3528499329729688
819	110	1.1973781608544656
819	120	1.1196722472684368
820	70	2.220720178248203
820	80	1.7994962980826807
820	90	1.315152521576412
820	100	1.168828778453026
820	110	1.077763139377198
820	120	1.032323383004277
821	70	1.5396280760826202
821	80	1.3127252969562855
821	90	1.3595032675581995
821	100	1.3464135187053665
821	110	1.2643202856186446
821	120	1.2141456568062432
822	70	1.973700118888327
822	80	1.1251382485144592
822	90	1.0762254331580423
822	100	1.0353010543546657
822	110	1.0063256595120185
822	120	1.0088337528947273
823	70	0.5422510346360011
823	80	0.60647206366331885
823	90	0.7379395984882774
823	100	0.8099943666673406
823	110	0.8989920026253037
823	120	0.9474238265306921
824	70	2.784736066838619
824	80	1.656460115123586
824	90	1.3051812771389926
824	100	1.1544694970353646
824	110	1.0993888230897084
824	120	1.0869164290822668
825	70	2.2889023253508847
825	80	1.6788965958191815
825	90	1.4922338239384887
825	100	1.3251845548096652
825	110	1.219640378749491
825	120	1.1503149549422675
826	70	0.23225966113389596
826	80	0.4047835796857436
826	90	0.626504591279954
826	100	0.816279314750754
826	110	0.8532264379240813
826	120	0.8994938518907205
827	70	0.5079739175583098
827	80	0.6042708792588459
827	90	0.6850675474265858
827	100	0.7535953267261503
827	110	0.7957193048712748
827	120	0.8294909755110336
828	70	2.4446359848403993
828	80	1.95279551904621
828	90	1.351964450804052
828	100	1.1269251633451083
828	110	1.0859402929644395
828	120	0.9982856509780816
829	70	0.6550656459783611
829	80	1.0001289628559165
829	90	1.0958460015309097
829	100	0.9944699087195348
829	110	0.9433756325561392
829	120	0.9334930046863472
830	70	1.4332960133418753
830	80	0.877933642168652
830	90	0.9231737927096992
830	100	0.8413136169414868
830	110	0.8937889175960629
830	120	0.9082537384461806
831	70	1.3035622704281835
831	80	0.8446665900774953
831	90	0.8738465740720961
831	100	0.8690112435124786
831	110	0.8942993282099033
831	120	0.9019215427319996
832	70	1.9371383287325354
832	80	1.4028235367235797
832	90	1.1498181147346187
832	100	0.94423414532538
832	110	0.9718675157705136
832	120	0.9622921398277742
833	70	0.33157017496479063
833	80	0.5302681834382011
833	90	0.6235549644647115
833	100	0.6698991545491794
833	110	0.7059212208632462
833	120	0.7490429710006312
834	70	1.015935862872171
834	80	0.8049983097896597
834	90	0.8963925078197174
834	100	0.8391097098166271
834	110	0.851307800371662
834	120	0.8597807866764281
835	70	0.41153858185282044
835	80	0.4199382983418701
835	90	0.6196322938696516
835	100	0.6351109721489668
835	110	0.6718196011554984
835	120	0.7235225063983565
836	70	0.7294864820711433
836	80	0.8415255001112024
836	90	0.860480319734657
836	100	0.9448133378714035
836	110	1.0153676466845927
836	120	1.025564013694806
837	70	0.7340110605094404
837	80	1.093281797806458
837	90	1.0330135728796075
837	100	1.1761368095221956
837	110	1.2279844573844785
837	120	1.2122894985957422
838	70	0.5571512319487444
838	80	0.7521558165594783
838	90	1.1574237065065613
838	100	1.038015050689663
838	110	1.026200582224974
838	120	1.0454419891017293
839	70	4.9866078239459615
839	80	1.8196810282616733
839	90	1.1822359173010388
839	100	1.086382928109494
839	110	1.0421934561878958
839	120	1.0122391690892802
840	70	1.3282090281188823
840	80	1.4570982733569433
840	90	1.378259996063108
840	100	1.3112243679125026
840	110	1.1594769252900432
840	120	1.1008458758003865
841	70	0.49605530790640734
841	80	0.7372456687276989
841	90	1.0178298699039388
841	100	0.9279778555083514
841	110	0.9374171765286085
841	120	0.9844434642945317
842	70	0.5596008273404743
842	80	0.6815860342001357
842	90	0.636857001992331
842	100	0.69374889968781694
842	110	0.7153266191545834
842	120	0.7323399096046269
843	70	0.4731892318104378
843	80	0.5616003186259484
843	90	0.6458241198470985
843	100	0.7187513494164763
843	110	0.7673747038983734
843	120	0.8001422136470082
844	70	0.5992192418455478
844	80	0.6525384261700721
844	90	0.7912780050518478
844	100	0.9301680093094089
844	110	0.9781215203361999
844	120	1.0107904998522823
845	70	2.641489853413673
845	80	1.2876248755631503
845	90	1.219185371403104
845	100	1.0778193279310877
845	110	0.9859485399422623
845	120	0.9608396976898579
846	70	0.4423562635176275
846	80	0.7459966597260543
846	90	0.8421560393864882
846	100	0.9242060228745329
846	110	0.9331378463049664
846	120	0.9807372893835457
847	70	2.005190251212722
847	80	1.9995836519911176
847	90	1.331509322846515
847	100	1.2006104953294545
847	110	1.1358403921236173
847	120	1.0793634800405627
848	70	0.5254431784342254
848	80	0.5394589131528121
848	90	0.5732742980947754
848	100	0.68717409327108
848	110	0.7450739613303884
848	120	0.7812219116617204
849	70	0.5775243648976567
849	80	0.6452911570403534
849	90	0.7732224746064644
849	100	0.8346788043099581
849	110	0.8654248621225327
849	120	0.906893875170684
850	70	1.5117135209023156
850	80	1.4443626769382714
850	90	1.4220708492361995
850	100	1.3644140920511851
850	110	1.3132707972990754
850	120	1.248038858296482
851	70	0.5025014077385281
851	80	0.44546284551935283
851	90	0.5429091978374921
851	100	0.7130675898584763
851	110	0.772259073673205
851	120	0.7930371493097683
852	70	0.5836407957703454
852	80	0.8750599472539559
852	90	1.1800776225594596
852	100	1.3500914215708744
852	110	1.3567898048081297
852	120	1.3614557825476197
853	70	0.4871892280448389
853	80	0.6750224801019633
853	90	0.907019417590323
853	100	0.9819896454908003
853	110	1.0000666487593945
853	120	1.0311851427523147
854	70	0.5328776768710599
854	80	0.7476995225306876
854	90	0.9295637173560781
854	100	0.9179265046594702
854	110	0.9560605154862206
854	120	0.9837201369145225
855	70	0.7687992514162519
855	80	1.0156166754669271
855	90	0.7739912865094125
855	100	0.806892015521411
855	110	0.8250706919948063
855	120	0.8059911697749774
856	70	2.619831177605389
856	80	1.8195884105528253
856	90	1.22360354374439
856	100	1.0776452221675532
856	110	0.9985871279004036
856	120	0.9362418613346652
857	70	1.6194209622469433
857	80	1.490937564980129
857	90	1.5849772644232005
857	100	1.5212304925977844
857	110	1.4700622185163368
857	120	1.4152762600794675
858	70	1.3816884978405433
858	80	1.1779802976034779
858	90	1.0431970889557902
858	100	0.9582725109527301
858	110	0.9515884897855968
858	120	0.9194261538735813
859	70	2.161686906811717
859	80	2.121101325822412
859	90	1.334860000224977
859	100	1.2497660491515217
859	110	1.0912863735776575
859	120	1.0140646528603154
860	70	0.9027239485964484
860	80	1.0831329371320406
860	90	1.0914185519069473
860	100	1.026113425747677
860	110	1.0080531049248256
860	120	0.9739372397913237
861	70	1.1353329511334118
861	80	1.061618787223382
861	90	0.9996483207924178
861	100	1.0230749562005577
861	110	1.0017151929842165
861	120	0.9799653752550188
862	70	0.7720838731224834
862	80	0.9082657150796809
862	90	0.9934271910873823
862	100	0.9200693843075626
862	110	0.8891826224267055
862	120	0.8935500681387264
863	70	1.2861037050766104
863	80	0.8750913219177784
863	90	0.8574196466347347
863	100	0.812982932001718
863	110	0.8171602308969155
863	120	0.8180337116452536
864	70	1.4665978576742564
864	80	1.062357833158627
864	90	1.075897912617305
864	100	1.1129889269021436
864	110	1.0744458375798371
864	120	1.0901222963531338
865	70	1.99368722663416
865	80	1.218810123730317
865	90	0.846381603524227
865	100	0.9094488211517325
865	110	0.8765235307139775
865	120	0.8458018318921862
866	70	0.5692637020355723
866	80	0.6774900923784326
866	90	0.7153363403583785
866	100	0.8470583473674614
866	110	0.8776487041445983
866	120	0.8803179467116533
867	70	1.5068722004685955
867	80	0.9968737884970483
867	90	1.0976070897140142
867	100	1.037608604103251
867	110	1.0128690979734174
867	120	1.013755282972077
868	70	0.3121628540026216
868	80	0.5833987176834804
868	90	0.6755656513402435
868	100	0.8051362104455715
868	110	0.8663512507051021
868	120	0.9098673817466538
869	70	0.5460039682130298
869	80	0.7538544969754453
869	90	0.9391498494813816
869	100	0.8492801939416589
869	110	0.9258265685802776
869	120	0.9301043306490638
870	70	0.7514513385063821
870	80	0.9697811189724962
870	90	0.9303678355378738
870	100	0.9614841835904568
870	110	0.9882975987654554
870	120	0.9997701117514243
871	70	0.45846087318191564
871	80	0.6771843739580274
871	90	0.789121987845828
871	100	0.9480093307492403
871	110	1.0013064898074837
871	120	1.0246940360655667
872	70	1.390858937873434
872	80	1.6507556426791674
872	90	1.326895737053349
872	100	1.1609783803911817
872	110	1.1535159208940386
872	120	1.1011673685091878
873	70	1.2319999743339336
873	80	1.032522453264027
873	90	0.8506480319346563
873	100	0.8421301245775472
873	110	0.845512360343499
873	120	0.8230905052907218
874	70	1.967836115781784
874	80	1.073621106103805
874	90	1.0566014749352197
874	100	1.1856170290888186
874	110	1.1483706514597067
874	120	1.131622185378513
875	70	0.751715367290082
875	80	0.7492669283813341
875	90	1.00120316298031
875	100	0.9257506111858116
875	110	0.9742526317425674
875	120	0.9975431484204063
876	70	1.1891779256692223
876	80	1.0748411757253826
876	90	0.9210016218162537
876	100	0.9167264997814832
876	110	0.9281750296807636
876	120	0.9266633913777471
877	70	2.8974251114959704
877	80	1.9072971821539713
877	90	1.4207816698666131
877	100	1.0576142519789766
877	110	1.0505539774729615
877	120	1.0128333616438367
878	70	1.8291312226908079
878	80	1.8620015969516839
878	90	1.33004017272709
878	100	1.1327451038930447
878	110	1.0111532405729058
878	120	0.9802254373693936
879	70	2.029185589210622
879	80	1.4844033804884236
879	90	1.1836689849731528
879	100	1.1832035741545126
879	110	1.1219200362369306
879	120	1.1210051547704714
880	70	1.6753902466756945
880	80	1.7486860314553638
880	90	1.1173715373706414
880	100	1.1063312502426919
880	110	1.0906033098004335
880	120	1.035993620698066
881	70	4.142351800707294
881	80	1.4509510929258949
881	90	0.9990191603274905
881	100	1.0334047566008722
881	110	0.9828325144821676
881	120	0.9586871219641195
882	70	1.4858281946129184
882	80	1.3859861544253427
882	90	1.1220119373378874
882	100	0.9690388460033196
882	110	0.9878575688195692
882	120	0.9841367875782061
883	70	0.5734682747473911
883	80	0.8641056816024327
883	90	1.0662914732868252
883	100	1.165030888690335
883	110	1.1675948379162284
883	120	1.1640006031801662
884	70	1.8505434404083283
884	80	2.085773657528666
884	90	1.3830746860190892
884	100	1.1625222350364819
884	110	1.1270294662077824
884	120	1.0832051741592281
885	70	2.3052420507716724
885	80	1.081302879557842
885	90	0.8734325723307804
885	100	0.9177045110606363
885	110	0.8984668564431687
885	120	0.9009321590304
886	70	1.7598499245611756
886	80	1.2282221535038482
886	90	1.085032849154146
886	100	1.1543048486503111
886	110	1.1338209643738746
886	120	1.1430342209958984
887	70	2.0460339225457007
887	80	1.6689889606661343
887	90	1.3551634745998185
887	100	1.2740659928064224
887	110	1.1885153141147782
887	120	1.107080822152445
888	70	2.2037649405651543
888	80	2.0322595464968383
888	90	1.6156975870909538
888	100	1.4617236430835823
888	110	1.3369929046761317
888	120	1.281143408720526
889	70	0.46395779234071155
889	80	0.6725563292297321
889	90	0.9159931764736271
889	100	1.0563324954740962
889	110	1.1003938888796945
889	120	1.1278892195714918
890	70	1.799714858171202
890	80	1.265353982045427
890	90	0.9846315171846838
890	100	0.930842517081272
890	110	0.9027200116859002
890	120	0.8739536212663487
891	70	1.0819715420422806
891	80	1.1187538607809697
891	90	1.0135729066792596
891	100	0.9871795048896804
891	110	0.9741524760339562
891	120	0.9256204714179442
892	70	2.323094998658317
892	80	2.0011053853487017
892	90	1.448992159282658
892	100	1.1944807917435698
892	110	1.1767016947184348
892	120	1.1017347680227925
893	70	1.2106494462123973
893	80	0.8136035826561349
893	90	0.812159254654185
893	100	0.8341983376215018
893	110	0.830151481333408
893	120	0.8295998530055506
894	70	0.9649199404946516
894	80	0.960361870987322
894	90	0.9680403747300946
894	100	0.9966523918111181
894	110	0.9900049558453589
894	120	0.9882368987474388
895	70	1.3417520330452177
895	80	1.0043936297948195
895	90	0.8797858256905624
895	100	0.9389071276431573
895	110	0.9677234877943752
895	120	0.9604459669045553
896	70	0.4263914804953014
896	80	0.6293079886735369
896	90	0.8039010267900655
896	100	0.9574679136368897
896	110	1.0022371410922255
896	120	1.0507004009977297
897	70	0.8688998875739724
897	80	1.2819149727963928
897	90	1.2525047028128409
897	100	1.1565654561466479
897	110	1.094637825779133
897	120	1.0739356387657515
898	70	3.239565180219347
898	80	1.973573776080237
898	90	1.3998036219463843
898	100	1.2654866948748524
898	110	1.1904870746660179
898	120	1.155292154212124
899	70	0.8159106903703548
899	80	1.1885606365763042
899	90	0.985924951753398
899	100	0.9991316437221417
899	110	0.9552190056669568
899	120	0.9493041399492942
900	70	1.8957845737558479
900	80	1.4990564167860139
900	90	1.4213189726290225
900	100	1.3321094184162514
900	110	1.2681166488949003
900	120	1.2105086962430651
901	70	1.0908576911360282
901	80	0.9627844962681592
901	90	1.1316437397619654
901	100	1.0870076788694893
901	110	1.1087091251729
901	120	1.0929328014809114
902	70	0.9423548199998578
902	80	1.0099674316197986
902	90	1.0372338439721815
902	100	0.9166322785026466
902	110	0.8919345789800238
902	120	0.9065691314028343
903	70	2.4078715461834133
903	80	1.1889951051669767
903	90	0.8671550445945873
903	100	0.9682454179323318
903	110	0.9342754457815304
903	120	0.9191163882552128
904	70	1.5394852583313345
904	80	1.2559162411519347
904	90	1.1606272324409692
904	100	1.2340566261017576
904	110	1.1299953841947759
904	120	1.0587520066618794
905	70	1.4106245120000531
905	80	0.9969021538917086
905	90	0.8042438108094702
905	100	0.821256474945419
905	110	0.8404459566244049
905	120	0.8664363956117024
906	70	1.9749013096110482
906	80	2.1672035455629186
906	90	1.788666091891146
906	100	1.613876111912767
906	110	1.4480484040256314
906	120	1.374136030232005
907	70	0.37731954146154306
907	80	0.6620694468069301
907	90	0.9032750039390232
907	100	1.032658555956552
907	110	1.0725609299975079
907	120	1.0886379554127639
908	70	0.48341781254553645
908	80	0.6317235687610796
908	90	0.8339603518606209
908	100	1.012332313182261
908	110	1.0634210570712437
908	120	1.071458058010676
909	70	1.0841243742937585
909	80	1.3354631643019879
909	90	1.2652456580028546
909	100	1.096407220873795
909	110	1.0875613045593364
909	120	1.0392468869984808
910	70	0.5255529285271536
910	80	0.8234375725860802
910	90	0.9346443824952044
910	100	1.1261378214161313
910	110	1.1697678696073242
910	120	1.171923357804881
911	70	0.5174749310809951
911	80	0.5348471524352623
911	90	0.6759416078480307
911	100	0.8368042150672612
911	110	0.9082040512967953
911	120	0.9635507816095928
912	70	0.6322292199021168
912	80	0.7113719020654339
912	90	0.8088356053508722
912	100	0.8570638246682099
912	110	0.8894251146270664
912	120	0.9051961139373986
913	70	0.5020845912011355
913	80	0.6080281731385039
913	90	0.7048019596365197
913	100	0.7716645205401292
913	110	0.8540943308199063
913	120	0.8945197818126599
914	70	0.5719137949250245
914	80	0.8546792294724983
914	90	0.9251104056699452
914	100	1.0457047379485584
914	110	0.9973348522635893
914	120	0.9971000269241119
915	70	0.3865721313091543
915	80	0.5165002227738362
915	90	0.6443814236502048
915	100	0.77847765771396
915	110	0.8697807837656986
915	120	0.9215960381210578
916	70	1.3108217769801427
916	80	0.8334199823293137
916	90	0.7916416286739059
916	100	0.9265375258226081
916	110	0.9153549965789601
916	120	0.9015548058607336
917	70	2.5935474734592026
917	80	2.3245640011163005
917	90	1.7155061472926858
917	100	1.4170025192542026
917	110	1.3160457640441992
917	120	1.2400724958052398
918	70	1.791064780042244
918	80	1.8400470343237805
918	90	1.3878133677257172
918	100	1.5127282994569982
918	110	1.352371270491255
918	120	1.2864514528697915
919	70	0.7733800210119784
919	80	0.8087448674518336
919	90	0.9593063692646754
919	100	0.974819278425007
919	110	0.9650593993576373
919	120	0.9665604238170901
920	70	2.7823617244206122
920	80	1.8727135283540197
920	90	1.3129920006390081
920	100	1.0207409193317338
920	110	0.9828889393578217
920	120	0.9653608238212238
921	70	0.5023233462758626
921	80	0.7265294690474059
921	90	1.0295444497442108
921	100	1.089464695772007
921	110	1.1463291412293453
921	120	1.17524736239451
922	70	0.4932932413970859
922	80	0.6062225493793216
922	90	0.7388423841946029
922	100	0.9228432368952094
922	110	0.9654718186577074
922	120	0.992743428959116
923	70	0.8665751153567179
923	80	0.9921211104588665
923	90	1.1258195719732647
923	100	1.1780342259506955
923	110	1.1643465189659525
923	120	1.1383325324269031
924	70	0.3843281901826842
924	80	0.6514759735598235
924	90	0.7100529212390536
924	100	0.79232189589448
924	110	0.8387077649266318
924	120	0.8791515429559221
925	70	1.3293021552444775
925	80	1.4213256041517879
925	90	1.3641857084867453
925	100	1.4665685054939641
925	110	1.3471639258743187
925	120	1.2789518468878467
926	70	1.5177850410791178
926	80	1.2074440682525782
926	90	1.2944696513442253
926	100	1.3440477338867127
926	110	1.2491421772972477
926	120	1.2356208470375367
927	70	0.4161129718764085
927	80	0.5479965417772834
927	90	0.6659465306198613
927	100	0.7633514750735503
927	110	0.7864839510065765
927	120	0.7999843041420969
928	70	0.44573718268389195
928	80	0.6918723712693586
928	90	0.9937792394075057
928	100	1.157827249885014
928	110	1.2330398464087102
928	120	1.2406907760550367
929	70	0.6895402559525358
929	80	0.8078499584287531
929	90	0.9460023392015985
929	100	0.9409445209469264
929	110	0.9335153630894218
929	120	0.9507397304315651
930	70	1.3596439166918446
930	80	1.0032364265788645
930	90	0.9387840145047824
930	100	0.8595772704419572
930	110	0.8903643087917174
930	120	0.9098069303170894
931	70	0.6361822369289745
931	80	0.7900719389054012
931	90	0.9369212897381743
931	100	1.0724281887901905
931	110	1.0932272029572367
931	120	1.1228406172026548
932	70	0.5502606250682907
932	80	0.554832750029081
932	90	0.7640713461164065
932	100	0.9368215956648922
932	110	0.9857654819053957
932	120	1.0540630438868908
933	70	1.3333418883098094
933	80	1.082044648134423
933	90	0.9910230391854439
933	100	0.8965443326022545
933	110	0.8980389262038067
933	120	0.898349922376456
934	70	1.5766141516302101
934	80	1.155154610267529
934	90	1.3025170541344004
934	100	1.0672557446101534
934	110	1.0478517097854074
934	120	1.0742374678300084
935	70	1.1130472406179241
935	80	1.1455750020732038
935	90	0.9584011630265921
935	100	0.8526107435820992
935	110	0.8198718404537501
935	120	0.8080381064332914
936	70	1.9381999862850854
936	80	1.801551042801679
936	90	1.6541960783559948
936	100	1.2543857650727053
936	110	1.2415021282754701
936	120	1.1925848777495913
937	70	0.47323107595764674
937	80	0.4284273900665624
937	90	0.5903994368696066
937	100	0.7705170169602713
937	110	0.7963996852188194
937	120	0.8320166503175027
938	70	1.881618971325215
938	80	1.921530842810102
938	90	1.248558427978816
938	100	1.0314759843043944
938	110	0.9360096011240812
938	120	0.9038043279613409
939	70	0.8634154431503589
939	80	0.7785854425618042
939	90	0.9431248184370253
939	100	0.9610381781155678
939	110	0.9695389510075538
939	120	0.970639434608295
940	70	1.3644117802101223
940	80	0.8706352007146917
940	90	0.8827469786080767
940	100	0.9863853066705253
940	110	0.9549615193563069
940	120	0.9387442801914881
941	70	1.601146026476387
941	80	1.7429491406832534
941	90	1.3502750577741862
941	100	1.1162809967498972
941	110	1.0208388485653697
941	120	0.9802716487081106
942	70	1.2937339653976463
942	80	1.0365678781744283
942	90	0.8374122560856919
942	100	0.9205221153375743
942	110	0.9092705575757605
942	120	0.8804005351838501
943	70	1.5113177106195699
943	80	1.427682330358747
943	90	1.2046748559057894
943	100	1.2783970084308192
943	110	1.1896039151367417
943	120	1.1876050648914622
944	70	1.2365344640923859
944	80	1.3335383805134962
944	90	1.2395916017945028
944	100	1.2111474486388318
944	110	1.1208361580955226
944	120	1.0808841106362248
945	70	2.00752870805659
945	80	1.8409825973084875
945	90	1.2578522809502195
945	100	1.0844297669132728
945	110	1.0189236353480151
945	120	0.9903159363653826
946	70	1.678114354038764
946	80	1.5598778853578883
946	90	1.1493561134910768
946	100	0.9879520966092882
946	110	0.9440055581538002
946	120	0.9217037986550622
947	70	2.2189443629411634
947	80	1.283715160965863
947	90	1.063946546228605
947	100	0.8140486404386256
947	110	0.7790079118487175
947	120	0.7805851459306704
948	70	0.556353938071722
948	80	0.6416374842376299
948	90	0.7263077790184093
948	100	0.690814429796821
948	110	0.7298200211372616
948	120	0.7789816088771252
949	70	1.63391483248498
949	80	1.3085576287628586
949	90	1.0669149400455742
949	100	1.101235801391155
949	110	1.0309351276703447
949	120	0.9867239662603239
950	70	1.438745549806278
950	80	1.2072087088992711
950	90	1.1777690463589388
950	100	0.9847048827789422
950	110	0.9868601330992626
950	120	0.9983316978863173
951	70	1.2922634494673308
951	80	1.49855250861656
951	90	1.3581409806022309
951	100	1.3581624498455942
951	110	1.3849175963317806
951	120	1.346646792881313
952	70	0.674013071181213
952	80	0.7279338303965451
952	90	0.726473832663331
952	100	0.8101550106730567
952	110	0.8518179764292078
952	120	0.891285117194879
953	70	1.6905287059648342
953	80	1.1861633202817012
953	90	1.0395287636893626
953	100	1.1676582624541456
953	110	1.1473240008737788
953	120	1.1109850088060558
954	70	1.1657231956165552
954	80	1.2370505118915651
954	90	1.0544735291673488
954	100	1.0623932976070916
954	110	1.0639539831680909
954	120	1.0391219895565937
955	70	1.2052647946637802
955	80	0.9043767232014189
955	90	1.0437914736999496
955	100	0.9844708518741575
955	110	0.9397749799401578
955	120	0.9405859790123917
956	70	0.41090399690037066
956	80	0.4833564532294879
956	90	0.6243749545062769
956	100	0.7508298073959672
956	110	0.8149225820950322
956	120	0.8558747106847316
957	70	1.4703618671463223
957	80	0.8577646489653611
957	90	0.7999970240764265
957	100	0.9153027579204976
957	110	0.9163762019187237
957	120	0.92725335321851
958	70	2.276865713737751
958	80	2.5604317224823663
958	90	1.9050564100355336
958	100	1.615255598786369
958	110	1.4553518574662367
958	120	1.349119744155818
959	70	1.3630277359786531
959	80	1.249713505488601
959	90	1.200231798562232
959	100	1.314304728336217
959	110	1.2957574806006102
959	120	1.2206602472199066
960	70	1.5078421197389462
960	80	1.434814398820695
960	90	1.1358528948360245
960	100	1.2152233310442129
960	110	1.1371387949477347
960	120	1.0996387897232145
961	70	1.0513412931661295
961	80	1.2616094153435817
961	90	1.3566041979369978
961	100	1.3291823317867684
961	110	1.291784146114059
961	120	1.262340006845502
962	70	1.086924233243957
962	80	1.1021963880256418
962	90	1.0128189408982968
962	100	0.9885563375682563
962	110	0.9803821034469007
962	120	0.9333737556866358
963	70	0.7110537536331286
963	80	0.6927849765631372
963	90	0.7271126877822767
963	100	0.729333037568092
963	110	0.7541217633766168
963	120	0.7822487999561518
964	70	0.9719825440086314
964	80	1.0097732549968317
964	90	1.0452204727604217
964	100	1.1339210205849546
964	110	1.0548000255232464
964	120	1.0183262970948692
965	70	0.8264567546203189
965	80	0.6683719164039015
965	90	0.784030971659962
965	100	0.8082036092224386
965	110	0.8383019359213901
965	120	0.8843767932982055
966	70	1.7067076122998757
966	80	1.1435096926182593
966	90	0.8549260603834622
966	100	0.8949918448409974
966	110	0.9142529529410638
966	120	0.9154463660122013
967	70	1.2924773278760038
967	80	1.1299760731297988
967	90	1.20360598278782
967	100	0.8964597674652703
967	110	0.8704914161911574
967	120	0.8481070350284676
968	70	0.37383493459240263
968	80	0.6244111256148472
968	90	0.7936222626125291
968	100	0.7768674949501894
968	110	0.8242482791526181
968	120	0.8534735737155642
969	70	2.2490570532632153
969	80	1.8223300470043322
969	90	1.4835253923697247
969	100	1.1422386266646614
969	110	1.1117660399347806
969	120	1.0518544837159427
970	70	0.4641826280714142
970	80	0.5491180933387434
970	90	0.6055143810892032
970	100	0.6921966252232838
970	110	0.7344580284220903
970	120	0.7817640376942023
971	70	1.1075539204842213
971	80	1.0513164437536973
971	90	0.9718745679290445
971	100	1.033778485606607
971	110	1.0617421713607584
971	120	1.042686822532492
972	70	1.6538691775853647
972	80	1.4095185892407098
972	90	1.0346291951965956
972	100	0.880617558322346
972	110	0.887292253718907
972	120	0.8795459304904947
973	70	1.7679322804902287
973	80	1.9237519339250753
973	90	1.5092127882630904
973	100	1.1128545766650564
973	110	1.065378604313826
973	120	1.0226272718189646
974	70	2.1590378204189435
974	80	1.661294345749405
974	90	1.3705219189329598
974	100	1.174360389687804
974	110	1.121877540090065
974	120	1.0759749031858743
975	70	1.1578796577585135
975	80	1.1128668545465619
975	90	1.071881091662954
975	100	1.106806295813151
975	110	1.0960815470120107
975	120	1.0498607152339472
976	70	2.0295348700778737
976	80	1.194062471840842
976	90	1.0366415480216669
976	100	1.076822559334637
976	110	1.0962354064133604
976	120	1.0868390758811672
977	70	1.5887899966170127
977	80	1.4673719934254734
977	90	1.258335067657716
977	100	1.2816119684208935
977	110	1.2062343730073906
977	120	1.1461488601454723
978	70	0.4320498748805544
978	80	0.7576653910161184
978	90	0.879893520395563
978	100	0.9966039112333247
978	110	1.0405994018522895
978	120	1.0356595729618543
979	70	0.4951870252007015
979	80	0.8271587818937459
979	90	0.8676768988235523
979	100	1.0095270390509865
979	110	0.9908777616529542
979	120	0.9885379479163772
980	70	1.0606860642751597
980	80	1.1416125349804596
980	90	1.0202477617962553
980	100	1.0392994905254855
980	110	0.9905416299878725
980	120	1.0113912568747496
981	70	1.6543115265165647
981	80	1.6529318036555105
981	90	1.1026214608574292
981	100	1.0683035182788934
981	110	1.0133402902974513
981	120	0.9815732680867445
982	70	1.7265569496425501
982	80	1.7495133675681034
982	90	1.5491414369449048
982	100	1.4821296219431837
982	110	1.37209325061675
982	120	1.3010305826228061
983	70	1.567576524793697
983	80	1.2692050413755318
983	90	1.261754759512574
983	100	0.971424036601887
983	110	1.0006459453897023
983	120	1.012211051961863
984	70	0.5961288445503062
984	80	0.9396210271190248
984	90	0.9921433594749096
984	100	1.0906718561187778
984	110	1.1307960955139837
984	120	1.11648717665418
985	70	0.5733594025092703
985	80	0.5637615744363463
985	90	0.7011809812539209
985	100	0.7016167941120048
985	110	0.7694490776010889
985	120	0.819219564570526
986	70	1.2818599265197437
986	80	1.1756979657556674
986	90	1.4269239797228763
986	100	1.2922225887521188
986	110	1.2728740491765642
986	120	1.260043083745678
987	70	0.8271718723620817
987	80	0.7554737614627507
987	90	0.8374636259482808
987	100	1.0127234700432215
987	110	1.0390708590845004
987	120	1.0487999371376477
988	70	0.723501807752064
988	80	0.8162563398466866
988	90	1.0760956653518412
988	100	1.144630467109139
988	110	1.2055170555295245
988	120	1.2292695849012394
989	70	1.5652752611610372
989	80	1.5303687448625236
989	90	1.4035213205828634
989	100	1.33199399198323
989	110	1.2132576692680128
989	120	1.161279002085484
990	70	0.5206771160729935
990	80	0.80450018299274
990	90	0.8940015347660555
990	100	1.0909703904335362
990	110	1.055958671292509
990	120	1.053379525870689
991	70	2.6167330153272244
991	80	1.4831084447781107
991	90	1.129646696940145
991	100	1.0731639978185414
991	110	1.0371712626210896
991	120	1.0185115648342289
992	70	1.76960297518179
992	80	1.3650320166247472
992	90	1.1939475114924907
992	100	1.069919855497946
992	110	1.0072035251171099
992	120	1.0023319042547336
993	70	1.3811192522782403
993	80	1.0605491707771642
993	90	0.9452810309429871
993	100	0.789395423696317
993	110	0.7751534077247262
993	120	0.7933626381904246
994	70	0.8853013083240044
994	80	0.6893891781272284
994	90	0.8110572844469075
994	100	0.8330596815929376
994	110	0.8596131559262654
994	120	0.8772422124654383
995	70	0.9368388396174222
995	80	0.914692276042507
995	90	0.9874106806374155
995	100	1.0560129280766546
995	110	1.084948284767626
995	120	1.0802591744664432
996	70	0.6194635258997682
996	80	0.8720616629306892
996	90	0.8878191652452029
996	100	1.0702235319696127
996	110	1.1087667001197778
996	120	1.1109469850981586
997	70	1.6101976712366288
997	80	1.274674778134729
997	90	1.091897851989757
997	100	0.939334688709963
997	110	0.9141869119494364
997	120	0.8915965289974536
998	70	0.9663570371658727
998	80	1.1659798818749574
998	90	1.296555715902324
998	100	1.2937911455971975
998	110	1.2793257197355927
998	120	1.221740229250686
999	70	1.1728430050595333
999	80	1.1348789742202043
999	90	1.232480948499279
999	100	1.2972640383097747
999	110	1.3018151856329376
999	120	1.25255018714454
1000	70	1.7684624798707558
1000	80	1.370632935440823
1000	90	1.1924368267343202
1000	100	1.138186920855898
1000	110	1.0798212071216131
1000	120	1.059100224947372
1001	70	0.5671764558281182
1001	80	0.62991252319258
1001	90	0.849082095092413
1001	100	0.8176011073440428
1001	110	0.8639918874784216
1001	120	0.904334276761323
1002	70	1.2700240035285428
1002	80	1.2093759765698593
1002	90	0.9657179551183672
1002	100	1.0041579344411906
1002	110	1.0064915083126151
1002	120	0.972654615295307
1003	70	1.5416992375579317
1003	80	1.1950713834641145
1003	90	1.144142636704912
1003	100	1.1833913175989739
1003	110	1.1443175514734534
1003	120	1.123091569204127
1004	70	0.7383064044170324
1004	80	0.8344349886982716
1004	90	0.6984287325190621
1004	100	0.796904250633688
1004	110	0.8621341309001055
1004	120	0.8813123395820436
1005	70	1.7800939445465
1005	80	1.0330148282840237
1005	90	1.0129834284378032
1005	100	0.9126196251166395
1005	110	0.8957241936134488
1005	120	0.8529631067622082
1006	70	1.348325420235327
1006	80	1.5201559274116292
1006	90	1.1850231626957828
1006	100	0.8793360629055216
1006	110	0.8788223262043829
1006	120	0.8627121976115654
1007	70	1.9497866961138246
1007	80	1.7809224641200319
1007	90	1.4465165213492672
1007	100	1.3346648202701479
1007	110	1.1852862211164477
1007	120	1.1358758415046548
1008	70	1.3977819622148844
1008	80	1.5937251091830253
1008	90	1.3611727548972614
1008	100	1.0463019391783124
1008	110	0.9498572059873038
1008	120	0.9189515323828865
1009	70	0.42784489769851086
1009	80	0.4249936011338551
1009	90	0.5359824050716543
1009	100	0.7097404763547585
1009	110	0.7378294171318671
1009	120	0.7710282266331432
1010	70	1.4958629879577179
1010	80	1.5725609451610676
1010	90	1.535325281013143
1010	100	1.2619675595550748
1010	110	1.2024632404748086
1010	120	1.145035696859148
1011	70	1.0280799973307027
1011	80	1.1534165233888474
1011	90	0.923190222985639
1011	100	0.9406239804296274
1011	110	0.9367188144117018
1011	120	0.9165173151686968
1012	70	0.9761881598383612
1012	80	1.166900722853181
1012	90	0.9968787554782136
1012	100	0.9409503645005216
1012	110	0.9234326045701037
1012	120	0.9188116608496081
1013	70	1.4771381092384483
1013	80	1.607576921604667
1013	90	1.6189555362512766
1013	100	1.1766536155854597
1013	110	1.145156415573799
1013	120	1.1115086494509563
1014	70	1.420631751167362
1014	80	1.1797181087249606
1014	90	1.2151006515728926
1014	100	1.153476272357196
1014	110	1.090235409538335
1014	120	1.059312859634165
1015	70	0.28392167091586384
1015	80	0.5290480781014225
1015	90	0.7094546935614154
1015	100	0.8456384035742682
1015	110	0.8534346270108683
1015	120	0.8908076200493178
1016	70	1.3073566538565207
1016	80	0.9489357390434864
1016	90	0.9807622475177874
1016	100	0.9876148248627722
1016	110	1.0060730377725418
1016	120	1.0381247035768375
1017	70	0.8959917818764039
1017	80	0.9125450066255478
1017	90	0.9598649438890157
1017	100	0.9763659509795626
1017	110	0.9291406385248672
1017	120	0.9391524616197289
1018	70	0.5505197775077201
1018	80	0.8065531622368449
1018	90	0.9933349418869577
1018	100	1.2138285902127313
1018	110	1.1878620555697708
1018	120	1.2183651531241788
1019	70	1.1552766523510867
1019	80	1.1458522915397042
1019	90	1.0805918279370539
1019	100	1.0909132125708574
1019	110	1.075178254219592
1019	120	1.0565541308745148
1020	70	1.4612379731272047
1020	80	1.3641408841407359
1020	90	1.3151313927505666
1020	100	1.1443202627213611
1020	110	1.0796102088591895
1020	120	1.0200418132126376
1021	70	1.4544864253888705
1021	80	1.6399270465639992
1021	90	1.60784463766254
1021	100	1.3246110368966708
1021	110	1.3248578969027378
1021	120	1.2712171775044825
1022	70	0.5687173886681673
1022	80	0.6684790800232487
1022	90	0.8759717089282351
1022	100	0.9346191998273343
1022	110	0.959932015023303
1022	120	0.9980266615526329
1023	70	1.445714251183155
1023	80	1.2585836739275098
1023	90	1.3127350860901141
1023	100	1.1988979266406001
1023	110	1.1177286793706023
1023	120	1.0734308167072617
1024	70	1.3032278468164422
1024	80	1.1063849308469773
1024	90	1.1483486824553704
1024	100	1.186026910958792
1024	110	1.2008628381292117
1024	120	1.1575922422701508
1025	70	0.4786380214049074
1025	80	0.7677664234553768
1025	90	0.8455620336229042
1025	100	1.034370488590194
1025	110	1.1049291422747636
1025	120	1.1115311681029827
1026	70	0.46954927814805225
1026	80	0.6836748212920759
1026	90	0.7541896442953155
1026	100	0.8164150287712785
1026	110	0.8879145245993959
1026	120	0.9187460753905943
1027	70	0.6086376984862637
1027	80	0.6626532865553567
1027	90	0.9250493447822122
1027	100	1.1404914588828041
1027	110	1.1570397842486841
1027	120	1.2104533709234206
1028	70	2.137545391208217
1028	80	1.2400972997233348
1028	90	1.1445364352806084
1028	100	0.9892115026485707
1028	110	0.9569267529922179
1028	120	0.9277786755645635
1029	70	1.9222525626684999
1029	80	1.9777814071973205
1029	90	1.6847850250202514
1029	100	1.2728364078416756
1029	110	1.2302123329270056
1029	120	1.17458316679959
1030	70	1.3450715403075673
1030	80	0.8877217513896718
1030	90	0.8745617913323509
1030	100	0.8195695279116861
1030	110	0.848528640788266
1030	120	0.8687629523461146
1031	70	0.5094381394339034
1031	80	0.685596852429129
1031	90	0.8383569793713707
1031	100	0.9888518584079169
1031	110	1.0146085458042247
1031	120	1.0177247492836587
1032	70	1.8239951456088712
1032	80	1.820906036709165
1032	90	1.195663708091134
1032	100	1.0985808110014794
1032	110	1.0457513965102265
1032	120	1.0285927102810983
1033	70	1.5296933041906624
1033	80	1.403884853264915
1033	90	1.1852810872880002
1033	100	0.954290345098279
1033	110	0.9633106946971308
1033	120	0.9702539824185125
1034	70	1.9373244150712015
1034	80	1.4996220892788947
1034	90	1.1543080440549838
1034	100	1.0121936042743498
1034	110	1.0231853949436474
1034	120	0.9865505579003102
1035	70	1.098333915564564
1035	80	1.0643071047047525
1035	90	1.2239690097018534
1035	100	0.9916247019292436
1035	110	0.9786791532756931
1035	120	0.9709840735089487
1036	70	0.34977485733434405
1036	80	0.48960831633195095
1036	90	0.72875529099804
1036	100	0.7992720618409934
1036	110	0.846715098446379
1036	120	0.8554797203753897
1037	70	0.6726069821154068
1037	80	0.7588703062893115
1037	90	0.7369309635508277
1037	100	0.8879004163638867
1037	110	0.9266907011343403
1037	120	0.950481078595961
1038	70	1.6225217668648422
1038	80	1.0905103392690674
1038	90	0.9292500393587141
1038	100	0.736294789308125
1038	110	0.7519840171382606
1038	120	0.7732357424358807
1039	70	2.0320074607883045
1039	80	1.5253570262062839
1039	90	1.2608241682026458
1039	100	1.0510868711828685
1039	110	0.998127590679899
1039	120	0.9544021070124407
1040	70	2.1015633579371737
1040	80	1.8431863513682996
1040	90	1.0759677954612814
1040	100	1.0245073014688209
1040	110	0.9632954281682949
1040	120	0.9224227685906716
1041	70	0.6064555860771215
1041	80	0.7214105853801882
1041	90	0.7614570034329102
1041	100	0.9844411040810406
1041	110	1.0675640093806833
1041	120	1.0968832826372097
1042	70	1.8323876918470137
1042	80	1.7429844940936103
1042	90	1.3417796595456977
1042	100	1.13189521237776
1042	110	1.0665510320836955
1042	120	1.0318690074658927
1043	70	0.3783648827257748
1043	80	0.4879009446184817
1043	90	0.6800939450806832
1043	100	0.7715709955697416
1043	110	0.837336978265898
1043	120	0.8745713190473774
1044	70	0.513080124120567
1044	80	0.7263064751727182
1044	90	1.044370991313771
1044	100	1.0449207295020893
1044	110	1.0794592210714498
1044	120	1.0999759655954593
1045	70	1.349519881773519
1045	80	1.2792964612436892
1045	90	1.2715732737129961
1045	100	1.3115858519308696
1045	110	1.305350470669219
1045	120	1.2363739077329436
1046	70	0.6013557221341996
1046	80	0.6582692829545248
1046	90	0.691521511780676
1046	100	0.6759778204331447
1046	110	0.7342420660514068
1046	120	0.7636732598043231
1047	70	1.2364826836443026
1047	80	1.0595658556687932
1047	90	1.0333531589009666
1047	100	0.9546950402297959
1047	110	0.9740431494233246
1047	120	0.984794053793158
1048	70	0.5337176605243517
1048	80	0.5873839664505488
1048	90	0.6567447017621072
1048	100	0.7327292741337017
1048	110	0.7932105251486019
1048	120	0.847269576618818
1049	70	0.5889088448949206
1049	80	0.6769251533516581
1049	90	0.8566352774796283
1049	100	0.9691215202448844
1049	110	1.0029159605611813
1049	120	1.0401817570291045
1050	70	1.850997553428641
1050	80	1.1651117536203242
1050	90	1.0770310123059497
1050	100	1.0295238787747316
1050	110	0.9722609743859576
1050	120	0.9670503160352564
1051	70	1.2459286916103507
1051	80	1.3141890739293507
1051	90	1.2424390265612697
1051	100	1.26963567673724
1051	110	1.236664026533086
1051	120	1.1808970109984667
1052	70	0.4328336623911259
1052	80	0.5487735662921563
1052	90	0.7558659259389999
1052	100	0.7981129838145994
1052	110	0.8174702401150852
1052	120	0.8565750491721141
1053	70	1.0305968620032604
1053	80	0.9385047185985691
1053	90	0.8811951717505234
1053	100	0.7906290004270639
1053	110	0.8172517499424818
1053	120	0.8526362402859997
1054	70	1.0378461389879265
1054	80	1.0113177535453024
1054	90	1.0898599486042158
1054	100	1.033234584649392
1054	110	1.0001481687748666
1054	120	0.971600708521978
1055	70	1.3735657142497337
1055	80	1.5725699452508388
1055	90	1.3015963438015523
1055	100	1.1397878975830278
1055	110	1.1389517510207368
1055	120	1.1059398461716035
1056	70	1.073921882165279
1056	80	1.0310640633678332
1056	90	1.1198302260626813
1056	100	0.9862227136125475
1056	110	0.9891752325498894
1056	120	0.9530249445244218
1057	70	0.9668895002276199
1057	80	0.931947908235151
1057	90	1.0707134520783679
1057	100	1.2071104032583833
1057	110	1.206250365612328
1057	120	1.1544241768790526
1058	70	1.2768378272345358
1058	80	0.7986001301604123
1058	90	0.8932881988254396
1058	100	0.9284417027336717
1058	110	0.9100137892682342
1058	120	0.9365274277918929
1059	70	1.7412490363961286
1059	80	2.1276544311021937
1059	90	1.5173907773612434
1059	100	1.2684996586040573
1059	110	1.1547633194610905
1059	120	1.0992148862174587
1060	70	2.6003943864654895
1060	80	1.2570528931624803
1060	90	1.1400505874585496
1060	100	0.8818122361295148
1060	110	0.8926018223753523
1060	120	0.9005267464530289
1061	70	0.643621872669674
1061	80	0.9985292441427792
1061	90	1.108471698554799
1061	100	0.9572859101286444
1061	110	0.9652025805585859
1061	120	0.960566777968816
1062	70	0.5288034416605112
1062	80	0.7255574782654318
1062	90	0.8624505465297965
1062	100	0.8419416580999842
1062	110	0.8597930381325053
1062	120	0.8916498774016488
1063	70	0.7907765090073702
1063	80	0.8521075230253143
1063	90	0.9886877132691361
1063	100	1.119750238508276
1063	110	1.135390367631935
1063	120	1.1370766710960236
1064	70	1.6252446045293267
1064	80	1.2137991474204064
1064	90	1.1177778589516802
1064	100	0.9018955805728531
1064	110	0.8849837328360916
1064	120	0.8501095990821134
1065	70	1.4938843888791213
1065	80	1.2182281689715788
1065	90	1.2462962105468582
1065	100	1.2094863422560347
1065	110	1.1176929500642705
1065	120	1.0576195651006175
1066	70	1.5570227339977734
1066	80	1.0033227349880545
1066	90	0.8690007222583063
1066	100	0.9702669197935098
1066	110	1.0076253520103868
1066	120	1.0411980240132042
1067	70	2.1920820462420365
1067	80	1.8912995218971302
1067	90	1.2792237982189882
1067	100	1.2401069235539517
1067	110	1.2084873747138283
1067	120	1.16104688644575
1068	70	1.6871776137589287
1068	80	1.9370441526552848
1068	90	1.7808723898984031
1068	100	1.308293173844017
1068	110	1.2163170242599388
1068	120	1.1533107195688714
1069	70	1.55565646615031
1069	80	1.2631158584919764
1069	90	1.1882099968716195
1069	100	1.144657290485804
1069	110	1.152541116782029
1069	120	1.134705204395627
1070	70	0.34003437412777704
1070	80	0.6267731788121866
1070	90	0.923201763451507
1070	100	1.149425562371559
1070	110	1.167535621969406
1070	120	1.1822031921626142
1071	70	2.0467755741017535
1071	80	2.1725103646859054
1071	90	1.5371421838171926
1071	100	1.3596639718467523
1071	110	1.260931463705126
1071	120	1.2064624388915537
1072	70	1.2738076161194
1072	80	1.3798363062757237
1072	90	1.2434266197081218
1072	100	1.1132479641772544
1072	110	1.0961850889919458
1072	120	1.0632133308409009
1073	70	1.5234363094550745
1073	80	1.4762325500924518
1073	90	1.0931383401538577
1073	100	1.026882484188249
1073	110	0.9906032582963076
1073	120	0.9757621070861086
1074	70	1.781207187824398
1074	80	1.1845351787788458
1074	90	1.253644747187849
1074	100	1.1695980357147961
1074	110	1.206455478933213
1074	120	1.228563955144217
1075	70	1.252221494778378
1075	80	1.1360979318018856
1075	90	1.0688889523072773
1075	100	1.0097736114558222
1075	110	0.959588045936861
1075	120	0.9130744304631904
1076	70	1.5057736011149372
1076	80	1.6476084752264482
1076	90	1.5106602110007572
1076	100	1.4839561259217462
1076	110	1.3133368296281802
1076	120	1.2312453080531027
1077	70	1.3689582653929095
1077	80	1.3244641610985917
1077	90	0.9888075154521094
1077	100	1.0689663607055453
1077	110	0.9617033670994617
1077	120	0.9279535191369181
1078	70	1.1471160008706882
1078	80	0.8091683538628552
1078	90	0.950418572952111
1078	100	0.9261327945458318
1078	110	0.9319271652350047
1078	120	0.9401950835730841
1079	70	0.47753688093566604
1079	80	0.6234111795550367
1079	90	0.879728684212562
1079	100	0.9322514920146819
1079	110	0.9679907652061553
1079	120	0.9916051579584214
1080	70	0.6699987149846197
1080	80	0.7982666770423018
1080	90	0.8231586133751696
1080	100	0.8226712504659502
1080	110	0.8274210662574017
1080	120	0.865844769946719
1081	70	0.4811311720984806
1081	80	0.7472109394394314
1081	90	0.9401319975720708
1081	100	1.1176943021291117
1081	110	1.1161232533199545
1081	120	1.1274276680652442
1082	70	1.8836600242872399
1082	80	1.634068592064379
1082	90	1.332328955552737
1082	100	1.0913819610737525
1082	110	1.0228700207620522
1082	120	0.9730140115600201
1083	70	1.1610060115757659
1083	80	1.2995877960481454
1083	90	0.9886873105613291
1083	100	0.955690785436218
1083	110	0.9289413966236899
1083	120	0.9096524656739464
1084	70	1.3282456982783732
1084	80	0.7933941212242602
1084	90	0.7484691939735321
1084	100	0.7402559614693881
1084	110	0.7628015999119966
1084	120	0.7787703565157129
1085	70	6.231512582468103
1085	80	3.048608095116172
1085	90	1.5701931539975411
1085	100	1.2603381869033583
1085	110	1.182590319409888
1085	120	1.1052127014275828
1086	70	0.3521497185751399
1086	80	0.39849523140056553
1086	90	0.5971967335807644
1086	100	0.7954503998662935
1086	110	0.8410622355272332
1086	120	0.8944612412816743
1087	70	0.41434568662441373
1087	80	0.5150337993342996
1087	90	0.7136078929600904
1087	100	0.8023752998099151
1087	110	0.8315065737057804
1087	120	0.868671024299203
1088	70	0.32326199252794724
1088	80	0.35163989544833757
1088	90	0.4767234406713746
1088	100	0.6440937850707371
1088	110	0.6887763769921835
1088	120	0.7351143593222914
1089	70	0.5528478073174751
1089	80	0.6548219001917808
1089	90	0.9132455856533739
1089	100	0.9886153039118116
1089	110	1.049694058493181
1089	120	1.0977561443829038
1090	70	2.096981789742006
1090	80	1.5575114328280504
1090	90	1.2663071961594474
1090	100	1.2032175594559351
1090	110	1.1411777125940734
1090	120	1.1024201595883067
1091	70	0.4565761206409328
1091	80	0.6290834382904622
1091	90	0.8362484258688165
1091	100	0.891795284651996
1091	110	0.911427280466213
1091	120	0.9166065855150979
1092	70	0.5868397388804528
1092	80	0.6022505709167328
1092	90	0.7195365711842914
1092	100	0.8639878987127263
1092	110	0.9084379309374607
1092	120	0.9666880627443237
1093	70	0.6863987310223421
1093	80	0.8577865857798197
1093	90	0.925085037505481
1093	100	1.0349217242421274
1093	110	1.0551315137600383
1093	120	1.0421585098735626
1094	70	0.5301013231149685
1094	80	0.5748024928629013
1094	90	0.7456037251790589
1094	100	0.8581641046099577
1094	110	0.8635744482340924
1094	120	0.9125205702602822
1095	70	0.5788850969676588
1095	80	0.5043601821647236
1095	90	0.6135576319687198
1095	100	0.7221373575676427
1095	110	0.7432441126735424
1095	120	0.7651862775830687
1096	70	2.0361027788225043
1096	80	1.3309676772985506
1096	90	0.9152502814642293
1096	100	0.8854463226087697
1096	110	0.8942184443501492
1096	120	0.8816883407682283
1097	70	0.6737427395816313
1097	80	0.9294001692757032
1097	90	0.9977698427475453
1097	100	1.1163994370368873
1097	110	1.194752576739889
1097	120	1.181929818578456
1098	70	0.6737563417870982
1098	80	0.5294766693659068
1098	90	0.6821603363420251
1098	100	0.7631351543434289
1098	110	0.8240561260444417
1098	120	0.8519580222106748
1099	70	0.99611923260727675
1099	80	0.9860748696513979
1099	90	0.9505857051142914
1099	100	0.9813318009038122
1099	110	0.9376335519534839
1099	120	0.9468056782257205
1100	70	0.762755362654188
1100	80	1.093080681608684
1100	90	1.0570499764201775
1100	100	1.015051095072233
1100	110	0.9996027803522106
1100	120	1.0161381260719033
1101	70	0.6011236887910988
1101	80	0.6310421995273455
1101	90	0.8005458697108007
1101	100	0.8874276734416251
1101	110	0.929087626338317
1101	120	0.9687169840037962
1102	70	0.5087724557813057
1102	80	0.7405672560921851
1102	90	0.835161344739248
1102	100	0.9098950520131294
1102	110	0.9253596749697799
1102	120	0.958043846860043
1103	70	1.3401190192305554
1103	80	1.415340519012193
1103	90	1.0269881987567437
1103	100	0.9027014814480011
1103	110	0.8930974871065477
1103	120	0.8589975766830419
1104	70	1.259914161261435
1104	80	0.9259106642828197
1104	90	0.8079077573542828
1104	100	0.8647290112949745
1104	110	0.8687680689039508
1104	120	0.8924379852031381
1105	70	1.5547410741976313
1105	80	1.640715795912708
1105	90	1.4160406342403815
1105	100	1.2925652112954011
1105	110	1.211621426140852
1105	120	1.1813412244279886
1106	70	1.420601314007553
1106	80	1.1049817179313217
1106	90	0.8647113230486638
1106	100	0.7840955030649733
1106	110	0.7532193737219974
1106	120	0.7617717667671657
1107	70	0.9847421721361298
1107	80	0.8681421269849616
1107	90	0.8375622234890582
1107	100	0.7843758655873638
1107	110	0.8161957039697181
1107	120	0.8307195327671187
1108	70	1.3186619409165659
1108	80	1.021270536216728
1108	90	0.911794472913145
1108	100	0.9255758206867212
1108	110	0.9606180171946126
1108	120	0.9563137149970962
1109	70	0.8649605973714268
1109	80	0.8856823326727145
1109	90	0.9055409654661982
1109	100	0.9295444887867736
1109	110	0.9371098600955696
1109	120	0.9558799619710334
1110	70	1.6032904350794852
1110	80	0.9209070374266848
1110	90	0.9433439093993695
1110	100	0.7534878153719263
1110	110	0.7825364795035468
1110	120	0.8142927892904999
1111	70	0.861993165099531
1111	80	0.9612606480227663
1111	90	0.923259073006926
1111	100	0.9108598715606404
1111	110	0.9249700767455102
1111	120	0.9206513134658141
1112	70	0.45014551394830177
1112	80	0.5621914017241462
1112	90	0.7570944010407329
1112	100	0.8391152156827724
1112	110	0.8816431402033165
1112	120	0.9088788618489446
1113	70	1.7398075139103377
1113	80	0.9895928591182326
1113	90	1.0334325022926025
1113	100	0.900909084483154
1113	110	0.9109943728059635
1113	120	0.9008395057845267
1114	70	0.5802733422128002
1114	80	0.6785030913385016
1114	90	0.8124904790036749
1114	100	0.9768500927417604
1114	110	1.0026090967284316
1114	120	1.0369349439123938
1115	70	2.3442623112332037
1115	80	1.5966988159914008
1115	90	1.111735258490521
1115	100	1.1628512191055664
1115	110	1.099535270331427
1115	120	1.0752540893960978
1116	70	0.6111519910426744
1116	80	0.9161705714063153
1116	90	1.2207889477857827
1116	100	1.155078857132457
1116	110	1.1311265748890642
1116	120	1.1323551643086016
1117	70	1.4739185441832459
1117	80	1.2476495442327078
1117	90	1.2367698703052499
1117	100	1.1334900096649438
1117	110	1.1365482434113545
1117	120	1.100624688868988
1118	70	1.9322046217959024
1118	80	1.3504261370511423
1118	90	1.1754133709045673
1118	100	0.9034797025351954
1118	110	0.867180128020954
1118	120	0.8623261354984307
1119	70	0.6676280535500411
1119	80	0.6351083590678341
1119	90	0.8276734988577437
1119	100	0.8283371916130868
1119	110	0.8768600195874845
1119	120	0.9057456870499698
1120	70	0.5610151834189907
1120	80	0.941866128749036
1120	90	1.1956323699537665
1120	100	1.0576825970552688
1120	110	1.0908555116313283
1120	120	1.0954840309037925
1121	70	1.9441576377777916
1121	80	1.4823657265593755
1121	90	1.0533975318608988
1121	100	0.9726632887084005
1121	110	0.9485022027736358
1121	120	0.9113534072725956
1122	70	1.3519165889296358
1122	80	1.4436630747820047
1122	90	1.1561231817240833
1122	100	0.9957132476390188
1122	110	0.9849871974090385
1122	120	0.9861837454740489
1123	70	0.5859302133182125
1123	80	0.9157884764221614
1123	90	1.139485884707082
1123	100	1.164032556256546
1123	110	1.1380801171281325
1123	120	1.1648826240483727
1124	70	0.7473256885336638
1124	80	0.8911127597260821
1124	90	0.8573382544585706
1124	100	0.861773838139887
1124	110	0.8650634928145211
1124	120	0.8637127318804132
1125	70	0.9968163056043963
1125	80	0.638181368945678
1125	90	0.6267036395600771
1125	100	0.7233865303462335
1125	110	0.7610118171584811
1125	120	0.7787182071881891
1126	70	0.8687808578341205
1126	80	0.9735097089760433
1126	90	1.00180747522233
1126	100	0.8192660384513598
1126	110	0.8470687995314871
1126	120	0.8446491168598711
1127	70	1.5138081066882343
1127	80	1.2633696135959536
1127	90	1.2069335218584387
1127	100	1.228806927252874
1127	110	1.1845345004732664
1127	120	1.1459620787842153
1128	70	1.4126506279868662
1128	80	1.3172089508658746
1128	90	1.3022051495377374
1128	100	1.359183853490515
1128	110	1.3235006118213135
1128	120	1.2759940290712184
1129	70	0.44988840353883913
1129	80	0.40034983692676895
1129	90	0.532590853718976
1129	100	0.6729438298709827
1129	110	0.7312255566977661
1129	120	0.7938154315262343
1130	70	0.46921062054650187
1130	80	0.7339354809247832
1130	90	0.9831627707588948
1130	100	1.1246427001516537
1130	110	1.1586644953889034
1130	120	1.1972792876981482
1131	70	2.1577764802117256
1131	80	2.1181944575523777
1131	90	1.5849703158316988
1131	100	1.1439981618495954
1131	110	1.085043064657078
1131	120	1.0541258316327238
1132	70	1.7987018622297233
1132	80	1.3296397158251134
1132	90	0.9745079836345907
1132	100	0.997218902615334
1132	110	0.9377444242223368
1132	120	0.9272966533984431
1133	70	0.5764770884373177
1133	80	0.5357821455234976
1133	90	0.5742935360606081
1133	100	0.6985180227383101
1133	110	0.7267934708147346
1133	120	0.7689476762121769
1134	70	2.532289865803274
1134	80	1.13181864291049
1134	90	0.9884184106242067
1134	100	0.9877513209307581
1134	110	0.9699272081547712
1134	120	0.9479820794290816
1135	70	0.33658230531643674
1135	80	0.48324460416095705
1135	90	0.6234734386912081
1135	100	0.7449342644406858
1135	110	0.7982602365066077
1135	120	0.8246737542521659
1136	70	0.6314422705162817
1136	80	0.6955567772741694
1136	90	0.738949407604185
1136	100	0.9507029782080901
1136	110	1.0003090936319405
1136	120	1.0166930120732227
1137	70	1.6754836741354275
1137	80	1.5887273513044942
1137	90	1.16389965531258
1137	100	1.0489734849200436
1137	110	0.9683876124490053
1137	120	0.9248953557991538
1138	70	0.5248697029976305
1138	80	0.7654239471403815
1138	90	0.8529822136456999
1138	100	0.7811791286210685
1138	110	0.7931301975850683
1138	120	0.8426040736342355
1139	70	1.1309314996595292
1139	80	0.9506734398424116
1139	90	1.0393893670719916
1139	100	1.0400754453923753
1139	110	1.03205026372376
1139	120	1.0125387762211524
1140	70	1.1104080098420706
1140	80	0.8488612980664882
1140	90	0.8036087392909413
1140	100	0.90085318082035
1140	110	0.9341462776499081
1140	120	0.9341646031548786
1141	70	1.0307918538034473
1141	80	0.9411018100251028
1141	90	0.811020707291575
1141	100	0.7295823803466377
1141	110	0.7386281626124506
1141	120	0.7248313583032567
1142	70	1.028996336048976
1142	80	0.8904833893047557
1142	90	1.0374408100716994
1142	100	1.1258042847792882
1142	110	1.1498490026526487
1142	120	1.1338544798702799
1143	70	1.1514612510729063
1143	80	1.309686663757803
1143	90	1.4207959635667142
1143	100	1.5355278618265755
1143	110	1.4977518554009874
1143	120	1.4295582760180334
1144	70	1.3741926005282035
1144	80	1.3156025604920143
1144	90	1.147246687837035
1144	100	1.00438429604592
1144	110	1.0161307456245048
1144	120	0.9925171659678772
1145	70	0.3970732020007014
1145	80	0.4174542149426843
1145	90	0.469953705886273
1145	100	0.5752360761309147
1145	110	0.6112831081812053
1145	120	0.6717725858983711
1146	70	1.7676347953456844
1146	80	1.4440923067266667
1146	90	1.4229455708618337
1146	100	1.168553229365608
1146	110	1.1492574560281679
1146	120	1.0756254629990858
1147	70	0.965467449349179
1147	80	0.6916307416712008
1147	90	0.7777758987634477
1147	100	0.8471033552786033
1147	110	0.874432378233565
1147	120	0.8755014459052622
1148	70	0.9902384949284174
1148	80	1.0254740444325463
1148	90	0.9847990758649199
1148	100	1.066393786641529
1148	110	1.0357194179228257
1148	120	1.0278025358266383
1149	70	1.4087535372202955
1149	80	1.1789236988218328
1149	90	0.9176356687235641
1149	100	0.8463754912896745
1149	110	0.8678256482693264
1149	120	0.857841305412264
1150	70	1.9319426283299892
1150	80	1.6806411724019514
1150	90	1.2267521323398682
1150	100	1.023482845020223
1150	110	0.973815925477481
1150	120	0.9344192425242498
1151	70	2.7182624810501865
1151	80	1.3445251961246838
1151	90	1.2764104045539815
1151	100	1.143421199244061
1151	110	1.086189436580577
1151	120	1.0999813689587485
1152	70	2.3453127152063167
1152	80	1.6965064573210047
1152	90	1.3103821299261313
1152	100	1.1185610352104693
1152	110	1.1189410397446422
1152	120	1.1153204014640214
1153	70	0.5605673995269631
1153	80	0.6854611462602029
1153	90	0.6917305286754751
1153	100	0.7302602829696763
1153	110	0.7807875651239616
1153	120	0.7884846299056248
1154	70	1.089803889318298
1154	80	1.3394607617496326
1154	90	1.4213501087300118
1154	100	1.3995859499051335
1154	110	1.3859582202105676
1154	120	1.3210105362453908
1155	70	0.4493706764625674
1155	80	0.5030502652456895
1155	90	0.6591824914443158
1155	100	0.6718783816286471
1155	110	0.7346676340461872
1155	120	0.7648453480707128
1156	70	0.37202722972322777
1156	80	0.48579862323142053
1156	90	0.7509699799392475
1156	100	0.8484516685318806
1156	110	0.9351153819235265
1156	120	0.9873455736391649
1157	70	0.39800346414658916
1157	80	0.6552648479471969
1157	90	0.9852203994355888
1157	100	1.0599598929767287
1157	110	1.115500068330104
1157	120	1.1492261882736547
1158	70	0.47800504632726926
1158	80	0.4675174910235132
1158	90	0.49158882938510345
1158	100	0.5970762831648704
1158	110	0.6519734216848484
1158	120	0.6956128677282853
1159	70	1.4615718479429163
1159	80	0.9940355538258651
1159	90	0.9668565242869928
1159	100	0.8712958617818536
1159	110	0.8611242475432629
1159	120	0.8600984367937313
1160	70	0.6664716998002264
1160	80	0.9669226040473293
1160	90	0.9954797432708048
1160	100	0.9289411877381709
1160	110	0.9300426617098916
1160	120	0.9537523952335023
1161	70	1.5162008992448646
1161	80	1.116477056215488
1161	90	1.0287668063361122
1161	100	0.9257736533378953
1161	110	0.957541843611052
1161	120	0.966731040802252
1162	70	0.99929523227741
1162	80	0.8638430286265344
1162	90	0.8284798877957249
1162	100	0.8427156462055428
1162	110	0.852656672913996
1162	120	0.8602384915426967
1163	70	0.9061113589339351
1163	80	1.1670456563356673
1163	90	1.3441663038591436
1163	100	1.0849594856629288
1163	110	1.1293944065289752
1163	120	1.1178340601265884
1164	70	0.39528407381071884
1164	80	0.6324018025304339
1164	90	0.9115298078654834
1164	100	1.1014939342535424
1164	110	1.073974619076131
1164	120	1.105362077390688
1165	70	1.5126509589192076
1165	80	1.5995950309906106
1165	90	1.485141161781846
1165	100	1.5229820133316199
1165	110	1.4017065261508737
1165	120	1.3248095770868178
1166	70	1.3956809076065997
1166	80	1.0847871343062014
1166	90	0.9472081491495683
1166	100	0.9565536576809174
1166	110	0.9197939536657604
1166	120	0.9118351424012298
1167	70	0.2963786378326991
1167	80	0.4190298206843108
1167	90	0.5766748286301845
1167	100	0.7220514878083787
1167	110	0.8347719083781254
1167	120	0.9047587262959068
1168	70	0.6260601333873442
1168	80	0.8733469502454219
1168	90	0.9826546616708601
1168	100	0.915541380747751
1168	110	0.974427889330776
1168	120	0.9666986600999573
1169	70	0.664986459264137
1169	80	0.564037070913253
1169	90	0.5674525969684473
1169	100	0.6509126928586895
1169	110	0.6797568249162337
1169	120	0.7188969024806195
1170	70	1.2680920090118162
1170	80	1.4271149566706047
1170	90	1.5299758593905095
1170	100	1.4094605473924666
1170	110	1.3969603570575033
1170	120	1.3406380007426317
1171	70	1.5449710663486391
1171	80	1.2826757326944804
1171	90	1.1371630388938438
1171	100	1.04693109444335
1171	110	1.0167907528730011
1171	120	0.9949222717894716
1172	70	1.2705866595325435
1172	80	1.3531258241761839
1172	90	1.3922423038949205
1172	100	1.435720035715178
1172	110	1.3069362972308187
1172	120	1.2324402830464551
1173	70	0.44011386376330014
1173	80	0.46815009513788414
1173	90	0.6939066395145425
1173	100	0.9047306860155001
1173	110	0.9812625404055214
1173	120	1.007429957300886
1174	70	1.5162833777996947
1174	80	1.2161152038679492
1174	90	1.2326263698204962
1174	100	0.965525609026076
1174	110	1.0100851488080789
1174	120	1.022668260874344
1175	70	1.6204275472822611
1175	80	1.3265178261684831
1175	90	1.0729487681639291
1175	100	1.0598453844445395
1175	110	1.032772903203104
1175	120	0.9836962171961234
1176	70	2.120879569272309
1176	80	2.0785301019958458
1176	90	1.8483881485102789
1176	100	1.3942133195041284
1176	110	1.291878510126788
1176	120	1.2330672792455892
1177	70	0.6788106256742017
1177	80	0.7939736020909146
1177	90	0.8380537717096714
1177	100	0.9662244173902221
1177	110	1.0421743761794426
1177	120	1.0524288382006661
1178	70	1.5777155668827896
1178	80	1.1549706520713525
1178	90	1.070280670167114
1178	100	1.0549521043976517
1178	110	1.0361978241971654
1178	120	1.0432527247005783
1179	70	1.9513313400437946
1179	80	1.176022829927589
1179	90	0.8638712131732262
1179	100	0.7201517030204194
1179	110	0.7531325881396669
1179	120	0.7573351396889357
1180	70	0.32903613703432916
1180	80	0.36650179030789104
1180	90	0.5765195802952651
1180	100	0.7346920379386543
1180	110	0.8404386481059879
1180	120	0.893632725522493
1181	70	0.3502005130257823
1181	80	0.3792942455914144
1181	90	0.5710708109703837
1181	100	0.7092999072809435
1181	110	0.7637473333698487
1181	120	0.823186720935758
1182	70	2.006058669925696
1182	80	1.4598579508240843
1182	90	1.1590001997707016
1182	100	1.0936211821557102
1182	110	1.0153785528510975
1182	120	0.9709844261981362
1183	70	0.5724981008264413
1183	80	0.5901608274194102
1183	90	0.7233853437515342
1183	100	0.8371715185226619
1183	110	0.8853342022427807
1183	120	0.9465249138048083
1184	70	0.6846891725068882
1184	80	0.6752018107101517
1184	90	0.8251417590780883
1184	100	0.882628649631667
1184	110	0.9450222965113365
1184	120	0.9628591553893068
1185	70	0.6651330705444052
1185	80	0.9176249457959746
1185	90	1.2163260005037415
1185	100	1.1036727313071732
1185	110	1.1158624033479223
1185	120	1.1493771968683524
1186	70	1.3382438465469901
1186	80	1.3906307443087425
1186	90	1.0897108387608718
1186	100	1.1011428571564779
1186	110	1.0948658967430296
1186	120	1.0698849445089222
1187	70	0.4477537263008988
1187	80	0.7132687689074804
1187	90	0.8083068896396035
1187	100	0.903197329847156
1187	110	0.9024682742531909
1187	120	0.923283031594369
1188	70	1.4346072892117459
1188	80	1.516174225853064
1188	90	1.077160157853664
1188	100	1.2175335235841873
1188	110	1.152088536813965
1188	120	1.1029434991579383
1189	70	2.102115486130974
1189	80	1.754186749657549
1189	90	1.4155743983342028
1189	100	1.2476825108096146
1189	110	1.1509505583694588
1189	120	1.0808770599530206
1190	70	0.5830977522504583
1190	80	0.6934259971244109
1190	90	0.7963862570518869
1190	100	0.7987022558562751
1190	110	0.8224426416462812
1190	120	0.8434896946163963
1191	70	1.1343520295950225
1191	80	0.8582378124762755
1191	90	0.8802190852840315
1191	100	0.8566355133751858
1191	110	0.8495821532016984
1191	120	0.8756753089065284
1192	70	1.617968387213055
1192	80	1.2269598403965203
1192	90	1.1744868127274808
1192	100	1.3189032763479085
1192	110	1.2667129856092858
1192	120	1.2446374664588187
1193	70	0.6729519941313308
1193	80	0.6277090318198575
1193	90	0.7751352575533824
1193	100	0.8065486281710913
1193	110	0.8770766710823189
1193	120	0.9078556074455707
1194	70	2.0049757226019915
1194	80	1.660250105196329
1194	90	1.5009675917698067
1194	100	1.2905122712892156
1194	110	1.208927345021919
1194	120	1.1560901116707873
1195	70	1.520045441386524
1195	80	1.8239182179815427
1195	90	1.4134928437320753
1195	100	1.3837071020732252
1195	110	1.3530532781770688
1195	120	1.262259709289309
1196	70	0.4196190849186371
1196	80	0.6779870808981188
1196	90	0.8910958639208042
1196	100	0.9705499828249695
1196	110	1.0110967377055669
1196	120	1.0219763154241592
1197	70	1.9915706158868391
1197	80	1.4816460033457006
1197	90	1.1949372422812334
1197	100	1.0937470856809401
1197	110	1.0713368077856265
1197	120	1.0367677946197793
1198	70	1.222718028768445
1198	80	1.0239412624442719
1198	90	0.8676113531484787
1198	100	1.0284966592993854
1198	110	1.0035590053028405
1198	120	0.9828953377694405
1199	70	0.4931503541465821
1199	80	0.5745208780121035
1199	90	0.8732440065165411
1199	100	0.8439382920960414
1199	110	0.9635204548508425
1199	120	1.0520358012241935
1200	70	1.0968555406422245
1200	80	1.3055202812599798
1200	90	1.547095100978395
1200	100	1.4392871873936157
1200	110	1.4097440361827598
1200	120	1.3260078180257628
1201	70	1.503937318553766
1201	80	1.0874907500691842
1201	90	1.0442250656867147
1201	100	1.1614153267846343
1201	110	1.1526392876875378
1201	120	1.120508581995792
1202	70	0.8691651610829031
1202	80	0.9651347104335366
1202	90	1.0511777033351641
1202	100	1.0955216764996756
1202	110	1.0770933124890714
1202	120	1.069082144278029
1203	70	1.8566748952242427
1203	80	1.2922626232842631
1203	90	1.1060866637072193
1203	100	1.1598460383144646
1203	110	1.172543735601254
1203	120	1.1498811188032387
1204	70	0.7588524543060673
1204	80	0.9987863829174451
1204	90	0.9006568261100489
1204	100	0.9899720973542925
1204	110	1.029175157543267
1204	120	1.014702198858486
1205	70	1.667577941977059
1205	80	1.1235545494773849
1205	90	1.1994678582297407
1205	100	1.032291517863775
1205	110	1.0124489857937875
1205	120	1.0005167658252088
1206	70	1.3413812345793634
1206	80	1.2876993941346984
1206	90	1.340983398507742
1206	100	1.2395245683642127
1206	110	1.152994473671184
1206	120	1.1285289155664013
1207	70	1.658436581205494
1207	80	1.2242278392150825
1207	90	1.048517825959971
1207	100	0.9259364794682733
1207	110	0.9570122556812573
1207	120	0.9612235192872088
1208	70	0.6013322675134978
1208	80	0.6981141886234803
1208	90	0.8192489985518875
1208	100	0.7987313784794776
1208	110	0.8585956349802832
1208	120	0.872399505731514
1209	70	0.41126960026637943
1209	80	0.6442099435081098
1209	90	0.8268039364353809
1209	100	0.8744960731142956
1209	110	0.9373036176558125
1209	120	0.9734240504929474
1210	70	1.6163397562502166
1210	80	1.3690365484387674
1210	90	1.0749201481811161
1210	100	0.9338160685086706
1210	110	0.921347243855115
1210	120	0.8735734325879313
1211	70	0.4110691588750502
1211	80	0.4402889891629509
1211	90	0.6354330204725127
1211	100	0.7841374952143499
1211	110	0.8246031353860568
1211	120	0.8934573030072892
1212	70	1.0845560550080888
1212	80	1.1210306708737319
1212	90	1.100931924977539
1212	100	1.090196243523218
1212	110	1.0239445017376132
1212	120	1.0081393861019017
1213	70	1.2339726721061786
1213	80	0.8515705604788611
1213	90	1.0329348424949323
1213	100	1.009799090290931
1213	110	0.9524164329637775
1213	120	0.9604478920703667
1214	70	2.0637415941401343
1214	80	1.523910894349489
1214	90	1.458890199704451
1214	100	1.1973098278353158
1214	110	1.1362214356342764
1214	120	1.1124553664711285
1215	70	1.1470904149708592
1215	80	1.2046268417430288
1215	90	1.0346888128178615
1215	100	0.9260181925011894
1215	110	0.9449766447841176
1215	120	0.9210851385189388
1216	70	1.0322159415994336
1216	80	0.9774553316727912
1216	90	0.9584329425183928
1216	100	0.9710611693493004
1216	110	1.0036186405493592
1216	120	1.0094182012767803
1217	70	2.235029486943264
1217	80	2.3606426039966
1217	90	1.8983813677914774
1217	100	1.5598057224766502
1217	110	1.4550524312047373
1217	120	1.352735688982836
1218	70	1.8530269790798435
1218	80	1.505774698293315
1218	90	1.1901508683659203
1218	100	1.1475761211926023
1218	110	1.1203080332334558
1218	120	1.083995623322217
1219	70	0.5586193094491689
1219	80	0.6311590140650577
1219	90	0.8352154469113944
1219	100	0.9638495185391133
1219	110	0.9789054859430032
1219	120	1.0038254065661465
1220	70	0.9192851969552288
1220	80	1.1968283578404986
1220	90	1.4131987854151944
1220	100	1.1304917889900492
1220	110	1.081093828862027
1220	120	1.0675077932254484
1221	70	1.1370241311559692
1221	80	1.3334979667885392
1221	90	1.6512487417078978
1221	100	1.258490014983366
1221	110	1.181432006662003
1221	120	1.1494209832736477
1222	70	0.5698000753741572
1222	80	0.7365243868905126
1222	90	1.0851588452945007
1222	100	1.1429501990526802
1222	110	1.1868538888497233
1222	120	1.2226478910064644
1223	70	1.4467713141662213
1223	80	0.8328361377217338
1223	90	0.7946842813005643
1223	100	0.7798663534302696
1223	110	0.7510137232800165
1223	120	0.7643030051445923
1224	70	0.6038350590235161
1224	80	0.6016228496205673
1224	90	0.7884428893480914
1224	100	0.8704058002342356
1224	110	0.9322134057635056
1224	120	0.9800687284282524
1225	70	1.4709595781373528
1225	80	1.4949675313954274
1225	90	1.210835938961515
1225	100	1.1693040615797987
1225	110	1.175042156569766
1225	120	1.1598112615368257
1226	70	0.7192506187029821
1226	80	0.6533626519079196
1226	90	0.6931098023977673
1226	100	0.8364541185773102
1226	110	0.8768204821692924
1226	120	0.8989783471601486
1227	70	0.3154473875742196
1227	80	0.570220076084613
1227	90	0.7629491150388185
1227	100	0.8251474698755522
1227	110	0.8586243664741648
1227	120	0.8868991895799724
1228	70	1.6753770946097228
1228	80	1.1136297748468158
1228	90	1.1145892275141953
1228	100	1.1062616800805891
1228	110	1.1000378477149833
1228	120	1.0786312711983104
1229	70	1.8126091364315406
1229	80	1.5087930526932445
1229	90	1.0882774170195606
1229	100	1.0827572551017923
1229	110	1.020100936659148
1229	120	1.0080292073076895
1230	70	0.6633861934621215
1230	80	0.7568111258329371
1230	90	0.7197843756625273
1230	100	0.8217397222814838
1230	110	0.8463531705352709
1230	120	0.8684727793693218
1231	70	1.4635527698961508
1231	80	1.2111359803960244
1231	90	1.3550695910843127
1231	100	1.1229149439364092
1231	110	1.1056299387551258
1231	120	1.085662793025296
1232	70	0.9731967531470396
1232	80	1.0491392084529658
1232	90	1.0078539578422014
1232	100	0.9924040273945882
1232	110	1.0433783197062116
1232	120	1.0654033222450001
1233	70	0.37426595085930237
1233	80	0.6246833506791374
1233	90	1.0276770369171284
1233	100	1.0031035823122845
1233	110	1.0742437829817104
1233	120	1.1280135412823473
1234	70	0.4881660534275665
1234	80	0.5118211504928035
1234	90	0.6887307935269087
1234	100	0.8095589031915444
1234	110	0.8509325971489466
1234	120	0.8841321776268463
1235	70	0.927198560300632
1235	80	0.8206787635724897
1235	90	0.8442757850597868
1235	100	0.8420637148184418
1235	110	0.8241337141831885
1235	120	0.8088686632623789
1236	70	1.6089647136641785
1236	80	1.1417148310783716
1236	90	0.9677143408505856
1236	100	1.0439770229711882
1236	110	1.0558719252166597
1236	120	1.0368610520216583
1237	70	1.2383949141436448
1237	80	1.2239972047544119
1237	90	1.1411820249096634
1237	100	1.2210582638956429
1237	110	1.1332813130624084
1237	120	1.1136440352397208
1238	70	0.4917311493523988
1238	80	0.7535094974063067
1238	90	0.7234339953407725
1238	100	0.7682239117316064
1238	110	0.804110310046706
1238	120	0.8161241577746594
1239	70	0.7317213337911906
1239	80	0.7339200066467072
1239	90	0.6902883433740589
1239	100	0.864738373454358
1239	110	0.882895414692665
1239	120	0.9044203081789637
1240	70	1.2720685386163408
1240	80	1.360788468896443
1240	90	1.462240781213003
1240	100	1.4899160715924982
1240	110	1.4445685047183605
1240	120	1.3574027077426023
1241	70	0.5353094043705171
1241	80	0.6177564732314692
1241	90	0.7690675939044451
1241	100	0.9153445335925134
1241	110	0.97244338722947
1241	120	1.0192476618763813
1242	70	0.48094872102626207
1242	80	0.4963286629016786
1242	90	0.6281584886152182
1242	100	0.7820470347495342
1242	110	0.8376029511262436
1242	120	0.8858893690627494
1243	70	0.40439390070432757
1243	80	0.700222706937683
1243	90	0.8347976789811474
1243	100	0.93014383939956
1243	110	0.9671036788312621
1243	120	0.9853708336532037
1244	70	1.6202672371854856
1244	80	1.146114362369046
1244	90	1.223359840234776
1244	100	1.2080685866222929
1244	110	1.259892062993305
1244	120	1.2780296786263958
1245	70	0.5880243040442789
1245	80	0.7966893931496126
1245	90	0.9698813219610917
1245	100	0.9622959398937869
1245	110	0.9933907322983662
1245	120	1.0415052345858653
1246	70	2.1750083978314114
1246	80	1.8657015904533583
1246	90	1.1884040034303758
1246	100	1.0873577933392027
1246	110	1.0041245813516821
1246	120	0.9733511578829537
1247	70	3.35555999753794
1247	80	2.1828727878787677
1247	90	1.5318471150831208
1247	100	1.1299821061262552
1247	110	1.0531977593051634
1247	120	0.9901257266019061
1248	70	0.9217954473726457
1248	80	0.9625600345110249
1248	90	0.8858300952444487
1248	100	0.9358310445225727
1248	110	0.9394560605955856
1248	120	0.9293632168495101
1249	70	1.5805622185058192
1249	80	1.3764227393183608
1249	90	1.3090626716495637
1249	100	0.9427142252447149
1249	110	0.891977344040499
1249	120	0.8924431876006366
1250	70	1.3886337945762366
1250	80	0.9989729054848289
1250	90	0.9356186113653333
1250	100	1.0768474059305304
1250	110	1.0876632345158754
1250	120	1.0936368906602651
1251	70	2.4744777303965746
1251	80	1.6277216445933245
1251	90	1.3048322802649972
1251	100	0.9580358383546836
1251	110	0.9816052425186528
1251	120	0.9799016047562986
1252	70	1.5107097359380972
1252	80	1.1448604808193916
1252	90	1.0335649684663537
1252	100	1.0361472196176194
1252	110	0.9786628619656851
1252	120	0.976158932007651
1253	70	3.2790952634066564
1253	80	2.187183015263423
1253	90	1.1442978893466706
1253	100	1.0435813438746444
1253	110	0.9611735499960493
1253	120	0.9004351324351884
1254	70	1.3088657309250948
1254	80	1.0524545000433714
1254	90	0.9294944114464435
1254	100	0.839002473637532
1254	110	0.8438199941474124
1254	120	0.832788151083884
1255	70	0.24770726745161112
1255	80	0.45898349335613725
1255	90	0.6260888523539373
1255	100	0.7632796030891136
1255	110	0.8160102551504668
1255	120	0.8697771970743262
1256	70	1.2742051295270678
1256	80	1.0986235676368001
1256	90	1.0999473242106346
1256	100	0.8755884960536552
1256	110	0.9062385059278664
1256	120	0.8957082605117682
1257	70	0.5101864748690011
1257	80	0.677497464459638
1257	90	0.7937301577775294
1257	100	0.763271990470788
1257	110	0.818413897233718
1257	120	0.8624971873772399
1258	70	0.4284102534745107
1258	80	0.6141679869211666
1258	90	0.7158586766681876
1258	100	0.813985118216029
1258	110	0.8960176444516763
1258	120	0.9534429094829362
1259	70	2.3807458181344066
1259	80	2.2903536011387744
1259	90	1.5682387330755625
1259	100	1.20892477799815
1259	110	1.1126790460929479
1259	120	1.0460148765014787
1260	70	2.082444364712083
1260	80	1.4007936976767301
1260	90	1.2589120839192929
1260	100	1.0580121669731255
1260	110	1.017250603836887
1260	120	0.9975559489061613
1261	70	0.5390168403039394
1261	80	0.42753073665116287
1261	90	0.5182123598873655
1261	100	0.6414896176616897
1261	110	0.672029418088565
1261	120	0.7287291295844388
1262	70	1.2622072099774158
1262	80	1.3736368237311607
1262	90	1.5260564732855986
1262	100	1.3829532142207932
1262	110	1.2886832311131093
1262	120	1.2689504774211124
1263	70	1.9314479294983646
1263	80	1.7317502761882215
1263	90	1.1948008470247002
1263	100	1.038055180869041
1263	110	0.9708356381616281
1263	120	0.9300688610392932
1264	70	0.5618747317785805
1264	80	0.6387622221427615
1264	90	0.7266825346757172
1264	100	0.762908575607776
1264	110	0.8316712183877992
1264	120	0.8700779564215445
1265	70	0.5156499275661784
1265	80	0.7647317315188458
1265	90	0.9963794548294049
1265	100	1.0507450617871243
1265	110	1.0462758152304128
1265	120	1.096870738852228
1266	70	1.2113244247661576
1266	80	0.8916147265353013
1266	90	0.822879694395523
1266	100	0.8413721490362889
1266	110	0.8617662030356738
1266	120	0.8656051461790969
1267	70	0.6668330732951382
1267	80	0.8388957531634736
1267	90	1.128233625464582
1267	100	1.1336052167347257
1267	110	1.1848936127964294
1267	120	1.187484659425479
1268	70	1.070869809977459
1268	80	0.9026167907021488
1268	90	0.8127389318367894
1268	100	0.7614568035548172
1268	110	0.7466255394836713
1268	120	0.7481254189381522
1269	70	0.4761401926582643
1269	80	0.7739775800844896
1269	90	0.8125729659684695
1269	100	0.9500331720355986
1269	110	0.961769120900451
1269	120	0.9681059876069618
1270	70	0.4869954211891221
1270	80	0.7811936144943288
1270	90	1.101154427544201
1270	100	1.1598800923187493
1270	110	1.2383098571803342
1270	120	1.2781178237351905
1271	70	1.321493022439309
1271	80	1.0329873208070506
1271	90	1.0215452081082352
1271	100	0.9725753218980172
1271	110	0.9631409244487185
1271	120	0.9421596588678582
1272	70	0.3982366886398986
1272	80	0.6241041236481956
1272	90	0.7250263823794034
1272	100	0.762649668736165
1272	110	0.8195472264230792
1272	120	0.848483065051427
1273	70	1.2329535726409162
1273	80	1.2064671701772436
1273	90	1.04650118192411
1273	100	1.019641709760775
1273	110	1.0125028059763725
1273	120	1.0124737530830086
1274	70	1.1303044745211779
1274	80	1.0285144952554923
1274	90	1.0992877604267626
1274	100	1.0820799518250608
1274	110	1.030362272361022
1274	120	1.006218036797338
1275	70	2.498680468137653
1275	80	1.5552303634032485
1275	90	1.033580253197033
1275	100	1.0157084155917762
1275	110	1.018496121933569
1275	120	0.9970757122375006
1276	70	0.7535095265227838
1276	80	0.7335608922213821
1276	90	0.911806372586633
1276	100	0.9169428231920704
1276	110	0.9248422178432115
1276	120	0.9274461943139292
1277	70	0.5509445211293761
1277	80	0.6140641931763134
1277	90	0.8710169108723924
1277	100	1.02876649289622
1277	110	1.0783104931822243
1277	120	1.0725659206198916
1278	70	0.4360933258147253
1278	80	0.7253256318347461
1278	90	0.757986372088436
1278	100	0.9179129514429836
1278	110	0.9495881600700617
1278	120	0.9301153103167705
1279	70	1.2019838792211384
1279	80	0.9159547717135119
1279	90	0.9039143450592575
1279	100	0.9262227454916805
1279	110	0.9154079611307736
1279	120	0.9350168618998742
1280	70	3.844126488503701
1280	80	2.4301740361053508
1280	90	1.4300874444712057
1280	100	1.1216828193414838
1280	110	1.0323669389217711
1280	120	0.9771684258165839
1281	70	0.44752132255947386
1281	80	0.6052684129414708
1281	90	0.84896319223414
1281	100	1.0747926622199777
1281	110	1.147014558744169
1281	120	1.211597133213656
1282	70	1.8764822560796979
1282	80	2.2623084944718657
1282	90	1.622844948053635
1282	100	1.2463989419816457
1282	110	1.1742724446166113
1282	120	1.1065384247449686
1283	70	0.4763606941243956
1283	80	0.511149116613315
1283	90	0.6929259745344291
1283	100	0.8741006223177566
1283	110	0.9286537489906578
1283	120	1.0004218299197445
1284	70	1.9885763882962966
1284	80	1.4388848221029604
1284	90	1.307677776046684
1284	100	1.399659226768644
1284	110	1.3881776602828122
1284	120	1.3389799253162362
1285	70	1.476347051650851
1285	80	1.5590656907213976
1285	90	1.1167681513366543
1285	100	0.9625333289695769
1285	110	0.9263466118609358
1285	120	0.8982349610995014
1286	70	1.0791239389209242
1286	80	1.1885828841236636
1286	90	1.1098066799867887
1286	100	1.2130682768718388
1286	110	1.0913568298133198
1286	120	1.060691614139615
1287	70	1.0826939663231525
1287	80	1.0243266205515238
1287	90	1.0281251523172048
1287	100	0.9097199904274512
1287	110	0.90533662835179
1287	120	0.8799011716808389
1288	70	1.1936440822523606
1288	80	1.3215848210170051
1288	90	1.6244617811544586
1288	100	1.2815769465632452
1288	110	1.2190381844337927
1288	120	1.1975914295732566
1289	70	1.58451221408523
1289	80	1.260048321602085
1289	90	1.1538712331754368
1289	100	0.971898153265542
1289	110	0.9335009314925963
1289	120	0.9154802802155932
1290	70	0.43662310060648873
1290	80	0.7164867744297312
1290	90	0.8446463664070152
1290	100	0.9202127629987206
1290	110	1.0089512745009024
1290	120	1.0641825728585221
1291	70	1.3099163192543781
1291	80	0.8383760254421403
1291	90	0.9336776068382479
1291	100	1.0562618656536715
1291	110	1.0419875447079165
1291	120	1.0519533479414998
1292	70	0.5418849822930171
1292	80	0.7888674964075826
1292	90	0.8452417949521875
1292	100	0.909371222767289
1292	110	0.9683163513021935
1292	120	0.9916275504978992
1293	70	1.3236591851582746
1293	80	1.079944870677022
1293	90	1.0450488023118623
1293	100	1.1468314349744366
1293	110	1.0948904637714978
1293	120	1.07180060351516
1294	70	1.8564642474923996
1294	80	1.3750372090265128
1294	90	1.0095672946580267
1294	100	1.0284660709485471
1294	110	0.9696866966482527
1294	120	0.9285762832754605
1295	70	0.9421358114742997
1295	80	0.7480869787620433
1295	90	0.6854927146256441
1295	100	0.8206681190561473
1295	110	0.8312878138557216
1295	120	0.8572204899647798
1296	70	3.0136792916886224
1296	80	1.8989526484776147
1296	90	1.4846923867760844
1296	100	1.288780552876023
1296	110	1.2824254178536159
1296	120	1.2587796724954325
1297	70	0.877818363266309
1297	80	0.9258092191909565
1297	90	0.9288093165239316
1297	100	1.0534414964617846
1297	110	1.028128567167914
1297	120	0.9954009616286545
1298	70	0.4918622564429679
1298	80	0.5879358349495322
1298	90	0.8179109186993888
1298	100	0.9345169552907385
1298	110	0.9683988181789936
1298	120	0.9979321713693133
1299	70	1.4530303565474934
1299	80	1.1257231419645046
1299	90	1.0078230994435093
1299	100	0.9387384971528683
1299	110	0.9741002392065916
1299	120	0.9805795268480579
1300	70	1.8236847938360952
1300	80	1.2797684999047794
1300	90	1.3087769329428722
1300	100	1.2452185671219886
1300	110	1.2012678362499145
1300	120	1.1920770621214514
1301	70	1.2475646842962187
1301	80	1.1670324823836458
1301	90	1.0441886744701865
1301	100	1.1457866557988203
1301	110	1.1005656618675106
1301	120	1.0793453264452089
1302	70	0.5081454191223229
1302	80	0.49671669067118407
1302	90	0.5769777576792287
1302	100	0.6817329433614854
1302	110	0.7312576973663147
1302	120	0.7839398472425254
1303	70	1.0992529297252942
1303	80	1.1340664348331508
1303	90	1.2948973123538672
1303	100	1.253807260927228
1303	110	1.1479635159784738
1303	120	1.1385774868343062
1304	70	1.7226203068452157
1304	80	1.1263595065730214
1304	90	0.9846535855135629
1304	100	0.9705214949659504
1304	110	0.9317742348909499
1304	120	0.9325242775330941
1305	70	1.16780701778392
1305	80	0.9678041268249
1305	90	0.8277479027282911
1305	100	0.8241587504474448
1305	110	0.8039524404906151
1305	120	0.7982305529012313
1306	70	0.40185490865725654
1306	80	0.49427645479739835
1306	90	0.7098040775084411
1306	100	0.7904607936369649
1306	110	0.8493746697737106
1306	120	0.918260617379716
1307	70	0.541273354585283
1307	80	0.5439298218524031
1307	90	0.6198777615860878
1307	100	0.7805163844224763
1307	110	0.8017033655792364
1307	120	0.8176119605816428
1308	70	2.64979796073493
1308	80	1.8176107041797849
1308	90	1.775196462730567
1308	100	1.3449304549144234
1308	110	1.2567678849299402
1308	120	1.222243375941809
1309	70	0.44712760071302315
1309	80	0.6632134469218288
1309	90	0.8740585832264689
1309	100	1.0086600171541007
1309	110	1.0366728910944536
1309	120	1.071748856469608
1310	70	0.6032424680405941
1310	80	0.6286319569876834
1310	90	0.7059493957800059
1310	100	0.7684659772024219
1310	110	0.8263030662321128
1310	120	0.8818688783043304
1311	70	0.7278280593974799
1311	80	0.6145617515148779
1311	90	0.6143909919247018
1311	100	0.7590139924573455
1311	110	0.7783749159284126
1311	120	0.8035421534883836
1312	70	0.9466494809921325
1312	80	1.1447604800050812
1312	90	0.9895336263039811
1312	100	0.9631067276555069
1312	110	0.95355086799729
1312	120	0.9057181156074547
1313	70	0.7597478730877563
1313	80	1.0845307967248776
1313	90	1.0546029999229696
1313	100	0.9703093135991808
1313	110	0.9429484805380932
1313	120	0.9498326071573227
1314	70	1.1381776495704932
1314	80	1.065853085650012
1314	90	1.1012542745290737
1314	100	1.0110039157240824
1314	110	1.0451281237579506
1314	120	1.0451545385144991
1315	70	0.4218639415548167
1315	80	0.6751986985780913
1315	90	0.9086174847152348
1315	100	0.9759529583873797
1315	110	1.0032936223960378
1315	120	1.0375059577242076
1316	70	0.5398949811759448
1316	80	0.6781365748716462
1316	90	0.8600901383526254
1316	100	0.97830289979781615
1316	110	1.0063770247995119
1316	120	1.017910609437136
1317	70	1.4621260844684045
1317	80	1.4515580214793253
1317	90	1.465895531019838
1317	100	1.0811203222255397
1317	110	1.0481965180072799
1317	120	1.0469968785316963
1318	70	0.5934104261886249
1318	80	0.8575997616873416
1318	90	0.9674538164758135
1318	100	1.0042858833964938
1318	110	0.9943732481859643
1318	120	1.0028466336163468
1319	70	2.5057459843627323
1319	80	1.5249716212023123
1319	90	1.1985939278087332
1319	100	1.0039694731873319
1319	110	1.0198913150607338
1319	120	1.0252214907494452
1320	70	2.4894737087970125
1320	80	1.9725467665299545
1320	90	1.4793827521602256
1320	100	1.2981105151026504
1320	110	1.2227378039101475
1320	120	1.1505513754276364
1321	70	2.24930129563256
1321	80	2.41268792008765
1321	90	1.434571717420368
1321	100	1.299970832828694
1321	110	1.2124361777119268
1321	120	1.141964468333719
1322	70	0.36680619441846274
1322	80	0.4820662436135111
1322	90	0.697279414856229
1322	100	0.8871398295959176
1322	110	0.9254152290296602
1322	120	0.9988242316788692
1323	70	0.9857263894203033
1323	80	1.0579099804786618
1323	90	1.178103550104714
1323	100	1.1390072832025848
1323	110	1.1054953341358642
1323	120	1.0658278285595835
1324	70	0.9688534000149766
1324	80	0.9201942101199144
1324	90	0.8426137690938957
1324	100	0.8390316270008037
1324	110	0.9005346409623
1324	120	0.9194070619587318
1325	70	0.43522643617277834
1325	80	0.6747574820512369
1325	90	0.8366001746517318
1325	100	1.0218014180383759
1325	110	1.0030106381677302
1325	120	1.0512026792284466
1326	70	1.907178455800792
1326	80	1.4442286814112988
1326	90	1.1638702030229493
1326	100	0.9209360165758566
1326	110	0.923594685465047
1326	120	0.8970603368393852
1327	70	1.2057896631594152
1327	80	0.8847443678808473
1327	90	0.9627908412062898
1327	100	0.9725483213207301
1327	110	0.9341656939546001
1327	120	0.966305492561701
1328	70	0.5351090228122256
1328	80	0.656064731022176
1328	90	0.7378139702927021
1328	100	0.8349596862239743
1328	110	0.8530894795589254
1328	120	0.865198201831061
1329	70	0.6368135505764814
1329	80	1.028232573795807
1329	90	1.1147424594885782
1329	100	1.0397320790837674
1329	110	1.06239582585091
1329	120	1.078636801757129
1330	70	1.42048050688749
1330	80	1.4975362726812826
1330	90	1.3447222268106667
1330	100	1.268714061506616
1330	110	1.2113224743453403
1330	120	1.1757886885526847
1331	70	1.8820178383660355
1331	80	1.001641060880614
1331	90	0.8520256779550446
1331	100	0.8664019448631619
1331	110	0.8504968197572571
1331	120	0.8485241972930703
1332	70	1.20687058934377
1332	80	1.1528110129427933
1332	90	1.1941163337239487
1332	100	1.0344829599825887
1332	110	1.031476377938003
1332	120	1.0413329991233402
1333	70	1.414867079696291
1333	80	1.2539880955041798
1333	90	1.2396162496502248
1333	100	1.1483700626682178
1333	110	1.0507950164098256
1333	120	1.0554547027735683
1334	70	0.49769149326843354
1334	80	0.8204330092275341
1334	90	1.096218396855871
1334	100	0.8932526657865492
1334	110	0.9517622481842725
1334	120	0.9674707290636648
1335	70	0.39141691009861923
1335	80	0.6236181962667142
1335	90	0.8045495364172954
1335	100	0.7967206833175993
1335	110	0.8132259217317542
1335	120	0.8325044360474848
1336	70	1.3892904639801646
1336	80	1.4690430195144686
1336	90	1.3781662518788207
1336	100	1.145191366732593
1336	110	1.0983040335300622
1336	120	1.073702719297299
1337	70	0.48070038343365895
1337	80	0.7942714612978263
1337	90	0.9799009812666297
1337	100	1.0569153928656618
1337	110	1.1505970267100434
1337	120	1.181637700772124
1338	70	1.3733673200991345
1338	80	1.1409436983312724
1338	90	1.003485376441343
1338	100	1.0019531629550158
1338	110	0.9773916098123483
1338	120	0.9624153231956051
1339	70	1.525210271208621
1339	80	1.5763018312947215
1339	90	1.3972838655854358
1339	100	1.2682558637037784
1339	110	1.219240673430527
1339	120	1.1610712022834042
1340	70	1.4573824827249282
1340	80	1.2627092750453919
1340	90	0.94985510980546894
1340	100	1.0502177743245702
1340	110	0.9810044464867153
1340	120	0.9402230776710833
1341	70	0.4452784128365078
1341	80	0.5818366687203793
1341	90	0.8483548719366015
1341	100	0.8917336125286237
1341	110	0.9437268748755778
1341	120	0.9520649811871702
1342	70	1.4123924244031894
1342	80	1.1742414330382942
1342	90	1.0758119869771365
1342	100	1.1238544582764491
1342	110	1.0810306956322082
1342	120	1.0497969263086473
1343	70	1.421384017634475
1343	80	1.0793029977384547
1343	90	0.9978004378284085
1343	100	0.8999764519617665
1343	110	0.9269991789703962
1343	120	0.9521425445871975
1344	70	1.3255517614044305
1344	80	1.0077999909053537
1344	90	0.9058846558714043
1344	100	0.7566984291319505
1344	110	0.7734520409185855
1344	120	0.8009813529830522
1345	70	2.174796309515136
1345	80	1.718107891339855
1345	90	1.353834066261601
1345	100	0.9751640537149175
1345	110	0.9376946181027914
1345	120	0.9433032912603015
1346	70	0.905518128489072
1346	80	0.8017860262310246
1346	90	0.8939076668188587
1346	100	1.0019369245536591
1346	110	1.021835336236797
1346	120	1.0153020106135229
1347	70	0.6426039395653412
1347	80	0.817582913294902
1347	90	0.9166425388145603
1347	100	0.8897740875795461
1347	110	0.934641389093586
1347	120	0.9092028839449893
1348	70	1.4813809156207989
1348	80	1.499265751967318
1348	90	1.542910677285212
1348	100	1.6037555189872035
1348	110	1.4863024723456917
1348	120	1.4084861543471385
1349	70	1.671810405975829
1349	80	1.3286927384159248
1349	90	1.1768453852246832
1349	100	1.117243134287137
1349	110	1.1346426302590236
1349	120	1.1026154513200788
1350	70	0.9287756583305651
1350	80	1.0063919227061826
1350	90	0.9161172102136187
1350	100	0.8583599102644968
1350	110	0.9082786502368632
1350	120	0.9127454320750469
1351	70	1.331115652395322
1351	80	1.1881927472639562
1351	90	1.1165170163712974
1351	100	1.1198162903738247
1351	110	1.012684385102218
1351	120	0.9753186507613081
1352	70	2.00747639726247
1352	80	1.2358904884232806
1352	90	1.1351520471195304
1352	100	0.9750297042759019
1352	110	0.9475849971189725
1352	120	0.921281695057252
1353	70	0.470654202774409
1353	80	0.74492423962688
1353	90	1.1358773633279513
1353	100	1.231318053978868
1353	110	1.288009842841634
1353	120	1.3504080605439366
1354	70	1.4730048201855064
1354	80	1.64993106472581
1354	90	1.3076194067108995
1354	100	1.308415619336919
1354	110	1.2015333914667772
1354	120	1.1292517119481238
1355	70	1.3333245124073314
1355	80	1.1211161437148442
1355	90	1.0647927171585254
1355	100	1.0621456348461584
1355	110	1.0350940361069776
1355	120	1.0202715432342693
1356	70	1.1996304286102422
1356	80	1.0631962406036635
1356	90	1.1640574074944776
1356	100	1.3207315272495326
1356	110	1.3400949372689148
1356	120	1.3018994586214707
1357	70	0.6364204116540072
1357	80	0.6417518853727141
1357	90	0.767390943340018
1357	100	0.765109280312363
1357	110	0.8208370732586175
1357	120	0.8613212885337688
1358	70	1.2377291280097618
1358	80	0.8864832046536704
1358	90	0.9254995748846029
1358	100	0.9797590085567356
1358	110	1.0196678896799112
1358	120	1.0283783100287547
1359	70	3.2612299473838573
1359	80	2.0618284655795693
1359	90	1.3089053713677303
1359	100	1.1227520153013564
1359	110	1.1146734424067872
1359	120	1.0760305456348633
1360	70	1.8478675064490215
1360	80	1.9692825612177978
1360	90	1.4495030947789296
1360	100	1.5369887651324152
1360	110	1.3603966482793608
1360	120	1.2862125598052931
1361	70	0.9699145811475915
1361	80	0.8725017212108548
1361	90	0.9247192951918555
1361	100	0.9955357073404535
1361	110	1.0072524252592503
1361	120	1.0135345945322727
1362	70	0.5195369835129542
1362	80	0.5514290336474933
1362	90	0.6702463434617847
1362	100	0.7899478930935379
1362	110	0.8360820285943836
1362	120	0.8605156526509994
1363	70	0.43959990104163926
1363	80	0.6847591736905676
1363	90	0.7749529615108041
1363	100	0.9549468208817744
1363	110	0.9769840245451589
1363	120	0.998214219944039
1364	70	1.275660070920712
1364	80	1.3437396860243016
1364	90	1.009087691881585
1364	100	0.834621243497201
1364	110	0.8138335392337834
1364	120	0.8137543377806656
1365	70	0.9058162773364256
1365	80	1.0864529846207975
1365	90	0.9584048825674611
1365	100	0.788480593127988
1365	110	0.7825404967301179
1365	120	0.7615609844311255
1366	70	1.5436747999459055
1366	80	0.9429897387117002
1366	90	0.9224130856307728
1366	100	0.9056189414559216
1366	110	0.9008389237114984
1366	120	0.8899563197506215
1367	70	0.5199153007535136
1367	80	0.7663366787372836
1367	90	0.9093833200402214
1367	100	1.0704084305626476
1367	110	1.0688168837026808
1367	120	1.0838938226787294
1368	70	2.7286084613765835
1368	80	2.3000276022714483
1368	90	1.4413117625444207
1368	100	1.2280492240625194
1368	110	1.1607571364678106
1368	120	1.1299917820641454
1369	70	1.100981147352408
1369	80	1.3530407529840929
1369	90	1.3006320599017915
1369	100	1.4626356548977144
1369	110	1.3719060947422663
1369	120	1.2856427203239913
1370	70	0.9767829936093884
1370	80	1.1480262252032982
1370	90	1.1831617678668755
1370	100	1.2250893429116718
1370	110	1.1946882888710453
1370	120	1.181393454363332
1371	70	1.4706271739875154
1371	80	1.1219169429429732
1371	90	0.8467173918494408
1371	100	0.8791956569274958
1371	110	0.9095797296122778
1371	120	0.9140475308413837
1372	70	0.9071481903679584
1372	80	1.0653353022310608
1372	90	0.935696830216654
1372	100	0.8058317020135324
1372	110	0.8142456559922788
1372	120	0.807733770024796
1373	70	0.7056430785427802
1373	80	0.6904467844902333
1373	90	0.7467977773973313
1373	100	0.8124692134905777
1373	110	0.8206117196588438
1373	120	0.8569664973918595
1374	70	2.4103783143286526
1374	80	2.083743102896693
1374	90	1.6900165686019504
1374	100	1.3224501193887783
1374	110	1.2421018631082226
1374	120	1.2127547866035373
1375	70	1.7810990304348973
1375	80	1.627629791920059
1375	90	1.3325856508272962
1375	100	1.290856510898945
1375	110	1.2165075878158083
1375	120	1.1436506124975439
1376	70	1.6379492399483113
1376	80	0.9510353673821074
1376	90	0.745522033859139
1376	100	0.8776439443508822
1376	110	0.8860020469962281
1376	120	0.8666850432092962
1377	70	1.2806534591485303
1377	80	1.1448602745923444
1377	90	1.1445980083694034
1377	100	1.014475782403852
1377	110	0.9315111289187796
1377	120	0.921762004992875
1378	70	1.1569007267648928
1378	80	1.3483431791666112
1378	90	1.5257821841136958
1378	100	1.4626625736009842
1378	110	1.3600733047362248
1378	120	1.3263704304603317
1379	70	1.830612752680286
1379	80	1.1019170415699278
1379	90	0.9140044975917377
1379	100	0.9552988427781572
1379	110	0.9487276101878027
1379	120	0.9182643530323833
1380	70	0.6071273846343738
1380	80	0.8426110508362235
1380	90	0.9753102307027263
1380	100	1.1586569385396528
1380	110	1.1539100356830767
1380	120	1.1658641816704607
1381	70	0.36430017099405937
1381	80	0.6339293396165353
1381	90	0.9303185556803992
1381	100	1.0008366353113802
1381	110	1.0508247319426698
1381	120	1.066124560248637
1382	70	0.499322267394415
1382	80	0.5509188458556495
1382	90	0.7466095451865012
1382	100	0.7885993424479087
1382	110	0.8241944546264216
1382	120	0.8709227124598573
1383	70	2.2085911068478996
1383	80	1.1401326211601785
1383	90	0.8388490993981869
1383	100	0.84243696935502
1383	110	0.8548818230605284
1383	120	0.8367730081706559
1384	70	1.637476470303807
1384	80	1.7790860563089015
1384	90	1.6981453961470538
1384	100	1.19761337491509
1384	110	1.1244196434549214
1384	120	1.0897224530002148
1385	70	1.238363229473806
1385	80	0.9882948623595901
1385	90	1.0153470468067107
1385	100	0.9100771778330875
1385	110	0.9136257651740975
1385	120	0.9088815824362947
1386	70	1.461501713744711
1386	80	1.6292173504098786
1386	90	1.2638482897444714
1386	100	1.3940620233488474
1386	110	1.3140082988178126
1386	120	1.2497185623234826
1387	70	1.3162956561196852
1387	80	1.4293261363135288
1387	90	1.4090776819227258
1387	100	1.4701513352416302
1387	110	1.4528005699513455
1387	120	1.3994762735862485
1388	70	1.2902467686342194
1388	80	1.4333665394259307
1388	90	1.2643687133006607
1388	100	1.0342669220699297
1388	110	1.0515409269909135
1388	120	1.0269708669885391
1389	70	1.4290052525298593
1389	80	1.5510452943051323
1389	90	1.0039695068662355
1389	100	0.9596321789270206
1389	110	0.9862885577037216
1389	120	0.9615701142206399
1390	70	0.5029083888733344
1390	80	0.5389812315632385
1390	90	0.6867159506371965
1390	100	0.8067958395678981
1390	110	0.8668099760651574
1390	120	0.9142556881579127
1391	70	1.5029754388500831
1391	80	1.398788781097219
1391	90	0.9994568376743578
1391	100	0.8119135780185386
1391	110	0.8507593409130723
1391	120	0.8442275934584859
1392	70	1.6989930001803768
1392	80	1.2156399232764556
1392	90	1.0185510650542422
1392	100	0.83624239865848915
1392	110	0.7911363210226829
1392	120	0.7773364414612584
1393	70	1.0229848630022766
1393	80	1.2350153481598418
1393	90	1.2185606832228906
1393	100	1.3220928513767092
1393	110	1.3324779610112056
1393	120	1.2888641623184225
1394	70	1.83122089667688
1394	80	1.5943778957057348
1394	90	0.9520992486841673
1394	100	0.9284648281603065
1394	110	0.9000438656862075
1394	120	0.8984808139509233
1395	70	1.5335135518326561
1395	80	1.4703705893363352
1395	90	1.3258115914738395
1395	100	1.1093414536117217
1395	110	1.0801328116286188
1395	120	1.0657891453936568
1396	70	1.5126255762009042
1396	80	1.1520217898161103
1396	90	0.9573165766120505
1396	100	0.9465040763533845
1396	110	0.9663276132166034
1396	120	0.9558989785824906
1397	70	1.84508814693636
1397	80	1.4539147553687264
1397	90	1.2316338690573532
1397	100	0.9005277776718817
1397	110	0.8779589461485626
1397	120	0.8723394966725371
1398	70	1.6275947485801916
1398	80	1.9860094908598316
1398	90	1.5677920177514764
1398	100	1.140963167516186
1398	110	1.1043138797041565
1398	120	1.0652364663374845
1399	70	1.321497530674338
1399	80	1.0489482687913227
1399	90	1.026875656974621
1399	100	0.9467858187909044
1399	110	0.841762581659403
1399	120	0.8211705403261573
1400	70	2.01363271413667
1400	80	0.9598761693385307
1400	90	0.8907324221619318
1400	100	0.9296583423578781
1400	110	0.917455110551674
1400	120	0.9187362062063341
1401	70	2.0884751941575694
1401	80	1.4575575691249956
1401	90	1.1018706275133479
1401	100	1.2350458506039057
1401	110	1.168430978739702
1401	120	1.1064944328793598
1402	70	0.7576294108125544
1402	80	0.7915357832639657
1402	90	0.8334780077004864
1402	100	0.9593796070469329
1402	110	0.9476685646002512
1402	120	0.9217578841582208
1403	70	1.062625795239056
1403	80	1.0950850331093807
1403	90	1.124262277602048
1403	100	0.9696436436775615
1403	110	0.9559996912850299
1403	120	0.9429575958245712
1404	70	0.5106787299638529
1404	80	0.6807600485894143
1404	90	0.8493059590411012
1404	100	1.0098327759027397
1404	110	1.0730690305967325
1404	120	1.0961725088756795
1405	70	2.1916373789250123
1405	80	1.470601718686596
1405	90	0.9639760566216277
1405	100	0.9556936572473723
1405	110	0.8987393017299388
1405	120	0.8615573530340964
1406	70	2.099532245903462
1406	80	1.190422792984071
1406	90	1.1030120332392785
1406	100	1.0660556866864621
1406	110	1.076685311463251
1406	120	1.053882003802932
1407	70	0.6073789821187792
1407	80	0.6938196389302195
1407	90	0.8101360120839786
1407	100	0.8098231940462474
1407	110	0.8936177141165833
1407	120	0.9383729371917533
1408	70	0.7218620637222899
1408	80	1.1108362220684214
1408	90	1.3843379146068997
1408	100	1.1900076834145323
1408	110	1.2135430998172807
1408	120	1.2295212917149918
1409	70	0.7637743588610578
1409	80	0.6627715595813922
1409	90	0.7989901678561139
1409	100	0.912278697294462
1409	110	0.9142224243538308
1409	120	0.955430106413366
1410	70	0.8133026198071761
1410	80	1.0290234858435057
1410	90	1.1874198610965474
1410	100	1.1449333918243452
1410	110	1.1902052376246972
1410	120	1.2160308042347543
1411	70	1.4348017219975038
1411	80	1.1953721992573534
1411	90	1.421204007551367
1411	100	1.2740539365284504
1411	110	1.2584975086284886
1411	120	1.2467564234111026
1412	70	3.2279445208742636
1412	80	1.9905008706668217
1412	90	1.332250229330994
1412	100	1.2146942406191275
1412	110	1.164525092460831
1412	120	1.119572847010709
1413	70	0.8185463124649447
1413	80	0.889137896707776
1413	90	0.9243307149802086
1413	100	1.0295291521260272
1413	110	0.9637439204931889
1413	120	0.9344916252265513
1414	70	0.6803341336750671
1414	80	0.8980973072952045
1414	90	0.9991698552913885
1414	100	0.9422787973575588
1414	110	0.9393759571970035
1414	120	0.9442693971239717
1415	70	1.3023086588942028
1415	80	1.0885171733070902
1415	90	0.9445603578958681
1415	100	0.9519258294627982
1415	110	0.9264467466047974
1415	120	0.9036411347029826
1416	70	0.48185234379497527
1416	80	0.8042803477409488
1416	90	0.9793788285280582
1416	100	1.0167919008212742
1416	110	1.0375882112144619
1416	120	1.0498047510227528
1417	70	1.9852400652818394
1417	80	1.2477457302524169
1417	90	1.1242935909904122
1417	100	1.0230373864547109
1417	110	0.9621990326774915
1417	120	0.9312011285803805
1418	70	1.6109792701789343
1418	80	0.9850931124583782
1418	90	0.9915615973925637
1418	100	0.8048920886751212
1418	110	0.8150528115113596
1418	120	0.8393916604662455
1419	70	0.5000949243764079
1419	80	0.45365594507766105
1419	90	0.611116300796758
1419	100	0.7957263935682023
1419	110	0.8478468791399888
1419	120	0.9042328361180011
1420	70	1.9011558095163439
1420	80	1.6494007260606105
1420	90	1.6007647932651172
1420	100	1.4023331308639468
1420	110	1.2806094363478209
1420	120	1.248710102337
1421	70	2.531842166159625
1421	80	1.950204594356064
1421	90	1.3541407522957059
1421	100	1.2087901869024102
1421	110	1.1840407372465405
1421	120	1.1054804006088939
1422	70	1.3648669452868056
1422	80	1.0907533785732264
1422	90	1.0700844634120155
1422	100	1.1945034090827662
1422	110	1.160627569675285
1422	120	1.154415971467736
1423	70	1.4903175491662861
1423	80	1.6484765980253493
1423	90	1.3037859808569339
1423	100	1.274741074834762
1423	110	1.215237427306175
1423	120	1.1593289109820621
1424	70	2.4966714232228697
1424	80	2.0769303986449947
1424	90	1.52392729213893
1424	100	1.1551296565103308
1424	110	1.0404619262580945
1424	120	1.0078351103976089
1425	70	1.4840415489550804
1425	80	1.1266775464330814
1425	90	1.232646928076007
1425	100	1.2796559329967931
1425	110	1.1855967371125091
1425	120	1.155590522217928
1426	70	2.042199927715981
1426	80	1.4132566686599788
1426	90	1.3192843534791772
1426	100	1.1378861328239775
1426	110	1.0887079591814286
1426	120	1.103881267588206
1427	70	0.77759598095013
1427	80	0.6905975874169539
1427	90	0.6793100426037781
1427	100	0.6929962960741035
1427	110	0.7363029660521849
1427	120	0.7812052607023174
1428	70	1.278754509377392
1428	80	0.8797162266937362
1428	90	0.8003589548951467
1428	100	0.7796454307727997
1428	110	0.7987208483084193
1428	120	0.8303684187763061
1429	70	0.7101554600515706
1429	80	0.9598575857277695
1429	90	1.0995696456650503
1429	100	1.072335490183834
1429	110	1.1413010179622172
1429	120	1.1769407209267033
1430	70	1.54746178100414
1430	80	1.2139719977358507
1430	90	1.0902269989294173
1430	100	0.921983242027316
1430	110	0.9403232354576901
1430	120	0.9403899705982244
1431	70	1.6994293406980185
1431	80	1.6078520567793355
1431	90	1.5146455740779172
1431	100	1.2882672708321783
1431	110	1.204495301833497
1431	120	1.1647450441170815
1432	70	1.03364028021084
1432	80	0.6481694473205035
1432	90	0.5651006903599901
1432	100	0.7058088570158816
1432	110	0.7395111079496269
1432	120	0.7607951384882136
1433	70	0.7812054269957966
1433	80	0.9475704442075888
1433	90	1.2171724195807854
1433	100	1.2132323888751895
1433	110	1.2305591317010893
1433	120	1.2322821936888642
1434	70	2.756084897710027
1434	80	1.7103843809706727
1434	90	1.6776622664798613
1434	100	1.5357576148517935
1434	110	1.474010105588231
1434	120	1.4468443656341274
1435	70	2.509985465756642
1435	80	1.6889935354852095
1435	90	1.2848522144536558
1435	100	1.3095000362785432
1435	110	1.2752597504145384
1435	120	1.2099478594580177
1436	70	0.6123532414034302
1436	80	0.5061803526198632
1436	90	0.6256033616168112
1436	100	0.7416060379929653
1436	110	0.7988901916425181
1436	120	0.8341487569544165
1437	70	1.7329223321007834
1437	80	1.0786457306215602
1437	90	0.9187561702525807
1437	100	0.8521708881938697
1437	110	0.8619339214158452
1437	120	0.8506371859387968
1438	70	1.4506328977208216
1438	80	1.2073907581149659
1438	90	1.3155107454524344
1438	100	1.158323477756281
1438	110	1.135896320889806
1438	120	1.1248919417217595
1439	70	1.0944795521483162
1439	80	0.8290733506665331
1439	90	0.901594218746688
1439	100	0.891506418985451
1439	110	0.8735915402496405
1439	120	0.9050690183246771
1440	70	0.8542868155098701
1440	80	0.9390522322036221
1440	90	1.137739536599664
1440	100	1.1663170632529336
1440	110	1.1257085074274025
1440	120	1.1199972982762383
1441	70	0.4802869170575344
1441	80	0.7344174500608036
1441	90	1.061776180232723
1441	100	1.1481049062701048
1441	110	1.1924916134908217
1441	120	1.191440641362324
1442	70	1.5560774269429047
1442	80	1.0298781031447208
1442	90	0.7830391410899169
1442	100	0.8202404704355002
1442	110	0.7917288483411217
1442	120	0.8023239098188717
1443	70	0.8075791002311091
1443	80	0.7512720675669391
1443	90	0.8718097321115913
1443	100	1.0123255850082922
1443	110	1.0318332377970627
1443	120	1.0148987584492901
1444	70	1.0876861391544104
1444	80	1.2074550684779701
1444	90	1.2030598931025915
1444	100	1.2416010342885397
1444	110	1.1984974791290155
1444	120	1.1814300755300626
1445	70	1.1316236618018634
1445	80	1.0632991506597222
1445	90	1.0526597015993697
1445	100	1.0918665005850057
1445	110	1.0879708521777611
1445	120	1.0859510858326709
1446	70	0.7726777315978246
1446	80	0.6408646403028166
1446	90	0.6704781011890016
1446	100	0.738012180246451
1446	110	0.754900497027985
1446	120	0.7762205561643495
1447	70	3.3741678758143197
1447	80	1.6311934046242547
1447	90	1.0928639700999563
1447	100	0.8811246621949161
1447	110	0.9004043416791946
1447	120	0.8753174240331544
1448	70	1.6116166595067838
1448	80	1.2792336428837872
1448	90	1.063446629186546
1448	100	1.2507682194123997
1448	110	1.252187142052592
1448	120	1.2112467099137287
1449	70	0.45115102436010524
1449	80	0.437704046281464
1449	90	0.613773940623624
1449	100	0.6270540456698547
1449	110	0.673073831370703
1449	120	0.7090688097282783
1450	70	0.6318024794700303
1450	80	0.8487337154666235
1450	90	0.9458379735287181
1450	100	1.1247154584618484
1450	110	1.1767908328080183
1450	120	1.1705256969758808
1451	70	0.7204797908835151
1451	80	0.9118052932994821
1451	90	0.9065256656962765
1451	100	1.067811561766905
1451	110	1.044579746290807
1451	120	1.040571425564155
1452	70	1.6954231393858685
1452	80	1.2105247823473484
1452	90	1.0514719102995498
1452	100	1.1096266602139573
1452	110	1.1139669356587072
1452	120	1.1020811921647324
1453	70	0.3501510544472302
1453	80	0.6409516191373392
1453	90	0.9728876012158855
1453	100	0.877660000545966
1453	110	0.9438878495911044
1453	120	0.9939655121690485
1454	70	0.7160350043178084
1454	80	0.7744275604769334
1454	90	0.748310955660503
1454	100	0.6983280139685606
1454	110	0.7535715289865449
1454	120	0.7855724122582904
1455	70	1.4157800060866157
1455	80	0.8291953138219511
1455	90	0.7782991803185719
1455	100	0.9081934807881143
1455	110	0.8991198980695156
1455	120	0.8923140769131035
1456	70	0.5216577594740555
1456	80	0.5888234835455515
1456	90	0.6929071037196168
1456	100	0.8944264994370271
1456	110	0.9457061903404733
1456	120	0.9561220923546182
1457	70	0.8281234183017555
1457	80	0.8967451089978995
1457	90	0.7628989623965218
1457	100	0.8310723707834994
1457	110	0.8737933869475014
1457	120	0.9116075947854493
1458	70	0.46659491274587184
1458	80	0.7221311473818075
1458	90	0.8496883716255703
1458	100	1.0315944281656726
1458	110	1.0074149726396595
1458	120	1.0351423530574873
1459	70	1.5306655946375656
1459	80	1.383685039760811
1459	90	0.9845776301835684
1459	100	0.9804114280979978
1459	110	0.9773528194170727
1459	120	0.9190885968077526
1460	70	0.7440443163160712
1460	80	0.7689960728680931
1460	90	0.8284043803185073
1460	100	0.9677099214967387
1460	110	0.9830289626784762
1460	120	1.0111855170788628
1461	70	1.4895408202358453
1461	80	1.125607428492388
1461	90	0.9392146229851498
1461	100	0.8937660263913515
1461	110	0.8723730867139962
1461	120	0.8734688944080563
1462	70	1.2614387333790609
1462	80	1.1433019337358004
1462	90	1.1379582717337287
1462	100	1.2655833054119137
1462	110	1.2761472306143482
1462	120	1.2298843766982415
1463	70	1.2586114200292198
1463	80	1.3051285860972897
1463	90	1.219679971068038
1463	100	0.986906281561994
1463	110	0.979903884350627
1463	120	0.9800833592347792
1464	70	0.6162984403930595
1464	80	0.7078273820599877
1464	90	0.9615817466981192
1464	100	1.064109105968186
1464	110	1.0879896154841624
1464	120	1.1045043476985337
1465	70	0.49205861469241086
1465	80	0.5855008668704988
1465	90	0.612669929205537
1465	100	0.8054925934353505
1465	110	0.8749824723722329
1465	120	0.9140263768521851
1466	70	1.392803443325863
1466	80	0.9962608549732339
1466	90	1.0307865873838704
1466	100	0.9375884220900187
1466	110	0.9227388884446145
1466	120	0.9341698283079541
1467	70	0.6369028441743063
1467	80	0.8615008997122976
1467	90	0.8894044480550203
1467	100	1.070441036069459
1467	110	1.0748253375039434
1467	120	1.0411803098240757
1468	70	1.3339060354986134
1468	80	1.488644820469859
1468	90	1.61476422784097
1468	100	1.317127606586997
1468	110	1.2737534944351379
1468	120	1.261056354841923
1469	70	0.522624713303619
1469	80	0.6043713359706988
1469	90	0.7628166858646699
1469	100	0.9855517121846633
1469	110	1.0589536362521978
1469	120	1.093404414541816
1470	70	2.3573342990997617
1470	80	2.1804674479208113
1470	90	1.9515366313453009
1470	100	1.6149599782430621
1470	110	1.3883245540807763
1470	120	1.2975278859803587
1471	70	1.1647924177350595
1471	80	0.8168743763255322
1471	90	0.9067712217349233
1471	100	0.9557003419717813
1471	110	0.9345987122468421
1471	120	0.9633504631213423
1472	70	0.5301884491060717
1472	80	0.8218358351151908
1472	90	0.9585746238613045
1472	100	1.0998833377220334
1472	110	1.120920180961825
1472	120	1.1349034541000609
1473	70	1.8176843303811334
1473	80	1.6932023942556944
1473	90	1.591905821926331
1473	100	1.3272281537474226
1473	110	1.2754143790017336
1473	120	1.2569903492642072
1474	70	1.6946319329780009
1474	80	1.0568485443739242
1474	90	0.7582105754188933
1474	100	0.692458587685532
1474	110	0.7005776165569565
1474	120	0.7181598587869537
1475	70	1.2865332018242213
1475	80	1.3436049147426565
1475	90	1.3352598681080587
1475	100	1.4109732964893609
1475	110	1.3616299761286057
1475	120	1.281688390767937
1476	70	1.917116605823016
1476	80	1.6357723864119753
1476	90	1.3706227372219486
1476	100	1.3655829562790995
1476	110	1.280748631175937
1476	120	1.2169952180699
1477	70	0.44783104514339356
1477	80	0.6930716729111193
1477	90	0.8111495170006838
1477	100	0.9688237165113934
1477	110	0.9865098053823406
1477	120	1.0116630484568359
1478	70	1.7311106946127797
1478	80	1.1444094367505306
1478	90	1.0111506635068002
1478	100	0.9698054655634151
1478	110	0.9331315550352514
1478	120	0.9355759173786262
1479	70	0.546115921307058
1479	80	0.9031186145983361
1479	90	0.9290634537199175
1479	100	0.9997710809275765
1479	110	1.0286297761584087
1479	120	1.044329715968973
1480	70	1.132137616493446
1480	80	1.26899788383961
1480	90	1.2334621311676837
1480	100	1.1890053523945279
1480	110	1.1643403483149293
1480	120	1.1462534931840669
1481	70	0.5519985577479255
1481	80	0.7248204068199923
1481	90	0.8143144102414579
1481	100	0.8723161211855188
1481	110	0.9133804092804716
1481	120	0.935856578886539
1482	70	0.649173705553073
1482	80	0.8349931649271551
1482	90	1.0068838194486336
1482	100	1.0180925756238681
1482	110	1.0811132996951116
1482	120	1.0852373310972616
1483	70	1.2140430170249221
1483	80	0.9262964805865925
1483	90	0.9395612388711686
1483	100	0.9481811289193549
1483	110	0.9621541036983202
1483	120	0.9588156450288212
1484	70	0.5469594804960182
1484	80	0.9019942659982834
1484	90	0.9090672491484479
1484	100	1.0298473674878463
1484	110	1.100428086335995
1484	120	1.1163540983219116
1485	70	1.580497575043083
1485	80	1.3950419482587477
1485	90	1.2080392620808935
1485	100	1.3195256698066318
1485	110	1.254369918632457
1485	120	1.226944365676995
1486	70	0.42061586815082674
1486	80	0.6358824025643388
1486	90	0.8163788005122578
1486	100	0.8171568760415827
1486	110	0.8767000554242105
1486	120	0.9069017954877558
1487	70	0.616102418401577
1487	80	0.9601369228423764
1487	90	1.1225554917959424
1487	100	1.1375142808819423
1487	110	1.1313111686792776
1487	120	1.1464869437676546
1488	70	0.44648770058821385
1488	80	0.6210661383847982
1488	90	0.7853462664097417
1488	100	0.8517445667264033
1488	110	0.914612379107704
1488	120	0.9456237019845262
1489	70	1.2063924922003024
1489	80	0.839274397078246
1489	90	0.8662777614099986
1489	100	0.9474642776540065
1489	110	0.9470925535097939
1489	120	0.9262741465718084
1490	70	2.0571133381088895
1490	80	1.5145419760222112
1490	90	1.5542149192889472
1490	100	1.2911246894996307
1490	110	1.21906903729553
1490	120	1.1854054670743943
1491	70	1.664259562048692
1491	80	1.1101105791018464
1491	90	0.9853986561132683
1491	100	0.8772486015022894
1491	110	0.8727452447093595
1491	120	0.8893479025062073
1492	70	1.2337627194062417
1492	80	0.9009178667361993
1492	90	0.9348974917082733
1492	100	1.0951262865383136
1492	110	1.0528174094805274
1492	120	1.0466392548385217
1493	70	0.7356749667757566
1493	80	1.0268224329113522
1493	90	1.2480012906242057
1493	100	1.233781842206184
1493	110	1.2787918348911953
1493	120	1.2494026281210038
1494	70	1.7211147020320074
1494	80	1.6774307227397427
1494	90	1.1041600406867667
1494	100	0.9879762415635672
1494	110	0.9606609646215325
1494	120	0.939906344964325
1495	70	1.2087116266410654
1495	80	1.4061571893300797
1495	90	1.5605944480298908
1495	100	1.289038643548601
1495	110	1.2175973625638288
1495	120	1.1990014992478937
1496	70	0.8070233226765327
1496	80	0.8546652639205566
1496	90	0.6999095116421523
1496	100	0.6484210698343152
1496	110	0.6753738885318071
1496	120	0.7002374710455677
1497	70	0.7510031657752736
1497	80	0.7035535121095307
1497	90	0.8345431535462261
1497	100	0.8040746013225465
1497	110	0.80634339894993
1497	120	0.8371993078080983
1498	70	1.6070910644629421
1498	80	1.7046496274105554
1498	90	1.4879117852748844
1498	100	1.5035852238011413
1498	110	1.4883561241340728
1498	120	1.4021076715055247
1499	70	1.1153110246304987
1499	80	0.940688610844456
1499	90	1.023828022785842
1499	100	0.9709714426196422
1499	110	1.0001182053938773
1499	120	1.0159667077657828
1500	70	0.36584295055655147
1500	80	0.5580283013742506
1500	90	0.7916081287590226
1500	100	0.958339964279258
1500	110	0.9744568388212381
1500	120	1.007913695195207
1501	70	1.8433948585323152
1501	80	1.7686667971146897
1501	90	1.1762147782754224
1501	100	0.9955342630691975
1501	110	0.930855991415594
1501	120	0.8787038968624717
1502	70	1.4405778031294794
1502	80	1.6710764844262438
1502	90	1.3557139977660007
1502	100	1.176259544640119
1502	110	1.1805033468813062
1502	120	1.144909988801751
1503	70	0.6089648795468077
1503	80	0.8653711377392314
1503	90	0.8082563697791867
1503	100	0.8499831409855338
1503	110	0.8725664632795828
1503	120	0.8869588726416838
1504	70	0.4441957521958407
1504	80	0.7383708928322538
1504	90	0.9169244348653324
1504	100	0.8974005111131145
1504	110	0.966520091182848
1504	120	0.9883050589398503
1505	70	0.3802928723862384
1505	80	0.6414161740450285
1505	90	0.8030199014508241
1505	100	0.8605439969212687
1505	110	0.9101230449493454
1505	120	0.972729214717113
1506	70	0.5726317256320643
1506	80	0.5348989151591582
1506	90	0.6299353642789639
1506	100	0.7716209358993473
1506	110	0.7654576940567641
1506	120	0.7987252467187901
1507	70	1.9801760969237054
1507	80	1.2400008224527561
1507	90	1.2138499749110638
1507	100	1.016195232714451
1507	110	1.0219918735559255
1507	120	1.0171024587834994
1508	70	0.4195718131211065
1508	80	0.7086865488209979
1508	90	0.8777324128343161
1508	100	0.9674149741521432
1508	110	1.045955832776884
1508	120	1.0625768551080925
1509	70	1.487827812350669
1509	80	1.3000804476529622
1509	90	1.3505812508664365
1509	100	1.3054084795969783
1509	110	1.217329969433191
1509	120	1.186508636522884
1510	70	1.4078268089856643
1510	80	0.9588328019869686
1510	90	0.9828816055498828
1510	100	1.1331255222267984
1510	110	1.122046230129258
1510	120	1.111000127487699
1511	70	0.5261281225361587
1511	80	0.5131130029708407
1511	90	0.5755089716309649
1511	100	0.6365667065990437
1511	110	0.7009941088967573
1511	120	0.7238429824363429
1512	70	1.339059535713903
1512	80	1.445559049264302
1512	90	1.1435920027932767
1512	100	1.1089779132136552
1512	110	1.086179872722764
1512	120	1.034589215324385
1513	70	0.5777125481711415
1513	80	0.8066741110155438
1513	90	0.9497761674196739
1513	100	0.8374469888275434
1513	110	0.9034683152853941
1513	120	0.9310872115891504
1514	70	0.8903922672469957
1514	80	1.3095903344740514
1514	90	1.1639270407326203
1514	100	1.155072370738944
1514	110	1.11330521657512
1514	120	1.1086709971682374
1515	70	1.7243147124897256
1515	80	1.4761852795431822
1515	90	1.2853204814622674
1515	100	1.1220167128836356
1515	110	1.117176163096318
1515	120	1.0703737555014023
1516	70	1.4492920757630097
1516	80	1.2087459558796683
1516	90	1.0697446620396702
1516	100	1.189863786250995
1516	110	1.1771608374181626
1516	120	1.1532551528186887
1517	70	0.6157601529861902
1517	80	0.5551621931946391
1517	90	0.6813176305896874
1517	100	0.6950790086674317
1517	110	0.7671847735176193
1517	120	0.8091276041486963
1518	70	0.8167360051103999
1518	80	0.7476720205833083
1518	90	0.6526587624722489
1518	100	0.8297476346764686
1518	110	0.8936216757582413
1518	120	0.9087314637026185
1519	70	0.5003708822100025
1519	80	0.7862204646026125
1519	90	1.098456198474926
1519	100	0.9948172995301876
1519	110	1.0684414980975354
1519	120	1.113104922105017
1520	70	0.3883631134652956
1520	80	0.59095944807958
1520	90	0.65600040779313
1520	100	0.8094713620104974
1520	110	0.8067339364090086
1520	120	0.829201939637821
1521	70	1.7977182865101513
1521	80	1.4313390819612888
1521	90	1.1731906057353811
1521	100	0.9572086004730515
1521	110	0.9559326874527371
1521	120	0.9395334332516482
1522	70	1.8825972009619587
1522	80	1.46875129298922
1522	90	1.2119457037749461
1522	100	1.1205975234794303
1522	110	1.0832936564694822
1522	120	1.0269568303933154
1523	70	1.8938787781624153
1523	80	1.4053624630767731
1523	90	1.100212980454613
1523	100	0.9776220545987233
1523	110	0.9272738684282255
1523	120	0.9382006138729079
1524	70	0.5827291562415734
1524	80	0.9847090907342785
1524	90	1.0060697351450965
1524	100	0.9024572301431011
1524	110	0.9970877487797011
1524	120	1.0137027965778718
1525	70	1.1253858976639823
1525	80	1.0057422133526932
1525	90	1.0254263338422902
1525	100	1.0402436096482583
1525	110	1.0559573863396328
1525	120	1.0362680981711794
1526	70	0.9785386792404849
1526	80	1.0026802376107404
1526	90	1.083786934995609
1526	100	1.0869063564537886
1526	110	1.0439230172311948
1526	120	1.0367259505189907
1527	70	0.5196315832296496
1527	80	0.7662094336551563
1527	90	0.9298904886179656
1527	100	0.9421029385089736
1527	110	0.995882900527395
1527	120	1.0012847258178386
1528	70	0.5080912204735901
1528	80	0.7688410723614697
1528	90	0.782498658908228
1528	100	0.7579110574835562
1528	110	0.8031940774555238
1528	120	0.8025726633787059
1529	70	1.1391013766758167
1529	80	0.8248796227462473
1529	90	0.8853314109534594
1529	100	0.9996480421504744
1529	110	0.9894012202777301
1529	120	0.9963914016708747
1530	70	0.43946323601778386
1530	80	0.5234869689568387
1530	90	0.6581063232340864
1530	100	0.7925929295601711
1530	110	0.826421778421366
1530	120	0.8879270430590637
1531	70	1.045568260394493
1531	80	0.8165649165112026
1531	90	0.8779318424789516
1531	100	0.9025842099111341
1531	110	0.891139443376449
1531	120	0.9176731921734884
1532	70	2.4420048777612644
1532	80	2.140241938478164
1532	90	1.706680550859687
1532	100	1.2258718670791504
1532	110	1.157238758852908
1532	120	1.1270330818549494
1533	70	1.8234826056339153
1533	80	1.6517348417927125
1533	90	1.2644734310713188
1533	100	1.1414714827184085
1533	110	1.0733536365555127
1533	120	1.0312883276548257
1534	70	0.5127162637496345
1534	80	0.6368196248252648
1534	90	0.8763379835521067
1534	100	0.930251025365585
1534	110	0.9228478449187533
1534	120	0.9548827646897098
1535	70	1.784046425066038
1535	80	1.555816944928703
1535	90	1.3661992435100128
1535	100	1.306724061653204
1535	110	1.2110857964090063
1535	120	1.1374109559094865
1536	70	2.488579301961115
1536	80	1.4960961934788217
1536	90	1.4114391076022532
1536	100	1.3861657376930538
1536	110	1.2913533748160784
1536	120	1.2840256300788444
1537	70	1.3726776731387307
1537	80	1.5691675549859692
1537	90	1.364457996486842
1537	100	1.4543460222151479
1537	110	1.3433650994521436
1537	120	1.2585397761561778
1538	70	0.40360536542420977
1538	80	0.5429633558078921
1538	90	0.6960494405931694
1538	100	0.8570462820554066
1538	110	0.9078302116047335
1538	120	0.9549818431617753
1539	70	1.023714826290141
1539	80	1.2551809016831685
1539	90	1.4417272082396233
1539	100	1.2834190373032945
1539	110	1.2423772422798363
1539	120	1.2099206006831436
1540	70	1.1443323994310097
1540	80	1.4275858400544563
1540	90	1.2326958353967419
1540	100	1.151481267618225
1540	110	1.145788415735849
1540	120	1.1227089312386371
1541	70	1.0458839968176359
1541	80	1.213506662953515
1541	90	1.583542706865111
1541	100	1.2953609105870565
1541	110	1.2823287788432327
1541	120	1.2407901919811837
1542	70	2.3593645114959427
1542	80	2.2109088468624916
1542	90	1.7197326893358775
1542	100	1.413496684430383
1542	110	1.3357585332348856
1542	120	1.2252915330787915
1543	70	1.2475302729057316
1543	80	1.414843682028514
1543	90	1.3377965513757033
1543	100	1.330738411972768
1543	110	1.3069197417640293
1543	120	1.2655723920196196
1544	70	1.0618368778098717
1544	80	1.0168920883986599
1544	90	0.8581351000591749
1544	100	0.915456710561407
1544	110	0.9222818687979215
1544	120	0.8815685407925808
1545	70	0.9342866687234136
1545	80	1.1050091330385756
1545	90	1.3381396253202273
1545	100	1.3535350048246706
1545	110	1.3178017093812024
1545	120	1.313245182052453
1546	70	1.6671135334964817
1546	80	1.5374626397069124
1546	90	1.040180855653043
1546	100	1.1010195454342844
1546	110	1.0776091460951382
1546	120	1.024509577381593
1547	70	0.4013922386828648
1547	80	0.5906701338327605
1547	90	0.7072064644969078
1547	100	0.7218065051269541
1547	110	0.7317128119736691
1547	120	0.786885277553067
1548	70	1.8465498075643412
1548	80	1.9997419202773532
1548	90	1.503976801416832
1548	100	1.1729402274670035
1548	110	1.1611436861955546
1548	120	1.0949459354843873
1549	70	0.3782878933697699
1549	80	0.5517111083528019
1549	90	0.6126029755203423
1549	100	0.7804008995341705
1549	110	0.8105744824628578
1549	120	0.8390258780886268
1550	70	2.0417263787936526
1550	80	1.3122610430926538
1550	90	1.0147295407575012
1550	100	0.940853930713641
1550	110	0.8827838774188429
1550	120	0.8912388231032586
1551	70	0.9589258747658681
1551	80	1.1043942835045002
1551	90	1.0348267512873999
1551	100	0.9539954809686506
1551	110	0.9132380513300051
1551	120	0.897580872534942
1552	70	0.9015484312635732
1552	80	0.9488447191123016
1552	90	1.133714126513344
1552	100	1.2695012934744652
1552	110	1.2742504838687467
1552	120	1.2631569504470779
1553	70	1.946725149842169
1553	80	1.0401219288549184
1553	90	0.777082252268102
1553	100	0.6558133117745805
1553	110	0.6777818422156129
1553	120	0.6911204789550928
1554	70	1.3617960337474782
1554	80	1.085263319140752
1554	90	1.0718121512125147
1554	100	1.0421751737541187
1554	110	0.965117692046022
1554	120	0.9556069022478563
1555	70	0.582199919885683
1555	80	0.7160915783720598
1555	90	0.7646767698048914
1555	100	0.7331105130360283
1555	110	0.7646638664923407
1555	120	0.7742530891607194
1556	70	1.7022942830067491
1556	80	1.776107823710678
1556	90	1.372112647656447
1556	100	1.3097266240476821
1556	110	1.1532487377108906
1556	120	1.1149807680287558
1557	70	1.6573570072173858
1557	80	1.81600760965679
1557	90	1.4578084429011777
1557	100	1.1896911584311376
1557	110	1.181464698445349
1557	120	1.1343177037969843
1558	70	1.2495154223944696
1558	80	0.8621604713597582
1558	90	0.919913096464883
1558	100	0.966544058996045
1558	110	0.9713641889518324
1558	120	1.0028059203866877
1559	70	0.8917024220874986
1559	80	1.1035929088235057
1559	90	1.098029761646162
1559	100	1.244493837384536
1559	110	1.2201969707544846
1559	120	1.1883387508762673
1560	70	0.972679828457441
1560	80	0.892909601850572
1560	90	0.8347528928728798
1560	100	1.0023170971315172
1560	110	1.0283526400889953
1560	120	1.0209308756009494
1561	70	0.46921380100858795
1561	80	0.4678749258011533
1561	90	0.5733521860633155
1561	100	0.6458849615641368
1561	110	0.7058366680493303
1561	120	0.7506867788649461
1562	70	1.2742997345373746
1562	80	1.038692847740764
1562	90	0.9859792531717048
1562	100	0.8798727739426555
1562	110	0.9032333309953147
1562	120	0.9094891888703349
1563	70	0.6442727028424934
1563	80	0.7825893364072996
1563	90	0.9129129042986467
1563	100	1.03507976777155
1563	110	1.043341239736538
1563	120	1.0417272875534107
1564	70	0.6824521189473911
1564	80	1.0982912314606008
1564	90	1.0536667247015301
1564	100	1.0678637491864498
1564	110	1.0569780515269678
1564	120	1.0804832123078125
1565	70	0.8537985961740783
1565	80	0.7009498807666769
1565	90	0.8078508678856807
1565	100	0.7549262806451653
1565	110	0.7723934312703038
1565	120	0.8127168047052759
1566	70	0.5769076923443472
1566	80	0.6294262680720335
1566	90	0.7034533977756317
1566	100	0.8443834431767901
1566	110	0.8509250938181653
1566	120	0.8936183607035937
1567	70	1.6843796041803982
1567	80	1.1405481536078086
1567	90	0.940947204769662
1567	100	1.0856926648012546
1567	110	1.0427513449459171
1567	120	1.0072898850450567
1568	70	2.018689422762689
1568	80	1.815770121765204
1568	90	1.1264763487630125
1568	100	1.0407520872666483
1568	110	1.0088111604565853
1568	120	0.9945054602349191
1569	70	1.0186178417466962
1569	80	0.9835988236454705
1569	90	1.1851191334863358
1569	100	1.1883189800825462
1569	110	1.1357423288995956
1569	120	1.1062109730922816
1570	70	1.1221650793595601
1570	80	1.2399416789848174
1570	90	1.3042972840679221
1570	100	1.1180320011920732
1570	110	1.1105761031605614
1570	120	1.0694733392149234
1571	70	0.4991598412049613
1571	80	0.702144713522948
1571	90	0.7097548826787914
1571	100	0.7066020050811124
1571	110	0.7427169316331292
1571	120	0.7879421386539076
1572	70	1.7227032930090311
1572	80	1.9566579932751411
1572	90	1.3832836093240082
1572	100	1.1342445967138575
1572	110	1.0628023985064967
1572	120	1.0381186387611039
1573	70	0.907246458321767
1573	80	0.5908677497620667
1573	90	0.5618052630096307
1573	100	0.6793245331108287
1573	110	0.685415991453739
1573	120	0.7080219865266497
1574	70	0.5364346043533453
1574	80	0.6071356354381994
1574	90	0.8019839256649219
1574	100	1.0282518268001315
1574	110	1.0461105461915734
1574	120	1.1034723032388594
1575	70	0.8936798337020334
1575	80	0.9838343175331773
1575	90	1.026034138455372
1575	100	1.1333748557790206
1575	110	1.1177295653962533
1575	120	1.0810014295845145
1576	70	1.4597290084264856
1576	80	0.9316880360994518
1576	90	1.0198295070409462
1576	100	1.0880871676498145
1576	110	1.1135132230870728
1576	120	1.0891630948805515
1577	70	0.4797393218402601
1577	80	0.6989619562549476
1577	90	0.7839202308179056
1577	100	0.9852819688602681
1577	110	1.0497458522799274
1577	120	1.0761449393476286
1578	70	1.2708531869059816
1578	80	1.2900272850847343
1578	90	1.1050989733565044
1578	100	1.087223748830573
1578	110	1.0602169787133533
1578	120	1.0482851857896198
1579	70	2.2986238084192454
1579	80	1.8045661476922785
1579	90	1.248812439529753
1579	100	0.9540698235047081
1579	110	0.9085382617380893
1579	120	0.8901256098660193
1580	70	0.8887762398950527
1580	80	0.8724283695271496
1580	90	1.1554541701078487
1580	100	1.123302339133274
1580	110	1.0832161454767788
1580	120	1.0582434476549192
1581	70	1.6609716279598514
1581	80	1.4237392597790126
1581	90	1.336974872639696
1581	100	1.34457831399855
1581	110	1.3241262484136465
1581	120	1.2646625419623359
1582	70	0.47827744653338095
1582	80	0.49219863428834937
1582	90	0.6217616591229858
1582	100	0.6426971788497848
1582	110	0.6837120930309951
1582	120	0.745216317886606
1583	70	0.8739480247461352
1583	80	0.9322817716077044
1583	90	1.0056291261745012
1583	100	0.9298517458553769
1583	110	0.9203300593741665
1583	120	0.9066081726436127
1584	70	0.9603750432919647
1584	80	0.6947822564198726
1584	90	0.9019820543080133
1584	100	0.8242785981875761
1584	110	0.8479627705295323
1584	120	0.8546674131884267
1585	70	0.6500949700946005
1585	80	0.7500490876007617
1585	90	0.894103743174756
1585	100	0.8978044627241506
1585	110	0.9998716829057347
1585	120	1.0364951124096777
1586	70	1.246857820124282
1586	80	1.1864743485771339
1586	90	0.8708518955379467
1586	100	0.9617657388680435
1586	110	0.9083752956782545
1586	120	0.8868100716162151
1587	70	0.3720515880274635
1587	80	0.6340853712102035
1587	90	0.8635543896893306
1587	100	1.0935843785501351
1587	110	1.1222188002220903
1587	120	1.1442596737511737
1588	70	2.4314822055704726
1588	80	1.4198275651328083
1588	90	0.908419768116251
1588	100	0.9474772585272495
1588	110	0.9654127944909369
1588	120	0.9698330662324283
1589	70	0.6104453204234218
1589	80	0.8419243941853659
1589	90	0.7794756834814691
1589	100	0.7928621206174239
1589	110	0.8340227240251704
1589	120	0.8478060660754999
1590	70	1.769252075904527
1590	80	1.464268006229959
1590	90	1.0858850498127701
1590	100	1.0981770198363696
1590	110	1.0321649492876577
1590	120	1.0080532474126604
1591	70	0.5805764939131671
1591	80	0.6778465634375958
1591	90	0.8594587899218152
1591	100	0.8219900082322164
1591	110	0.8945081193245946
1591	120	0.9396363850740497
1592	70	0.4250278068586252
1592	80	0.4965857795528701
1592	90	0.7036728430887587
1592	100	0.8799425652389141
1592	110	0.9161958208418322
1592	120	0.9607410906362313
1593	70	1.1861635936075037
1593	80	1.2909149451257957
1593	90	1.3007160237389404
1593	100	1.2735331145351179
1593	110	1.216114197833157
1593	120	1.1713045851798096
1594	70	1.8332189695167163
1594	80	1.4892301637910748
1594	90	1.3820505333307616
1594	100	1.3630383812348332
1594	110	1.229141749246705
1594	120	1.1608431092346503
1595	70	2.086655913251138
1595	80	1.1257210839006442
1595	90	0.9764857045268659
1595	100	0.8597442644440089
1595	110	0.8812557744704191
1595	120	0.8788059686014646
1596	70	0.7141125117231099
1596	80	1.1531595286913598
1596	90	1.1622476839224354
1596	100	1.3798744945909147
1596	110	1.3574653162545125
1596	120	1.3233306284211834
1597	70	3.0549175227153653
1597	80	1.9278945314073799
1597	90	1.271705591386758
1597	100	1.089159555441014
1597	110	1.027915768700454
1597	120	0.9894667652247862
1598	70	2.1495257202848506
1598	80	2.293196347189573
1598	90	1.753561576961459
1598	100	1.2709356143818538
1598	110	1.1792321967500712
1598	120	1.146858112158552
1599	70	2.5354238939360787
1599	80	1.444974188452961
1599	90	1.0686761752877774
1599	100	1.032460176700952
1599	110	1.043250562564802
1599	120	1.0443620076221478
1600	70	0.31380509947380575
1600	80	0.5119321777825169
1600	90	0.793639805050544
1600	100	0.8765501078401681
1600	110	0.933294118479962
1600	120	0.9882717012351142
1601	70	1.335103341043639
1601	80	1.289325724809922
1601	90	1.3474097541823553
1601	100	1.076079790612856
1601	110	1.0221783201273145
1601	120	1.028354054781009
1602	70	0.39238159689468177
1602	80	0.5129153538159666
1602	90	0.6644128283415166
1602	100	0.7116158553274461
1602	110	0.7758485195300056
1602	120	0.8352612337017497
1603	70	1.9905370279614965
1603	80	2.232711130553192
1603	90	1.5043193399339463
1603	100	1.1476489440504878
1603	110	1.037939697665859
1603	120	0.9967827735975568
1604	70	0.6063762172018755
1604	80	0.5563171096050388
1604	90	0.7304820521497442
1604	100	0.7146703540054569
1604	110	0.7121266027744118
1604	120	0.7541820471318524
1605	70	0.905238124647542
1605	80	1.0631155064257303
1605	90	1.1523182638591638
1605	100	1.232928145339303
1605	110	1.1956357198472314
1605	120	1.179874405672759
1606	70	1.7678781314231609
1606	80	1.3113088881517598
1606	90	1.2347685888630477
1606	100	1.0375734543756872
1606	110	1.0232247746549066
1606	120	1.0301563018980464
1607	70	1.393183666993905
1607	80	1.1655959451787625
1607	90	1.3068779865536393
1607	100	1.1421642711692337
1607	110	1.0876118433538216
1607	120	1.1060399220223636
1608	70	0.42051685155628354
1608	80	0.667554165195501
1608	90	0.87333251675286
1608	100	0.8857615620668874
1608	110	0.9135458228855389
1608	120	0.9678598924377655
1609	70	0.8484821403217545
1609	80	1.1216067101983815
1609	90	1.0354828730272094
1609	100	1.055555320385223
1609	110	1.0633744221179224
1609	120	1.049083082853397
1610	70	1.7520128216277329
1610	80	1.6812155051158562
1610	90	1.402264768480345
1610	100	1.1439750015214218
1610	110	1.1193846790469757
1610	120	1.0818614828121236
1611	70	0.5451739285634178
1611	80	0.6713423110615591
1611	90	0.8700033928831348
1611	100	0.8887408528950564
1611	110	0.9214189670773362
1611	120	0.9486406756019099
1612	70	2.32676431069163
1612	80	2.2222293561535658
1612	90	1.6230236699915903
1612	100	1.3186178976486849
1612	110	1.2367404789421372
1612	120	1.1847462242173157
1613	70	1.1978812874414755
1613	80	1.0705835283324232
1613	90	0.8682070738189808
1613	100	0.9365726957450665
1613	110	0.9145188317444063
1613	120	0.8940326535425924
1614	70	0.504049542013833
1614	80	0.5419067102163511
1614	90	0.703545760445533
1614	100	0.7331770026401683
1614	110	0.8053802862701086
1614	120	0.8684378508905601
1615	70	1.301195194560014
1615	80	1.4618846562123473
1615	90	1.2389107283818606
1615	100	1.3829995873563004
1615	110	1.3240543360435502
1615	120	1.2681142238909109
1616	70	0.6056339575270095
1616	80	0.9394367502713225
1616	90	1.0123843168858717
1616	100	1.0791346702103466
1616	110	1.09688363366066
1616	120	1.1142349141227477
1617	70	1.0123372321050048
1617	80	1.130202575092204
1617	90	1.19222142443922
1617	100	1.0326665597845115
1617	110	0.999029232633291
1617	120	1.0298422967374967
1618	70	0.6517739120850174
1618	80	0.8097555450631766
1618	90	0.9646116976569473
1618	100	1.0851619931780616
1618	110	1.1379146315565984
1618	120	1.1221935122999338
1619	70	1.286715701986066
1619	80	1.1334409178500542
1619	90	1.103117691121244
1619	100	0.978972686949319
1619	110	1.0098521543549812
1619	120	1.0076798597197234
1620	70	1.2048453453665964
1620	80	1.0388652271068586
1620	90	1.0170724918835747
1620	100	0.8620859574027966
1620	110	0.8550150357384828
1620	120	0.8584376257579649
1621	70	1.1774628658671016
1621	80	1.4249423700890855
1621	90	1.3404232044766837
1621	100	1.2495880634687198
1621	110	1.2521789786173532
1621	120	1.2158258496295582
1622	70	2.358391541197059
1622	80	1.5862117228625499
1622	90	1.4042327981956242
1622	100	1.4333494050551598
1622	110	1.3896617648167608
1622	120	1.37839280748733
1623	70	1.2195588890585423
1623	80	0.9055671182716348
1623	90	0.9203446553370193
1623	100	1.055947816164478
1623	110	1.0265075224230937
1623	120	1.0444341939858834
1624	70	1.672403178893496
1624	80	1.0649226139270205
1624	90	0.9531351976748695
1624	100	1.025339889650933
1624	110	1.0179129870403658
1624	120	1.001490462899204
1625	70	1.758691554280336
1625	80	1.0888225620100545
1625	90	0.8780144482012432
1625	100	0.8007003522640289
1625	110	0.7516937994127155
1625	120	0.7534600022531054
1626	70	0.587496999070294
1626	80	0.7192417675553573
1626	90	0.7397713896830261
1626	100	0.7525193102228869
1626	110	0.8003941168055638
1626	120	0.8041990511328859
1627	70	1.9058809384833881
1627	80	1.0580097051581985
1627	90	1.000443909622712
1627	100	0.9646319564065369
1627	110	0.9279219602505717
1627	120	0.9131496998206245
1628	70	4.016740482677436
1628	80	1.4796579831543366
1628	90	1.173418743591478
1628	100	1.0524006904599774
1628	110	1.0421983251243905
1628	120	1.01834069289752
1629	70	0.6983334465190717
1629	80	1.0439753674893881
1629	90	1.2968978537845444
1629	100	1.0268125336864764
1629	110	1.0433142739860704
1629	120	1.0512157969337246
1630	70	1.290622836224675
1630	80	1.0290453450886528
1630	90	0.9280191093780963
1630	100	0.9655599918756808
1630	110	0.9345083054234569
1630	120	0.9589853305922054
1631	70	1.21391460082239
1631	80	0.9582483580475668
1631	90	0.9607057813570866
1631	100	0.9853643158808718
1631	110	1.0266425862866557
1631	120	1.042202551269717
1632	70	0.36542548254443435
1632	80	0.49253506166313976
1632	90	0.5438977105115244
1632	100	0.6496049089785721
1632	110	0.7024162003736723
1632	120	0.736323970739976
1633	70	0.7335941196671489
1633	80	0.628450825449693
1633	90	0.6808330146290955
1633	100	0.7520371650836998
1633	110	0.8147503697784846
1633	120	0.8536640782719558
1634	70	0.7093717240928602
1634	80	0.9759516877639254
1634	90	1.1591486615488333
1634	100	1.072696255060762
1634	110	1.0909238445132148
1634	120	1.123694858833599
1635	70	1.7756328073899406
1635	80	1.5564890387225907
1635	90	1.065374032971288
1635	100	1.0477023654787412
1635	110	1.0082179491600587
1635	120	0.9895337978254198
1636	70	1.5270339760955252
1636	80	1.2835654360572766
1636	90	1.1395291240283714
1636	100	1.3150444982214788
1636	110	1.3211774109182721
1636	120	1.2487129670413875
1637	70	0.4001806252483636
1637	80	0.6345390949221346
1637	90	0.8163224825914299
1637	100	0.9587869624999009
1637	110	1.0102909787512329
1637	120	1.051531889266331
1638	70	1.7583145555960438
1638	80	1.2467578076221153
1638	90	1.2707548359608098
1638	100	1.0630999631885802
1638	110	1.0269579740018184
1638	120	1.010463057066283
1639	70	1.1615949130048309
1639	80	1.1015986238658566
1639	90	0.8343420874196514
1639	100	0.9512564765624119
1639	110	0.8879673262575146
1639	120	0.8579780290850967
1640	70	1.1521310643953226
1640	80	1.0546608915767839
1640	90	0.9716754170070991
1640	100	0.868096855082609
1640	110	0.8162408883583869
1640	120	0.8078605928287947
1641	70	0.5874281364265768
1641	80	0.777339819175963
1641	90	0.8366125020958652
1641	100	0.9077040436579485
1641	110	0.9704020668498677
1641	120	0.970478484182051
1642	70	1.3778352425689875
1642	80	1.1358168239172775
1642	90	1.0854718193463333
1642	100	0.9195548468859451
1642	110	0.8696283580357005
1642	120	0.8781565439051024
1643	70	1.3213101223250268
1643	80	1.0862226687695666
1643	90	1.1377312714977952
1643	100	1.1960870746174759
1643	110	1.1361108237529574
1643	120	1.1045819491662061
1644	70	1.4732427787091922
1644	80	1.7557568545877926
1644	90	1.4824751096392783
1644	100	1.3460920935818428
1644	110	1.2935893502200817
1644	120	1.2601781504502776
1645	70	0.5147013462290583
1645	80	0.8343354061728107
1645	90	0.848255035375557
1645	100	0.8146784105529109
1645	110	0.8574411111769872
1645	120	0.8782820998435057
1646	70	0.6784205539170537
1646	80	0.7288827804475493
1646	90	0.9318165904239353
1646	100	1.0216995990812057
1646	110	1.1175064106085277
1646	120	1.1550320010802129
1647	70	0.4101390300428692
1647	80	0.6595329212331749
1647	90	0.9355106306889236
1647	100	1.0192649823686912
1647	110	1.0853713194214332
1647	120	1.1036965135805716
1648	70	0.43300560582764536
1648	80	0.47928391141472443
1648	90	0.6739167101813681
1648	100	0.8749003115991704
1648	110	0.9204051814672385
1648	120	0.9852735000498144
1649	70	0.37566824993970865
1649	80	0.6053061056895012
1649	90	0.8771143187117739
1649	100	0.9438631958212029
1649	110	0.96603582582988
1649	120	1.0116394834886024
1650	70	0.8833387711125672
1650	80	1.0287992745107846
1650	90	0.9647933240003387
1650	100	0.8961917367542698
1650	110	0.876304746973103
1650	120	0.8896357129120999
1651	70	1.8406851768513393
1651	80	1.114764537610475
1651	90	0.9555555905633014
1651	100	1.0905838155199847
1651	110	1.0661623346895253
1651	120	1.0493411450429813
1652	70	1.540991407883083
1652	80	1.1801587788964238
1652	90	1.2938505025574816
1652	100	1.0554612553935658
1652	110	1.0264926320106305
1652	120	1.0481845453845187
1653	70	1.9547288396454694
1653	80	1.4749140564867214
1653	90	1.3400047029071631
1653	100	1.1880521405308753
1653	110	1.1189701410523716
1653	120	1.0782137675023633
1654	70	0.47995575058714696
1654	80	0.625552468175477
1654	90	0.8133451102672543
1654	100	0.8676430238920294
1654	110	0.9154337937959487
1654	120	0.9360665460320331
1655	70	1.3244023405098717
1655	80	1.3371856710827645
1655	90	1.343983048609692
1655	100	1.214699724460724
1655	110	1.1182825304088146
1655	120	1.068977800405917
1656	70	1.8464611578318046
1656	80	1.7670539750337504
1656	90	1.4313622319705064
1656	100	1.2446897518391185
1656	110	1.172025852245632
1656	120	1.1360492377323501
1657	70	0.622748809972547
1657	80	0.9833330915890255
1657	90	1.1369100356502968
1657	100	1.051484736374123
1657	110	1.0323912351835947
1657	120	1.0635018763398247
1658	70	1.7692975601866923
1658	80	1.4867359939672284
1658	90	1.3657767900122453
1658	100	1.383877820114635
1658	110	1.327711701756537
1658	120	1.2806489235826781
1659	70	2.082373059257579
1659	80	1.4012066217565138
1659	90	0.9735191548841418
1659	100	1.0174119625051503
1659	110	0.9837876276566336
1659	120	0.9458042254712193
1660	70	1.7633767922409518
1660	80	1.6356025984431815
1660	90	1.2065741337043918
1660	100	1.0330325620004317
1660	110	0.9963279088074478
1660	120	0.9951776821058242
1661	70	0.5704532467506837
1661	80	0.7858390568704122
1661	90	0.9556828597751479
1661	100	0.9646037807405994
1661	110	0.9873353300347336
1661	120	0.9944769181274129
1662	70	2.2702864184545377
1662	80	1.270925966140797
1662	90	1.13492260967402
1662	100	1.184650779209153
1662	110	1.1584562355995391
1662	120	1.1060298156011437
1663	70	2.1893969909676927
1663	80	1.4925237123188322
1663	90	1.3256803617146353
1663	100	1.0617433379495416
1663	110	1.0302003117397112
1663	120	1.0130061161943797
1664	70	2.7017734809474994
1664	80	2.132603146468286
1664	90	1.4902442981284243
1664	100	1.4502868532986781
1664	110	1.3279882592944516
1664	120	1.2096209524060064
1665	70	0.7449574091323898
1665	80	0.6607805472679987
1665	90	0.796396661680965
1665	100	0.8714147106024082
1665	110	0.879848987526976
1665	120	0.912634098493056
1666	70	1.650019413242322
1666	80	1.7370961981787743
1666	90	1.2354113770732937
1666	100	1.3484138036204425
1666	110	1.2454482606456694
1666	120	1.1903883938688538
1667	70	0.7530952528530934
1667	80	1.070262157275677
1667	90	1.0062937981021893
1667	100	1.0926949995387827
1667	110	1.1108935632530166
1667	120	1.1170809775419739
1668	70	1.1591524694049715
1668	80	1.0031921391364924
1668	90	0.946971938386721
1668	100	0.8116582218137782
1668	110	0.8460310709186115
1668	120	0.8489094553964273
1669	70	1.6161162215793325
1669	80	1.467457773934968
1669	90	1.1836332230210684
1669	100	1.2772911276338368
1669	110	1.2470338667116494
1669	120	1.1661014078445786
1670	70	1.6075298937176914
1670	80	0.9781389041874107
1670	90	1.016004786735073
1670	100	0.8383237804862028
1670	110	0.8670038781961616
1670	120	0.8768166459249268
1671	70	1.3405457943762678
1671	80	1.3200744715465615
1671	90	1.1055489723301617
1671	100	1.014465108044816
1671	110	1.0522582306745225
1671	120	1.0357922590020103
1672	70	1.2472801732630998
1672	80	1.11861882392465
1672	90	1.216867326553252
1672	100	1.1424193367949564
1672	110	1.1005340526324667
1672	120	1.0732217221506644
1673	70	1.5770167906512096
1673	80	1.6508591955186864
1673	90	1.620409028109703
1673	100	1.3483003406848808
1673	110	1.2953522017095593
1673	120	1.237080685371145
1674	70	1.8532072575434118
1674	80	1.5410699472189135
1674	90	1.5554086324563483
1674	100	1.1296674310128207
1674	110	1.0649719784804557
1674	120	1.0179341326934697
1675	70	1.536438389027712
1675	80	1.673833163854248
1675	90	1.6031141747443145
1675	100	1.1391778967582304
1675	110	1.1039413675585255
1675	120	1.1033226754771608
1676	70	1.8135101702936225
1676	80	1.5899837785899409
1676	90	1.1594094796138807
1676	100	1.094793802655278
1676	110	1.0404216240310695
1676	120	0.9953109562108396
1677	70	0.4287381209064282
1677	80	0.4731349021013003
1677	90	0.5879428180965859
1677	100	0.6378177612597324
1677	110	0.7102383608693925
1677	120	0.7639263083498666
1678	70	2.3579894162270723
1678	80	1.2735894266532872
1678	90	1.0696613944624345
1678	100	1.0481116562903545
1678	110	0.9979065244382886
1678	120	0.9579832432397506
1679	70	2.1294451605535905
1679	80	1.1243452624543873
1679	90	0.7540832325779304
1679	100	0.7965460364030572
1679	110	0.8279823645185014
1679	120	0.8237887338091986
1680	70	0.674601561948591
1680	80	0.7344514628629979
1680	90	0.78934324737103
1680	100	0.8681582865733526
1680	110	0.9482912565746076
1680	120	0.9949095466758011
1681	70	1.1519882982889973
1681	80	1.3862984362903197
1681	90	1.2011792428731385
1681	100	1.1293253352037884
1681	110	1.1028581474680166
1681	120	1.0612390846072501
1682	70	3.033263879238496
1682	80	1.5374734626706366
1682	90	1.2929489977595907
1682	100	1.158851830066861
1682	110	1.1038387327240913
1682	120	1.0882005543400524
1683	70	0.6451364971672089
1683	80	0.783186788927538
1683	90	0.7845024502524429
1683	100	0.8062825384112864
1683	110	0.839345919512014
1683	120	0.855692414230935
1684	70	0.4183108823889982
1684	80	0.4333532487410402
1684	90	0.6880634037507851
1684	100	0.8769476961736935
1684	110	0.9351763716940992
1684	120	1.002969380957084
1685	70	0.46765562378500913
1685	80	0.5732802439322894
1685	90	0.7983651915410168
1685	100	0.9721498431235417
1685	110	1.0740767570029426
1685	120	1.1322237833444846
1686	70	1.7285547392293883
1686	80	1.2372252759242697
1686	90	0.9364315561798671
1686	100	0.9856063996509308
1686	110	0.94704590503874575
1686	120	0.9444467751408309
1687	70	0.3636219205090384
1687	80	0.47626201997020806
1687	90	0.7151661530455402
1687	100	0.9523830131654352
1687	110	1.059242121776004
1687	120	1.1125451579128598
1688	70	1.2717136230969117
1688	80	1.1202140012004418
1688	90	1.1821660064388593
1688	100	1.170887734442482
1688	110	1.108514050408885
1688	120	1.1161077978646525
1689	70	0.4290324105201139
1689	80	0.5601321847234041
1689	90	0.9054280382541301
1689	100	0.8999455559119135
1689	110	0.9348165803593905
1689	120	0.9702354017955502
1690	70	0.8297554736956436
1690	80	0.7068966324287582
1690	90	0.7248021964929929
1690	100	0.8507502724627122
1690	110	0.8858681641448134
1690	120	0.899733955975677
1691	70	0.5264584766487737
1691	80	0.8261967217867727
1691	90	1.147937956894606
1691	100	1.2619785763244151
1691	110	1.2677646667569382
1691	120	1.278617018137685
1692	70	1.182324755504512
1692	80	0.8567056925335069
1692	90	0.9394336386898662
1692	100	0.8489973828141512
1692	110	0.8431221359810079
1692	120	0.8334703532997404
1693	70	1.3099822418661375
1693	80	1.0874985302057725
1693	90	1.1151171913822087
1693	100	1.1146244363431224
1693	110	1.0818343381503301
1693	120	1.0659208956131816
1694	70	0.5677745117849109
1694	80	0.9650365596645737
1694	90	1.2654633752115139
1694	100	1.0195497007120662
1694	110	1.0107020303808931
1694	120	1.0301840046463384
1695	70	1.2688514479442625
1695	80	0.7805402491151898
1695	90	0.7596869280607595
1695	100	0.8216464822996231
1695	110	0.8234231856772138
1695	120	0.8268726594136165
1696	70	2.4523308074305503
1696	80	1.960961836519487
1696	90	1.2824318077115202
1696	100	1.192246321476852
1696	110	1.1137971372434807
1696	120	1.0708102879655592
1697	70	0.43471480316203664
1697	80	0.620572728481472
1697	90	0.8021229512843088
1697	100	0.8644092468377338
1697	110	0.9275826740038395
1697	120	0.9479737890618287
1698	70	0.5382731708175976
1698	80	0.8355948713497163
1698	90	0.8281420242100765
1698	100	0.9001135522465393
1698	110	0.9481654369925464
1698	120	0.951847252946952
1699	70	1.5798005375976962
1699	80	1.6852177744778818
1699	90	1.1737297546143557
1699	100	1.0853775872790947
1699	110	1.0418985754153365
1699	120	0.9800089231414533
1700	70	1.4385332517592286
1700	80	1.5445329267333134
1700	90	1.4464875662747325
1700	100	1.3537554017534041
1700	110	1.3186842244590014
1700	120	1.2604239598871638
1701	70	0.545684375404866
1701	80	0.9298927733631938
1701	90	1.1042692587787355
1701	100	1.148437714669603
1701	110	1.1224121217793797
1701	120	1.11515923747729
1702	70	1.3772737229584322
1702	80	1.4994941513975348
1702	90	1.3994205282092613
1702	100	1.2197393814446456
1702	110	1.1546531604249004
1702	120	1.1481967217021687
1703	70	1.159971794919941
1703	80	1.030200636146873
1703	90	0.9954133478657888
1703	100	1.112744157756266
1703	110	1.061400368568069
1703	120	1.0302053443450954
1704	70	1.3932980649831912
1704	80	1.739707194309584
1704	90	1.3928167620898935
1704	100	1.2881409277304192
1704	110	1.2209243246833965
1704	120	1.1524965088148924
1705	70	0.5794249415359244
1705	80	0.8508958550282234
1705	90	0.9620376557616733
1705	100	0.8770289099106074
1705	110	0.8921614445894318
1705	120	0.9127567206398481
1706	70	0.4921887479836578
1706	80	0.5568596489784091
1706	90	0.7344326123315568
1706	100	0.8233424525912019
1706	110	0.9198870415829922
1706	120	0.9947487024199979
1707	70	0.543986716142537
1707	80	0.7562187780550743
1707	90	0.8786521610223534
1707	100	0.9846667438627709
1707	110	0.9958469044590333
1707	120	1.0090908024117382
1708	70	0.6411689841877756
1708	80	0.9448951518152106
1708	90	1.1003428744349912
1708	100	1.2853518465646387
1708	110	1.233362023820977
1708	120	1.2547869749389262
1709	70	2.0278331908684692
1709	80	1.242276906271203
1709	90	1.1038880842905776
1709	100	1.0549437839614988
1709	110	1.044968241298791
1709	120	1.0260872372571326
1710	70	0.6505614828339852
1710	80	0.8319288031489672
1710	90	1.0232333983665751
1710	100	0.8474900150499777
1710	110	0.9164706624055846
1710	120	0.9516545810640736
1711	70	0.8691086573865736
1711	80	0.9448439934727132
1711	90	0.9728244166454886
1711	100	1.0383815911207674
1711	110	1.008190267391274
1711	120	0.982986410883786
1712	70	0.571938343195267
1712	80	0.551031773557024
1712	90	0.6551832038645318
1712	100	0.7264554495539658
1712	110	0.7785992941511921
1712	120	0.8205708000584286
1713	70	1.1494336803881093
1713	80	1.067943478365428
1713	90	0.9695201728361349
1713	100	0.9465976539107422
1713	110	0.9275704009036729
1713	120	0.9042761234847783
1714	70	0.9673761820344833
1714	80	0.9464853749959938
1714	90	0.9219665584575228
1714	100	0.9667762626200003
1714	110	0.9625794786826137
1714	120	0.9932089700568896
1715	70	1.5472198915451074
1715	80	1.1347721194578346
1715	90	0.9765768521874607
1715	100	1.0824958594190548
1715	110	1.0694401773407891
1715	120	1.0615869350455496
1716	70	0.8522649021450255
1716	80	0.6808906020418162
1716	90	0.8160711979664389
1716	100	0.8879569242737697
1716	110	0.9002481205191002
1716	120	0.927547747952152
1717	70	1.6805429206632705
1717	80	1.912772924492606
1717	90	1.6005983687885936
1717	100	1.4021458651059022
1717	110	1.3141660241054043
1717	120	1.2508816574826243
1718	70	0.8081992806569043
1718	80	0.8720357723521722
1718	90	0.9607046668916396
1718	100	0.8792915608714821
1718	110	0.9071340089899741
1718	120	0.9361693091288783
1719	70	1.1979481855320084
1719	80	1.4312210143419384
1719	90	1.4795740830412616
1719	100	1.2606631826883858
1719	110	1.214450638082927
1719	120	1.2160144785003888
1720	70	0.7056848688096188
1720	80	0.7986540767316883
1720	90	0.8425517355767196
1720	100	0.8703932236289275
1720	110	0.8843209565098674
1720	120	0.899074915540851
1721	70	0.8597218220773714
1721	80	0.8341487905682775
1721	90	0.9286124617145517
1721	100	1.0378749562342688
1721	110	1.1094148651377975
1721	120	1.1424435086313887
1722	70	0.7667412047839394
1722	80	1.0766410552318582
1722	90	1.2318896887284114
1722	100	1.237250653655392
1722	110	1.1750460506538094
1722	120	1.1685656136679703
1723	70	1.7975921191529698
1723	80	1.6098515144021743
1723	90	1.4071908405778535
1723	100	1.198506693952049
1723	110	1.170155933977846
1723	120	1.1029430026159457
1724	70	0.7267396916669614
1724	80	0.8921371177807844
1724	90	0.926883993882322
1724	100	1.0217250970788878
1724	110	1.0243606738905664
1724	120	1.0244679358659332
1725	70	0.6126610190362815
1725	80	0.8312058747865486
1725	90	1.1119197398913672
1725	100	1.3398440988652616
1725	110	1.350081848340915
1725	120	1.3066587555139082
1726	70	0.9254877230219324
1726	80	0.8983627208246404
1726	90	1.029350715217676
1726	100	1.0765791901437738
1726	110	1.0357782167270477
1726	120	1.0279480000235002
1727	70	1.129623980151331
1727	80	0.7253654338536069
1727	90	0.7199553569214002
1727	100	0.7938578654259446
1727	110	0.8510402477942927
1727	120	0.8902704739119173
1728	70	0.5290749915448472
1728	80	0.8411678605805354
1728	90	0.9993557539612845
1728	100	1.0325819031144412
1728	110	1.0369669452989052
1728	120	1.0307901266804784
1729	70	1.166680635605943
1729	80	0.9448263384757029
1729	90	0.9232164849331693
1729	100	1.0979285519498652
1729	110	1.1045356829322066
1729	120	1.0929181268890813
1730	70	1.174320941354557
1730	80	0.8921408047243481
1730	90	0.8587071562861179
1730	100	0.9338117926688277
1730	110	0.9636509433737946
1730	120	0.9719330337833202
1731	70	2.3554047440798946
1731	80	1.1375687432844288
1731	90	0.9360524795269498
1731	100	0.7755621965246321
1731	110	0.7787286054273459
1731	120	0.7675071283799825
1732	70	1.3992073047317732
1732	80	1.0244793495284814
1732	90	0.8805637211812174
1732	100	1.026039159046173
1732	110	1.0021388373691524
1732	120	0.9913204382644147
1733	70	0.8183031580257667
1733	80	0.9050998378882414
1733	90	1.0176621677698259
1733	100	0.987334728430852
1733	110	1.0268540065317522
1733	120	1.0359011799848927
1734	70	2.1307807534131573
1734	80	1.1767858763322525
1734	90	1.2390810170867352
1734	100	1.2158587939815808
1734	110	1.1782180253149055
1734	120	1.1590772017403785
1735	70	0.6768484988384773
1735	80	0.9791771591462408
1735	90	0.9812318098516559
1735	100	0.8802562192940746
1735	110	0.8817037578313304
1735	120	0.9025399619608703
1736	70	0.47613430265435086
1736	80	0.6418976638918418
1736	90	0.755112212547994
1736	100	0.8576914472770443
1736	110	0.9159888032558343
1736	120	0.9251376256041378
1737	70	0.43129987482106197
1737	80	0.5968967528433509
1737	90	0.7470201423186383
1737	100	0.8637955535727335
1737	110	0.9134875649526405
1737	120	0.9179362630943072
1738	70	0.832673142839694
1738	80	0.7198251347950212
1738	90	0.7779550914973631
1738	100	0.9163190390314241
1738	110	0.9189142037173725
1738	120	0.943993976952909
1739	70	0.7607026145759539
1739	80	0.6570243351811185
1739	90	0.7620809085759415
1739	100	0.9213626999720725
1739	110	0.9637187346998389
1739	120	0.9900640837688587
1740	70	0.5797134609859219
1740	80	0.8432393044134163
1740	90	0.8918155358756592
1740	100	1.0456381040392455
1740	110	1.0388359419738475
1740	120	1.0249424840612322
1741	70	0.9476495035319009
1741	80	0.9500386553741504
1741	90	1.0704261041325291
1741	100	1.1661954004938835
1741	110	1.144315947940706
1741	120	1.1317977094756815
1742	70	0.6812496038301227
1742	80	0.8795675381404379
1742	90	0.9632338688943043
1742	100	0.9530238263829245
1742	110	0.971359587657814
1742	120	0.9922854581878187
1743	70	0.7083334009587693
1743	80	0.6591438955704102
1743	90	0.7734410903480597
1743	100	0.8003743909861146
1743	110	0.8615812933983217
1743	120	0.8857905623315206
1744	70	0.6306228409131751
1744	80	0.9725782351921775
1744	90	1.0734638411920805
1744	100	1.1751952311447442
1744	110	1.2093652605134952
1744	120	1.2129250322005192
1745	70	1.2923310037474103
1745	80	0.854548577143197
1745	90	0.9048931243832451
1745	100	0.9399818011697855
1745	110	0.9066943829953706
1745	120	0.9175546016079937
1746	70	0.47658174079228927
1746	80	0.7407094485179327
1746	90	0.7790172141405739
1746	100	0.816838687283469
1746	110	0.8183176020618605
1746	120	0.8284739125088408
1747	70	1.552295930499751
1747	80	1.387942832958056
1747	90	1.2824262443438623
1747	100	1.2794297140782742
1747	110	1.1363691303974026
1747	120	1.0751352022644383
1748	70	0.8490539600658125
1748	80	1.0449764083570818
1748	90	0.8752563004254801
1748	100	0.7824555336860599
1748	110	0.8342751946451752
1748	120	0.8626570025159003
1749	70	0.8463477572132654
1749	80	0.8920167954401458
1749	90	0.9407635326708244
1749	100	0.9112206887151832
1749	110	0.917680463069713
1749	120	0.9181396994861174
1750	70	0.5682157276584855
1750	80	0.5712306573152576
1750	90	0.725586390062001
1750	100	0.8873828345992375
1750	110	0.9470661605174832
1750	120	0.9754298120480118
1751	70	0.6190955962185125
1751	80	0.8771940237606118
1751	90	0.907697201209928
1751	100	0.948755990224591
1751	110	0.9920205206091155
1751	120	0.9750188096605533
1752	70	2.106059327108211
1752	80	1.0701012021983611
1752	90	0.9519197640625027
1752	100	0.9349182186203638
1752	110	0.9268400474431601
1752	120	0.9158922346500414
1753	70	1.8415507754689984
1753	80	1.429510970480528
1753	90	1.4829085997810159
1753	100	1.175983431433994
1753	110	1.146498761465862
1753	120	1.1155830595925886
1754	70	1.786330772558466
1754	80	1.0030135850757316
1754	90	0.7814755501453128
1754	100	0.8098784855999335
1754	110	0.8320064268454304
1754	120	0.8338331886041871
1755	70	1.9650039809460882
1755	80	1.7018888297207753
1755	90	1.5775792792911005
1755	100	1.4965319894294804
1755	110	1.3344322524496632
1755	120	1.2523008616808702
1756	70	0.4377024956587632
1756	80	0.7317750318488199
1756	90	0.87830507983896
1756	100	0.9434105980016338
1756	110	0.9730135684374125
1756	120	0.9685560637489978
1757	70	2.1263859230891042
1757	80	1.896732411761521
1757	90	1.201133457863049
1757	100	1.2099635701429545
1757	110	1.0927891452565097
1757	120	1.0303084969420016
1758	70	1.5141004554222395
1758	80	1.7787418239803554
1758	90	1.7454082252574317
1758	100	1.4008113465057135
1758	110	1.3466521756089902
1758	120	1.2884632774845735
1759	70	0.25129364208461946
1759	80	0.42776960705997064
1759	90	0.6477223549182203
1759	100	0.773733084005349
1759	110	0.8194154038405441
1759	120	0.8922331441170637
1760	70	1.6147261994353213
1760	80	1.1524699539925405
1760	90	1.0985445900244726
1760	100	1.018776834515265
1760	110	1.0478110116439905
1760	120	1.069938364433067
1761	70	0.7616351459650089
1761	80	0.841965773754719
1761	90	0.9213751653036155
1761	100	0.9103261431647179
1761	110	0.9257137802259796
1761	120	0.9278077982292999
1762	70	0.5671627294428563
1762	80	0.6383164062661012
1762	90	0.6609544661817937
1762	100	0.7742175967018038
1762	110	0.8118866063872858
1762	120	0.8377242754143297
1763	70	0.7441347589748734
1763	80	0.8560355954861883
1763	90	1.1186733044619357
1763	100	1.1162343079824493
1763	110	1.123332924659762
1763	120	1.1558637441433923
1764	70	0.6428046772669231
1764	80	0.8603993728539351
1764	90	0.8333647052629436
1764	100	0.9028350263264836
1764	110	0.8933807238582883
1764	120	0.9328034380838405
1765	70	0.5362280283355622
1765	80	0.698148190682597
1765	90	0.838113780483338
1765	100	1.0377815088295579
1765	110	1.1159757940331594
1765	120	1.1269081111416273
1766	70	0.5018155256878107
1766	80	0.4743216081044395
1766	90	0.5827322393818073
1766	100	0.5883093189519015
1766	110	0.6605049701673413
1766	120	0.7055553027369074
1767	70	0.6447665529612596
1767	80	0.9325413648778663
1767	90	1.0434397623924527
1767	100	1.0307265634011316
1767	110	1.0644045945596536
1767	120	1.0935625367294688
1768	70	1.96211057464861
1768	80	1.0917111362298988
1768	90	1.0189066501165842
1768	100	0.9432688689283942
1768	110	0.9542671899042204
1768	120	0.9522348815917581
1769	70	0.3327348237651535
1769	80	0.5259526888644219
1769	90	0.7057148306117962
1769	100	0.9195034136224489
1769	110	0.9539968190372913
1769	120	1.0002394329670614
1770	70	2.2389183914163673
1770	80	1.1617119042669712
1770	90	1.0207496104868403
1770	100	1.1369025137876891
1770	110	1.116411487111331
1770	120	1.0819326757827608
1771	70	0.5117278392988257
1771	80	0.816988166939936
1771	90	1.0766684919028011
1771	100	0.9791747638919617
1771	110	1.0036108892373488
1771	120	1.034157027045406
1772	70	0.3804040769861903
1772	80	0.6426008392363789
1772	90	0.9798827505069785
1772	100	1.0496462150153967
1772	110	1.132588822966151
1772	120	1.1653345767466587
1773	70	0.5875109560013674
1773	80	0.6425720190995148
1773	90	0.7387380055292847
1773	100	0.7828135204574171
1773	110	0.8454626798562874
1773	120	0.8815262907696406
1774	70	0.4114046925551254
1774	80	0.5743364744099516
1774	90	0.8205437767631212
1774	100	0.9235900156144166
1774	110	0.9559699673240744
1774	120	0.979169701394713
1775	70	0.3184358401395225
1775	80	0.4391523484004745
1775	90	0.5796222580904369
1775	100	0.7090888080563006
1775	110	0.8013106245125273
1775	120	0.8492937630456316
1776	70	2.1178516740963045
1776	80	2.119541076739565
1776	90	1.536770129377675
1776	100	1.3584415877792368
1776	110	1.2596350843574748
1776	120	1.1620166313983438
1777	70	1.354401352812408
1777	80	1.4371284070059362
1777	90	1.3272727035562488
1777	100	1.0684452031669103
1777	110	1.0266835412525555
1777	120	1.028399524742562
1778	70	0.5730827064393579
1778	80	0.8431365396152426
1778	90	0.7856661762074375
1778	100	0.9840527520896061
1778	110	1.0280270742154767
1778	120	1.0311036659718118
1779	70	1.182540759348419
1779	80	1.0078520985218098
1779	90	1.0825239329500251
1779	100	0.9789169708139334
1779	110	0.9842187537663857
1779	120	0.9622297552595074
1780	70	0.665504400548949
1780	80	1.0838191702375126
1780	90	1.1304150979637646
1780	100	1.07326678712369
1780	110	1.114630076469094
1780	120	1.140357324229827
1781	70	0.5936668250544472
1781	80	0.7866260421995841
1781	90	1.1126057887425889
1781	100	0.939792793240349
1781	110	0.9789596812642868
1781	120	0.9896368566488364
1782	70	1.2061492885328917
1782	80	1.0492146596577505
1782	90	0.9449409983606685
1782	100	1.021704482103027
1782	110	0.9738781353231217
1782	120	0.987619856132506
1783	70	0.5307504585915427
1783	80	0.661140480711685
1783	90	0.9407602960227215
1783	100	0.9779449681536395
1783	110	0.9978576798165238
1783	120	1.0119827506407022
1784	70	3.6249132234536208
1784	80	2.0965109828729505
1784	90	1.2718478844332228
1784	100	1.1840447239690564
1784	110	1.1463162283597077
1784	120	1.11628812364022
1785	70	0.36211256914372797
1785	80	0.43350142320321594
1785	90	0.6075826732541144
1785	100	0.7400158821449699
1785	110	0.8365519484634701
1785	120	0.8942134264233391
1786	70	1.8976091118555307
1786	80	1.6471149295477974
1786	90	1.5723123339273513
1786	100	1.369552991227949
1786	110	1.3350850469833988
1786	120	1.2694379612149784
1787	70	1.8664136569815242
1787	80	1.7053426303935861
1787	90	1.5129076279403084
1787	100	1.4130586463033028
1787	110	1.4027917223488486
1787	120	1.3063604940330897
1788	70	0.43126147984576496
1788	80	0.7543993253486503
1788	90	0.9687671814301814
1788	100	1.0386435201109332
1788	110	1.0592374605312558
1788	120	1.0724922374346728
1789	70	1.6694411588691258
1789	80	1.5807809106228337
1789	90	1.610541147537327
1789	100	1.6843191630928749
1789	110	1.5469878807562591
1789	120	1.4731317996470004
1790	70	0.4547636061743434
1790	80	0.7368672967091409
1790	90	1.002031608067264
1790	100	1.1132314485678048
1790	110	1.1977903068304372
1790	120	1.2223858629695283
1791	70	0.2992467989686186
1791	80	0.5010816436209033
1791	90	0.7110079506517234
1791	100	0.8119858992913077
1791	110	0.8887454669192136
1791	120	0.9316410295411169
1792	70	0.5819653911070188
1792	80	0.6825659160880256
1792	90	0.8127762950480877
1792	100	0.9020313982882926
1792	110	0.9287562993746435
1792	120	0.9470020969483207
1793	70	0.7332888818682849
1793	80	1.0028849600404912
1793	90	1.0078497014566334
1793	100	1.1108373904162885
1793	110	1.1745562855763676
1793	120	1.2055456358363557
1794	70	1.4202515684477108
1794	80	1.0999705776605706
1794	90	0.939807620366561
1794	100	0.9366086880515571
1794	110	0.9555934496916442
1794	120	0.9520799746578477
1795	70	0.5078545236915711
1795	80	0.7890019261096239
1795	90	0.8927272228525931
1795	100	1.0913020856311502
1795	110	1.1033006785269603
1795	120	1.1064227814380332
1796	70	1.5367399939820592
1796	80	1.10143337455005
1796	90	1.0184348131035075
1796	100	0.919247545899071
1796	110	0.9379278991606779
1796	120	0.9438439840123692
1797	70	0.7222451332484631
1797	80	0.9804306659984683
1797	90	0.899239428837168
1797	100	1.0349581704013484
1797	110	1.0500564493259938
1797	120	1.026326557654863
1798	70	1.6467820559470403
1798	80	1.7601195350841137
1798	90	1.6789574235951976
1798	100	1.3153069268167865
1798	110	1.1904437858656602
1798	120	1.1654971429916408
1799	70	1.190759353387926
1799	80	0.9724501015302719
1799	90	0.9720207823390501
1799	100	0.9745843591628173
1799	110	0.9869154022318879
1799	120	0.9739900595434882
1800	70	0.5292452704157293
1800	80	0.6146857411991142
1800	90	0.6869456286141563
1800	100	0.7257006744033739
1800	110	0.7940415748451821
1800	120	0.8419835534339184
1801	70	1.20881811165445
1801	80	1.1310893825307549
1801	90	1.1775597817227867
1801	100	1.1654445029862635
1801	110	1.1677794375378452
1801	120	1.1606425708304762
1802	70	1.474894475132582
1802	80	0.9075268468720303
1802	90	0.8195766019196884
1802	100	0.6954153680385129
1802	110	0.7199750775813801
1802	120	0.7313384412765673
1803	70	2.3959104458958334
1803	80	1.5327394268440968
1803	90	1.1398416138916778
1803	100	1.0673831160758949
1803	110	1.0460813768264419
1803	120	1.0347744896143505
1804	70	0.6440956759550092
1804	80	0.9717280623348072
1804	90	1.081824613215048
1804	100	1.0773570158568622
1804	110	1.1145741301912173
1804	120	1.099658122071389
1805	70	1.8607070229382947
1805	80	1.5147276292240839
1805	90	1.1023890741241302
1805	100	1.044978598635887
1805	110	1.0006302259902204
1805	120	0.9616691915192214
1806	70	1.3577420265255848
1806	80	1.348561321642535
1806	90	1.2497380031260577
1806	100	1.0928014906119252
1806	110	1.1100126770982546
1806	120	1.1009016237698295
1807	70	2.2458132735238894
1807	80	1.4223770498663495
1807	90	1.0378431173228078
1807	100	0.9367309951567669
1807	110	0.9215446736056524
1807	120	0.9217531679024665
1808	70	1.7392778730042122
1808	80	1.326288362518997
1808	90	1.2886749793724694
1808	100	1.3830636872807327
1808	110	1.358153715399748
1808	120	1.2750251277242808
1809	70	1.936667264498327
1809	80	1.447269285910891
1809	90	1.3421042957870193
1809	100	1.2055246553671721
1809	110	1.1055510602498033
1809	120	1.0628569655925828
1810	70	0.3919356961652535
1810	80	0.6242142126082225
1810	90	0.6754109561328094
1810	100	0.7859470117837514
1810	110	0.8041401489397302
1810	120	0.8157938861509925
1811	70	2.4881493435792197
1811	80	1.2182278678195335
1811	90	0.8872384480507676
1811	100	0.9147291334762914
1811	110	0.9146781510238551
1811	120	0.8853526178284686
1812	70	0.6795161430724415
1812	80	0.9277423220068807
1812	90	0.8191670798296269
1812	100	0.7868696749140398
1812	110	0.8392248150099195
1812	120	0.861616146116958
1813	70	1.0692670984417272
1813	80	1.1179300106212258
1813	90	1.164009869070332
1813	100	1.2014256498032607
1813	110	1.2121088719016349
1813	120	1.2031822700446866
1814	70	1.9640137948120129
1814	80	1.4591892537515514
1814	90	1.0679065883922065
1814	100	1.1321935488322314
1814	110	1.0465129252121346
1814	120	1.001126493655029
1815	70	0.22710744208070838
1815	80	0.4359851234742919
1815	90	0.6225217255607974
1815	100	0.810441613082314
1815	110	0.8925444918126865
1815	120	0.9375327356582632
1816	70	1.832649629199825
1816	80	1.576664972236098
1816	90	1.394772362283687
1816	100	1.3677417574603064
1816	110	1.2801203524992812
1816	120	1.197004588896572
1817	70	1.7698818517921848
1817	80	1.5968225043594815
1817	90	1.4102185714098772
1817	100	1.1115697198554413
1817	110	1.070076053377816
1817	120	1.0310379469757633
1818	70	0.577907291959007
1818	80	0.6826103304008291
1818	90	0.7779214960892326
1818	100	0.768328013228725
1818	110	0.7992760404481382
1818	120	0.829615721483604
1819	70	2.1673132962835693
1819	80	1.2107803025510064
1819	90	0.9820322685232198
1819	100	0.984128344397486
1819	110	0.9525963359994046
1819	120	0.9332070894882183
1820	70	1.5851888404481904
1820	80	1.7987732846757296
1820	90	1.4758478542796238
1820	100	1.4112776495524395
1820	110	1.4157647394910062
1820	120	1.33826214211539
1821	70	0.6735964311104682
1821	80	0.7676395808393022
1821	90	0.7799322082930834
1821	100	0.8496398168154179
1821	110	0.8760863378421803
1821	120	0.9034679125287854
1822	70	1.809979707300052
1822	80	1.789534117055845
1822	90	1.390186595589591
1822	100	1.259079475926469
1822	110	1.1914956753806123
1822	120	1.110806464098609
1823	70	0.6060341570069694
1823	80	0.5403406544474099
1823	90	0.6840270343553136
1823	100	0.7662806350247945
1823	110	0.8302412787711646
1823	120	0.8687933767194211
1824	70	2.447792506037509
1824	80	1.6821067818723505
1824	90	1.5062796431439545
1824	100	1.1598748453412635
1824	110	1.1101317703018756
1824	120	1.0695619442688746
1825	70	1.2616783485259542
1825	80	1.014269681489012
1825	90	0.8936776793917827
1825	100	0.8392964911053092
1825	110	0.8970791863509585
1825	120	0.9178572932576241
1826	70	0.995510511232109
1826	80	1.1204000976354558
1826	90	1.002200043810326
1826	100	1.073489558486131
1826	110	1.0582398787121838
1826	120	1.0252472500657632
1827	70	0.49195323897790666
1827	80	0.5957280087725951
1827	90	0.7665374991921563
1827	100	0.8067638059674046
1827	110	0.8816490101542007
1827	120	0.9245698663234817
1828	70	2.6150488174806994
1828	80	2.1807478656378314
1828	90	1.7002543156103487
1828	100	1.2728184283384332
1828	110	1.272412266040479
1828	120	1.2283858850207912
1829	70	0.3322401103790384
1829	80	0.6224805625690262
1829	90	0.9276669067929156
1829	100	0.8778677805577413
1829	110	0.9615199575551318
1829	120	0.9946546653720154
1830	70	1.013044811669931
1830	80	0.8910436216403625
1830	90	0.8753535263354953
1830	100	1.0137426502139804
1830	110	1.0292665332025552
1830	120	1.0000067398338646
1831	70	0.38164016099711334
1831	80	0.406012060312619
1831	90	0.5460903921330785
1831	100	0.6602092435040083
1831	110	0.7424128084440461
1831	120	0.7927163621582419
1832	70	1.5270804750814675
1832	80	1.3822739041385306
1832	90	1.5693854723568217
1832	100	1.3497566325099912
1832	110	1.220157706479525
1832	120	1.1841769649098137
1833	70	1.116544809920664
1833	80	1.058109584499404
1833	90	1.1387241514171489
1833	100	1.069150767918521
1833	110	1.0701440240443716
1833	120	1.0469849612101398
1834	70	0.6296613243713399
1834	80	0.8292391856775061
1834	90	1.189520102217949
1834	100	1.3146726257062664
1834	110	1.3048784987557958
1834	120	1.2994484135605016
1835	70	1.696087454343284
1835	80	1.3384198740667634
1835	90	1.4103074819590582
1835	100	1.3789314833501076
1835	110	1.2989360641818855
1835	120	1.259898078581182
1836	70	0.7772119323644917
1836	80	1.1058816534556168
1836	90	1.175993260086265
1836	100	1.3756416665201887
1836	110	1.3481958651728725
1836	120	1.3319884826605568
1837	70	0.9741008488070645
1837	80	1.0103111125082491
1837	90	1.1998633450936078
1837	100	1.1416408044529291
1837	110	1.0653976354837276
1837	120	1.0717384104428418
1838	70	0.5637303132982688
1838	80	0.941082806015269
1838	90	1.2422267019848563
1838	100	1.2265680962684093
1838	110	1.2337205668232507
1838	120	1.2251947538237407
1839	70	0.6566906258519494
1839	80	0.7993721606802382
1839	90	0.9361579034364583
1839	100	0.9476073736274615
1839	110	0.9300469194824593
1839	120	0.9449762386805263
1840	70	0.6324024015115695
1840	80	0.7578323112633115
1840	90	0.7547728667562963
1840	100	0.7725738052600442
1840	110	0.7893928767612335
1840	120	0.7945106682182926
1841	70	0.6455754797118308
1841	80	0.9038384733165514
1841	90	0.9570454266498474
1841	100	0.8186611153987491
1841	110	0.7950276152611494
1841	120	0.8217751082161742
1842	70	1.9538004140775151
1842	80	1.4525018243985794
1842	90	1.2038299540644652
1842	100	1.197221197337637
1842	110	1.139218151198366
1842	120	1.0955990120128707
1843	70	0.9797182768138968
1843	80	0.8611522539417019
1843	90	0.8792885603025302
1843	100	0.8700305901770233
1843	110	0.9038093699698775
1843	120	0.9237436468875948
1844	70	0.6551059551891948
1844	80	0.9314218956237046
1844	90	1.0240533257130364
1844	100	1.0400622986570114
1844	110	1.0403063061555464
1844	120	1.0490406865265318
1845	70	0.833494372346246
1845	80	0.7923471531655877
1845	90	0.8888978893682349
1845	100	0.9955775991474763
1845	110	1.007415512343645
1845	120	0.988467558313191
1846	70	1.0693977482887822
1846	80	0.7873722877696107
1846	90	0.7679034007400823
1846	100	0.9120257311757451
1846	110	0.9254807591173868
1846	120	0.9011139433571257
1847	70	0.5084169899446483
1847	80	0.7140920528253637
1847	90	0.9241079449899716
1847	100	0.9482719860698309
1847	110	1.012679909688051
1847	120	1.0227544893692675
1848	70	0.8370827217856488
1848	80	0.6296510585956802
1848	90	0.6715536991463322
1848	100	0.7833988713968695
1848	110	0.8370973438631117
1848	120	0.8689202253362827
1849	70	1.3584798868075225
1849	80	1.3690359383256256
1849	90	1.0656229920169746
1849	100	1.175604906568069
1849	110	1.1146177104426596
1849	120	1.0658096748303187
1850	70	0.701254824079327
1850	80	1.0480293336988393
1850	90	1.2440624638610245
1850	100	1.3102686719614673
1850	110	1.2604358450720916
1850	120	1.2728716973983472
1851	70	1.6658794481464347
1851	80	1.5941161030319113
1851	90	1.041673194552745
1851	100	0.9752129319529873
1851	110	0.9304455494374987
1851	120	0.9138067025743687
1852	70	0.43142366183092146
1852	80	0.6781935504324239
1852	90	0.9057408424432144
1852	100	1.026345407387161
1852	110	1.0107221687333736
1852	120	1.0426832910096666
1853	70	1.3439658124570433
1853	80	1.4297084062603478
1853	90	1.0176952276100868
1853	100	0.9534031242136959
1853	110	0.9098988121351179
1853	120	0.8794307025109294
1854	70	0.6573259627497844
1854	80	0.7560752202770444
1854	90	0.7491355765639899
1854	100	0.8286730950883823
1854	110	0.8526498728560437
1854	120	0.880690067490691
1855	70	0.9531286283607817
1855	80	1.122958819185797
1855	90	1.309680705793693
1855	100	1.425245031788661
1855	110	1.3301616392982976
1855	120	1.2623009900317639
1856	70	2.2987938213028265
1856	80	1.6230268064518822
1856	90	1.108451663864067
1856	100	0.993758525590371
1856	110	0.9689150435541898
1856	120	0.9302912794329897
1857	70	1.5336012266017036
1857	80	1.1666144266725826
1857	90	1.0227707421649117
1857	100	1.002990932817501
1857	110	0.9448236313720721
1857	120	0.9423328672091009
1858	70	1.2529561360924155
1858	80	0.9194252184953129
1858	90	0.9925582802927262
1858	100	1.0000937737031335
1858	110	0.9921810865149108
1858	120	0.9935209110272407
1859	70	0.5405966455262091
1859	80	0.6301781571926363
1859	90	0.778795570465645
1859	100	0.9357084384180968
1859	110	0.9816333370879229
1859	120	1.0353250724971061
1860	70	0.732205904180094
1860	80	0.952177698135257
1860	90	0.9083134703489288
1860	100	0.8422980630880653
1860	110	0.8444964182685923
1860	120	0.8751566931229389
1861	70	0.4361869890452512
1861	80	0.5096236155044899
1861	90	0.690126910456224
1861	100	0.7887323175993817
1861	110	0.8440111429445503
1861	120	0.8973670024059074
1862	70	1.6642199630843222
1862	80	1.591862174204173
1862	90	1.3088809772405463
1862	100	1.1477075665817174
1862	110	1.0936144186643855
1862	120	1.0612528318929333
1863	70	1.3267133068592663
1863	80	1.4494698949857447
1863	90	1.3655751758002526
1863	100	1.4612656396473245
1863	110	1.3871542085349815
1863	120	1.3085501060211877
1864	70	0.39914785942458414
1864	80	0.6749200853269232
1864	90	0.7998508273976783
1864	100	0.7840294377954066
1864	110	0.8285707332146648
1864	120	0.8730704756927237
1865	70	1.097596093424754
1865	80	0.9127869335590988
1865	90	1.0075304182743883
1865	100	1.0950532785258045
1865	110	1.0857518266485704
1865	120	1.074281635172755
1866	70	1.0408124642795127
1866	80	1.0848842358145265
1866	90	0.7715130825041341
1866	100	0.7621044293356632
1866	110	0.7865376381939658
1866	120	0.7808531728537708
1867	70	1.0389544878160877
1867	80	0.9880550333120584
1867	90	0.933698557577963
1867	100	1.0684396197236674
1867	110	1.0553609616672985
1867	120	1.0090727570811253
1868	70	1.5738379515510055
1868	80	1.210063283026982
1868	90	1.1501046147885632
1868	100	1.1687814874030722
1868	110	1.1228784369201654
1868	120	1.1045445069262596
1869	70	0.6246168045746833
1869	80	0.5815258039499216
1869	90	0.6020471602571608
1869	100	0.6269545551485662
1869	110	0.6903602211234061
1869	120	0.7349130077389143
1870	70	1.6014615754021844
1870	80	1.5376123565042694
1870	90	1.4863980477412986
1870	100	1.2428130331536063
1870	110	1.179546502696021
1870	120	1.1560461089789456
1871	70	1.2336193388158914
1871	80	0.8041902700045929
1871	90	0.9323476502888701
1871	100	0.9432041074707106
1871	110	0.9578867944095292
1871	120	0.9581049162886226
1872	70	0.5587652405894851
1872	80	0.8256556226645374
1872	90	0.927828057687683
1872	100	1.1280169179022552
1872	110	1.1454713386867539
1872	120	1.1436434469830057
1873	70	1.5473789090434382
1873	80	1.221400650113954
1873	90	1.0192086456407528
1873	100	0.8978335594010678
1873	110	0.8795188375597751
1873	120	0.8755128610299816
1874	70	1.8612181243502939
1874	80	1.0763339644520669
1874	90	0.7278709308320287
1874	100	0.7256694945493523
1874	110	0.7190347855455692
1874	120	0.712165426569341
1875	70	1.4729485186132116
1875	80	1.6160359467550385
1875	90	1.3741664784142866
1875	100	1.0282635790498527
1875	110	0.9742973158441953
1875	120	0.9481232945834469
1876	70	0.48323317940336347
1876	80	0.6294164083765524
1876	90	0.7565468352891391
1876	100	0.923697213741896
1876	110	0.9216361035242886
1876	120	0.946768635625732
1877	70	1.4942859218063964
1877	80	1.4037222136179792
1877	90	1.2026259383170403
1877	100	1.1254597534908175
1877	110	1.0761185678049017
1877	120	1.0786901478633255
1878	70	0.6108701067487181
1878	80	0.7134722074377282
1878	90	0.8659860742803144
1878	100	0.8885105727360465
1878	110	0.9008505104484115
1878	120	0.9095497840420871
1879	70	0.4094523105569663
1879	80	0.42313256301020785
1879	90	0.5728810408526107
1879	100	0.6462192969720423
1879	110	0.6958899952619917
1879	120	0.7335381324626294
1880	70	1.296905904628461
1880	80	0.8930893448717266
1880	90	0.9439889364133288
1880	100	0.9440202574114313
1880	110	0.9417273789680375
1880	120	0.9466308523672348
1881	70	0.6307099161338209
1881	80	0.8120562469048259
1881	90	0.9111839901619073
1881	100	1.1212636107075942
1881	110	1.1400636132652318
1881	120	1.1395756561624455
1882	70	0.4670813029816609
1882	80	0.4517420103475109
1882	90	0.6329119551447104
1882	100	0.8167664951837811
1882	110	0.84963260427491
1882	120	0.8891551949672093
1883	70	1.6792848088156274
1883	80	1.2417398623650981
1883	90	1.2220054694704927
1883	100	1.071325631294419
1883	110	1.0764227438266498
1883	120	1.0459388589582068
1884	70	1.4213521555063418
1884	80	0.9742588544106169
1884	90	0.805352048441248
1884	100	0.9557922818097591
1884	110	0.9255649972929638
1884	120	0.9188372231529586
1885	70	1.605192914621548
1885	80	1.5681804193502762
1885	90	1.3499282461116469
1885	100	1.0878189151431727
1885	110	1.0728994812574915
1885	120	1.0290994653426198
1886	70	2.522434003638711
1886	80	1.44869119520884
1886	90	1.1900034345090855
1886	100	1.1356902826167279
1886	110	1.0621067966207898
1886	120	1.0367287199799577
1887	70	2.871734276851091
1887	80	1.4927866477491323
1887	90	1.1326084053654772
1887	100	1.0118152886272815
1887	110	1.0414547782608665
1887	120	1.0313242794654476
1888	70	0.42612264732661637
1888	80	0.5204862143309531
1888	90	0.6386938542392663
1888	100	0.8361877538613758
1888	110	0.8922603745436297
1888	120	0.912840988424562
1889	70	0.4521055032237678
1889	80	0.5913418818801831
1889	90	0.797370120093868
1889	100	0.8078104868697025
1889	110	0.8342949035195015
1889	120	0.8445117787182381
1890	70	0.6365857410386823
1890	80	1.0269269730241621
1890	90	1.425369317124622
1890	100	1.2777281637813702
1890	110	1.285798973309093
1890	120	1.2890687337406603
1891	70	1.483302576434604
1891	80	1.2289049193329418
1891	90	1.1057333220499215
1891	100	0.9823381474812214
1891	110	0.970410058473891
1891	120	0.930381437053975
1892	70	1.3118483981489284
1892	80	1.2854155076124398
1892	90	1.216652269357926
1892	100	1.2279477256711784
1892	110	1.2237200300864768
1892	120	1.1795264583151708
1893	70	0.5150353285763669
1893	80	0.7355686772316448
1893	90	0.8277385435026096
1893	100	0.8779483517375342
1893	110	0.9123153952230173
1893	120	0.9633235343771404
1894	70	2.0691551089451568
1894	80	1.620175239081257
1894	90	1.367869058383053
1894	100	1.2845982054396552
1894	110	1.2015810339554056
1894	120	1.1367656152049035
1895	70	0.2761384586535841
1895	80	0.4838132988439424
1895	90	0.6270841054897871
1895	100	0.8221929518518333
1895	110	0.894909383928879
1895	120	0.9275852291440395
1896	70	0.557234207530709
1896	80	0.6339726447762496
1896	90	0.7258908322615284
1896	100	0.8320688623197463
1896	110	0.8907715320735135
1896	120	0.9487870982870907
1897	70	1.978461078367427
1897	80	1.3828786626622545
1897	90	1.3034159924469397
1897	100	1.2708823223541574
1897	110	1.2093150073884853
1897	120	1.1826419801990664
1898	70	1.200035980487183
1898	80	1.3116524266739058
1898	90	1.3298743068524208
1898	100	1.1918637481030965
1898	110	1.1779956515691221
1898	120	1.1313543692947343
1899	70	1.999624863740525
1899	80	1.1444761769079004
1899	90	0.8706895820845966
1899	100	0.8740796358408489
1899	110	0.872881883368826
1899	120	0.8564810067192841
1900	70	0.5306651805213255
1900	80	0.6493520349187236
1900	90	0.7978995085255146
1900	100	0.9123492712397737
1900	110	0.9802409078171215
1900	120	1.0019109156093047
1901	70	0.4955546692137607
1901	80	0.8707940312318194
1901	90	0.899030280911267
1901	100	0.8821192549751815
1901	110	0.9181303573662379
1901	120	0.9382559688672782
1902	70	0.4352420473886046
1902	80	0.6718573022354718
1902	90	0.8522558860853288
1902	100	0.8320014095227053
1902	110	0.8706396599516679
1902	120	0.939353264673667
1903	70	0.6518814102827752
1903	80	0.8799186904370725
1903	90	0.8579282051838024
1903	100	0.8222948642116826
1903	110	0.8407155046470173
1903	120	0.8724954857909917
1904	70	2.0624662567899597
1904	80	1.6119075207580407
1904	90	1.1653955229561666
1904	100	1.11238238297387
1904	110	1.084444426023378
1904	120	1.0359649468592416
1905	70	0.6926006966341334
1905	80	1.0185462912427434
1905	90	1.032379284617914
1905	100	0.97143661374647
1905	110	0.997633689313146
1905	120	0.9840687443964261
1906	70	1.2984616059382015
1906	80	0.7451383558097626
1906	90	0.8308095089856553
1906	100	0.8800611692820737
1906	110	0.8933070793073316
1906	120	0.9028689989703704
1907	70	1.6579509781297248
1907	80	1.308249918211192
1907	90	1.0329124537849617
1907	100	0.9806842121141677
1907	110	0.9305629402974724
1907	120	0.9305105317122276
1908	70	0.5731176147709006
1908	80	0.7453600798026091
1908	90	0.8728635495039174
1908	100	1.0626853602692974
1908	110	1.069109165827822
1908	120	1.061342437152109
1909	70	1.329035755134979
1909	80	1.1346300905708226
1909	90	1.0069479160657802
1909	100	1.1800053901958913
1909	110	1.2082771506134629
1909	120	1.1696027409217702
1910	70	2.1952044624264415
1910	80	1.0513207013276473
1910	90	0.7745188386523232
1910	100	0.8999014776314425
1910	110	0.8885746656970392
1910	120	0.8711238447519112
1911	70	0.44187978547865714
1911	80	0.7162187833441086
1911	90	0.966263789377426
1911	100	0.9837563678321878
1911	110	0.9768904642233164
1911	120	0.9787084889055251
1912	70	0.553303472570241
1912	80	0.6176495091240369
1912	90	0.7739157386564386
1912	100	0.8335724028895249
1912	110	0.8352878980713077
1912	120	0.8532669728798057
1913	70	2.467810825829943
1913	80	2.7498508490231974
1913	90	1.6195757523505951
1913	100	1.2365936189982667
1913	110	1.1524415714867444
1913	120	1.0701450167644753
1914	70	1.0657837456733468
1914	80	1.1617124059674013
1914	90	1.3087603127043252
1914	100	1.0991128436325994
1914	110	1.072879419788378
1914	120	1.0759789440340428
1915	70	2.777511125917615
1915	80	1.8753675338844698
1915	90	1.1330309895489385
1915	100	0.975769518806666
1915	110	0.9430639710114687
1915	120	0.8866045004930149
1916	70	1.9252254225422538
1916	80	1.170191810105287
1916	90	1.324815546561052
1916	100	1.2867606032886754
1916	110	1.3097104412961298
1916	120	1.282428239968508
1917	70	2.574415971968765
1917	80	1.3305295800927872
1917	90	1.0290183194076488
1917	100	1.048581408753432
1917	110	1.0295523213886402
1917	120	1.016618811776381
1918	70	0.5586039867926137
1918	80	0.8195209600803463
1918	90	1.0638776969850368
1918	100	1.0117683388621883
1918	110	1.0773629996219314
1918	120	1.1003292432778113
1919	70	0.6704398503958409
1919	80	0.7419858258689274
1919	90	0.7676716320756976
1919	100	0.7978725581539224
1919	110	0.8325706642679951
1919	120	0.8618741562058441
1920	70	1.9964335773147033
1920	80	1.9389190408984875
1920	90	1.6426381345829106
1920	100	1.240667607299101
1920	110	1.2054306468186937
1920	120	1.1298045301930657
1921	70	0.4913654280504514
1921	80	0.4743486769957731
1921	90	0.6917994754119482
1921	100	0.7239047002074981
1921	110	0.784834410829528
1921	120	0.8283023301189671
1922	70	0.6934314468988768
1922	80	1.0033569089505723
1922	90	1.1418614660754236
1922	100	0.9990503351303749
1922	110	0.9753421802442963
1922	120	0.9637536307467259
1923	70	1.4209830801548542
1923	80	1.2431842548327316
1923	90	1.0001755310080997
1923	100	1.0555882648299646
1923	110	0.9763297545003252
1923	120	0.977628718355229
1924	70	0.5090183081302819
1924	80	0.6669020385543395
1924	90	0.7769581191766504
1924	100	0.7653324887529956
1924	110	0.7979147882952063
1924	120	0.8127184864159527
1925	70	1.0927744793207723
1925	80	1.1216049886138322
1925	90	1.0174888203295578
1925	100	0.9675469643277035
1925	110	0.9589975690572615
1925	120	0.9487476946520512
1926	70	0.6197600271822964
1926	80	0.762594778274746
1926	90	0.9871838719490278
1926	100	1.0834737373570107
1926	110	1.0710533535941023
1926	120	1.0601633202358216
1927	70	1.1801775812020079
1927	80	1.25587346092628
1927	90	1.2246268429845666
1927	100	1.1488268934852215
1927	110	1.128877733653849
1927	120	1.0854198280834662
1928	70	1.1577090894494504
1928	80	1.1686284181431754
1928	90	1.0930260983606275
1928	100	1.006260759142683
1928	110	0.956886526366678
1928	120	0.9695448702815583
1929	70	1.5508710526734042
1929	80	1.2757501087026506
1929	90	1.2468993961380042
1929	100	1.062276891019861
1929	110	1.0446627698474125
1929	120	1.0226557621797514
1930	70	1.6027729792333871
1930	80	1.3170711679127853
1930	90	0.9970239698814192
1930	100	1.0611493966303531
1930	110	0.9556767740400999
1930	120	0.899704863160386
1931	70	0.6099265145330647
1931	80	0.7235263400172872
1931	90	0.9999343459835277
1931	100	1.09526429852761
1931	110	1.171842991834791
1931	120	1.1969875751708345
1932	70	0.7431572839148569
1932	80	0.7336528540042494
1932	90	0.7978446025920463
1932	100	0.8039078818251237
1932	110	0.8780910777722294
1932	120	0.9352169900086477
1933	70	1.1754585439753356
1933	80	1.2776659355642237
1933	90	1.194362896771636
1933	100	1.0046735502409931
1933	110	1.0181806251156584
1933	120	0.9970441874854572
1934	70	1.3154146087581589
1934	80	1.434145316504351
1934	90	1.5711922714103588
1934	100	1.431636093222479
1934	110	1.3053571917912412
1934	120	1.2865604655154745
1935	70	0.59172959799517
1935	80	0.7751206150194324
1935	90	0.9452113262790717
1935	100	0.9350568633667236
1935	110	1.008942491412797
1935	120	1.026751088285356
1936	70	1.653521679807716
1936	80	1.3245074407279007
1936	90	1.0643864063772819
1936	100	0.8433542869525581
1936	110	0.8069883633727837
1936	120	0.8169484783233041
1937	70	2.045174967796058
1937	80	1.7116933725231438
1937	90	1.2623316080212972
1937	100	0.9323303958904269
1937	110	0.946591716203256
1937	120	0.9144727534498354
1938	70	1.8561982447994119
1938	80	1.2038134773342484
1938	90	1.0370777775788609
1938	100	0.8916439001654634
1938	110	0.9382898961453466
1938	120	0.9271913636866296
1939	70	0.4931735928696927
1939	80	0.6545181006600852
1939	90	0.8550556535698152
1939	100	0.8612602098098103
1939	110	0.8970932757583643
1939	120	0.928144073522951
1940	70	2.976290142854077
1940	80	1.520571038518099
1940	90	1.5294982471218748
1940	100	1.200828324122375
1940	110	1.1580992074125447
1940	120	1.1231440351976052
1941	70	1.654028878738607
1941	80	1.7380835410185482
1941	90	1.2984192869565288
1941	100	1.0909018769859429
1941	110	1.0696363967428144
1941	120	1.0407545975647692
1942	70	0.7256211903753035
1942	80	0.9835978178974651
1942	90	1.2150385721231556
1942	100	1.135124970628327
1942	110	1.1721946618749903
1942	120	1.1463214572837233
1943	70	0.6360382986588101
1943	80	0.9521598019453327
1943	90	1.1912789232357917
1943	100	1.1522908982402442
1943	110	1.1998341956420764
1943	120	1.2044506985063856
1944	70	1.1445149025771533
1944	80	0.8632822210355287
1944	90	0.8912519832912015
1944	100	0.8554097219723782
1944	110	0.888513775126264
1944	120	0.8899989808526493
1945	70	0.5846037060777034
1945	80	0.5945232586178799
1945	90	0.6970074156039343
1945	100	0.7637370153871837
1945	110	0.7918314153610517
1945	120	0.8276958062334101
1946	70	1.1897806341942476
1946	80	1.2664361062628262
1946	90	1.256590624017189
1946	100	1.2614072250792208
1946	110	1.2325142535880969
1946	120	1.2016257323231796
1947	70	0.5258326766799969
1947	80	0.7614358972430498
1947	90	1.0632688267407866
1947	100	1.2227680330223516
1947	110	1.24773272354727
1947	120	1.2787802644359922
1948	70	0.4596479562370332
1948	80	0.5698004496336548
1948	90	0.6414923704673431
1948	100	0.8010902863126036
1948	110	0.8888520490839544
1948	120	0.9298384210796584
1949	70	0.6117768428055524
1949	80	0.6746969472301337
1949	90	0.7807676930343808
1949	100	0.8438193683594911
1949	110	0.9383856479727178
1949	120	1.0097043108951163
1950	70	1.2848983797944418
1950	80	0.9408663918956669
1950	90	1.077803274522942
1950	100	1.0448388950350769
1950	110	1.036946426094176
1950	120	1.0278626325563303
1951	70	1.9966971173472368
1951	80	1.4865263821882866
1951	90	1.39467115148565
1951	100	1.1358982043008496
1951	110	1.0679199942107584
1951	120	1.023231161830282
1952	70	0.6894967459883579
1952	80	0.6652542474977352
1952	90	0.882707296358728
1952	100	1.096180428273526
1952	110	1.1934898733726444
1952	120	1.2215781540412534
1953	70	2.376206354928872
1953	80	2.5400141760945028
1953	90	1.498050727062319
1953	100	1.204721347354275
1953	110	1.0897038080395214
1953	120	1.04747609331316
1954	70	0.42963740486706
1954	80	0.45384631602366104
1954	90	0.6097757439289501
1954	100	0.7636217703867164
1954	110	0.8151679392306278
1954	120	0.8584706920314777
1955	70	1.2916754732208802
1955	80	0.919712032460432
1955	90	0.813985744973637
1955	100	0.9492634491043118
1955	110	0.9336853394817292
1955	120	0.9238853061171328
1956	70	1.3388216756462248
1956	80	1.2131979750397024
1956	90	0.9858331317678438
1956	100	1.012312563049783
1956	110	1.006096682070681
1956	120	0.9634360262234827
1957	70	0.5964076570600908
1957	80	0.5751792421264975
1957	90	0.7516743818516008
1957	100	0.8026691125953416
1957	110	0.848269901262504
1957	120	0.8902901609719108
1958	70	0.3433962298753476
1958	80	0.5914251941087691
1958	90	0.8950915791892949
1958	100	1.0347850599720445
1958	110	1.0880429259428086
1958	120	1.1465376498274336
1959	70	0.9110272365223223
1959	80	1.0493373685548428
1959	90	1.2420792331109405
1959	100	1.3529324190058123
1959	110	1.2878746996993298
1959	120	1.2470018216151209
1960	70	0.3235902603186299
1960	80	0.6013313742423358
1960	90	0.7632197153782054
1960	100	0.811785626827601
1960	110	0.81139594062910525
1960	120	0.8357135181735198
1961	70	0.8700771910839143
1961	80	0.9590073486692015
1961	90	0.9878643212663822
1961	100	1.0221021635520724
1961	110	1.0427341470483389
1961	120	1.0515377148500356
1962	70	1.061119491237388
1962	80	1.2030527746246016
1962	90	1.067383893310615
1962	100	0.9649156374363148
1962	110	0.9160275478659922
1962	120	0.9044788783017392
1963	70	3.602319841097163
1963	80	1.6971414173595354
1963	90	1.1008100265156
1963	100	0.939563428860297
1963	110	0.9257783625827591
1963	120	0.9055270574738862
1964	70	1.6788958397646814
1964	80	1.2083755649884131
1964	90	1.2081615184632672
1964	100	1.2280369176448445
1964	110	1.1799737590205328
1964	120	1.1772275063292228
1965	70	1.5854617216793165
1965	80	1.089635122215808
1965	90	0.8317279510531366
1965	100	0.8786275428631269
1965	110	0.8863911929727274
1965	120	0.8777396408666186
1966	70	1.6842262382546296
1966	80	1.2385681607803778
1966	90	1.1526238621272649
1966	100	1.1283434560787404
1966	110	1.0725798223907914
1966	120	1.0281925432727017
1967	70	0.6664221660566302
1967	80	0.7250109747297823
1967	90	0.9525200364712897
1967	100	1.01989110993744
1967	110	1.0523124015343694
1967	120	1.0888619205857168
1968	70	1.1863354370108927
1968	80	1.3558458489069398
1968	90	1.195224056845654
1968	100	1.0233331555904823
1968	110	0.9464471191023266
1968	120	0.9284155607419894
1969	70	0.525274709730568
1969	80	0.708220337360587
1969	90	0.9501558843539325
1969	100	1.0313133771923375
1969	110	1.0284760879250254
1969	120	1.019091502877167
1970	70	0.7414082957254654
1970	80	0.8034205371415316
1970	90	0.9729140075429757
1970	100	0.8396957317455794
1970	110	0.878845135654727
1970	120	0.9260969376937016
1971	70	1.3610016129433247
1971	80	1.4064318326382272
1971	90	1.3759223397125862
1971	100	1.1621205424106928
1971	110	1.1435336899608495
1971	120	1.1026100764469484
1972	70	0.6020511814211904
1972	80	0.9007440282465049
1972	90	1.1378109480350391
1972	100	1.0758879139822435
1972	110	1.1264468562040537
1972	120	1.1400582941143638
1973	70	1.633864321129052
1973	80	1.315636455621721
1973	90	1.021386701911456
1973	100	0.9575665340040367
1973	110	0.9422065020221064
1973	120	0.902657478626646
1974	70	0.8171553726495562
1974	80	1.1176826763525736
1974	90	1.054076959883184
1974	100	1.1856340536191985
1974	110	1.194139041257026
1974	120	1.1899160717751978
1975	70	1.9243692947057651
1975	80	2.141101438494053
1975	90	1.724243187762501
1975	100	1.6078112489616219
1975	110	1.4896240552955398
1975	120	1.3870820343532588
1976	70	0.3439687139758665
1976	80	0.5078081198682163
1976	90	0.8122545095565257
1976	100	0.9124501521803716
1976	110	0.9702219492531795
1976	120	1.0224733369753063
1977	70	1.610906340882395
1977	80	1.2664131380374883
1977	90	0.9371836744900074
1977	100	0.9596914140462651
1977	110	0.9568703769140696
1977	120	0.939888895030805
1978	70	1.697118699152324
1978	80	1.1071159482556865
1978	90	0.9496886279399807
1978	100	1.0224212407843243
1978	110	0.9633965824532711
1978	120	0.9507009910294386
1979	70	0.40101822460026404
1979	80	0.5288533616501154
1979	90	0.8146028752505514
1979	100	0.8549853893515195
1979	110	0.9186974742911397
1979	120	0.9562615374895587
1980	70	0.33909829545223674
1980	80	0.6036873547617925
1980	90	0.9274190832233812
1980	100	0.9846175507304057
1980	110	0.9749381275226556
1980	120	0.9989084658783918
1981	70	0.7918241287577962
1981	80	0.910167335761786
1981	90	0.8710837813324482
1981	100	0.9117696257508662
1981	110	0.921998541063194
1981	120	0.9333201469517379
1982	70	2.1348899855920207
1982	80	1.3134720673495683
1982	90	0.8572461157884348
1982	100	0.8772140360317342
1982	110	0.8549494170171859
1982	120	0.8465561591593223
1983	70	1.2793543110485286
1983	80	1.0549924726234488
1983	90	0.8532511389939526
1983	100	0.8376116631739915
1983	110	0.8360826103134684
1983	120	0.8219489923928651
1984	70	1.8984172197406863
1984	80	1.3977013337631938
1984	90	1.1046935991831093
1984	100	1.0234774848741226
1984	110	0.9986574535437981
1984	120	0.9807136393701258
1985	70	1.1980781180473055
1985	80	1.1831489843904557
1985	90	1.0714625927138337
1985	100	1.0442344445216218
1985	110	1.0091395716839826
1985	120	1.001885593904395
1986	70	0.26505387476565584
1986	80	0.37160614011589577
1986	90	0.5857067450241675
1986	100	0.6643552992497377
1986	110	0.6985588211041098
1986	120	0.735507962109427
1987	70	0.7155385498596493
1987	80	0.831398130446606
1987	90	0.8732222732518565
1987	100	0.8273654982052605
1987	110	0.8210339501195357
1987	120	0.816655884465215
1988	70	1.6950459864189051
1988	80	1.1810545545045494
1988	90	0.8491041870820635
1988	100	0.9132744480341524
1988	110	0.9034377970510404
1988	120	0.8843800212185123
1989	70	1.266030396263913
1989	80	1.048359634377014
1989	90	0.9495801951655176
1989	100	0.9993063099253743
1989	110	0.9973586560127617
1989	120	0.972766381925105
1990	70	0.44046015743232986
1990	80	0.6835709052229324
1990	90	0.8999330378391485
1990	100	0.9289796268076423
1990	110	0.9929882650673055
1990	120	1.0190543584667946
1991	70	0.9144517560803427
1991	80	0.7927914532953809
1991	90	0.7605910723052945
1991	100	0.9010661098338245
1991	110	0.9309856807926262
1991	120	0.9344642816446044
1992	70	1.1733981739629453
1992	80	0.780094701317133
1992	90	0.7882873210313324
1992	100	0.7889123760802438
1992	110	0.7847143375320609
1992	120	0.7893791391038368
1993	70	1.066604963344018
1993	80	0.8371903587264207
1993	90	0.7944624271415924
1993	100	0.9305656127383752
1993	110	0.9366723601312301
1993	120	0.9347300056743358
1994	70	1.3130631410760174
1994	80	0.9306403202598379
1994	90	0.878803254537229
1994	100	0.9756491606938138
1994	110	0.9715503823309497
1994	120	0.9658147670608596
1995	70	1.20510173009259
1995	80	0.924412166665728
1995	90	0.730234085286987
1995	100	0.7375067416826309
1995	110	0.7607659020687054
1995	120	0.7813775266585047
1996	70	0.6734644784441263
1996	80	0.8017577591258255
1996	90	0.9127000151177188
1996	100	1.0382851257445391
1996	110	1.087783585220406
1996	120	1.1449126535839413
1997	70	2.013083760178049
1997	80	1.1954230301601485
1997	90	1.2326607015115216
1997	100	1.1194287927528537
1997	110	1.1260461371344646
1997	120	1.095057381817408
1998	70	2.085505758614937
1998	80	1.7957817753598107
1998	90	1.4800364685892704
1998	100	1.4939019709264023
1998	110	1.407243495081294
1998	120	1.3394676894024085
1999	70	0.611322950593243
1999	80	0.7877159749430351
1999	90	0.8153455213550022
1999	100	0.70292921564002675
1999	110	0.7713215842029781
1999	120	0.8055063487619041
2000	70	1.5320396783854382
2000	80	1.3137396441840006
2000	90	1.2571623253986401
2000	100	1.3067822611388067
2000	110	1.2287502452054782
2000	120	1.1573355906722442
2001	70	0.3866652379041443
2001	80	0.5732960267482657
2001	90	0.7211283414306239
2001	100	0.9272883148539998
2001	110	0.957235680772832
2001	120	1.0089071906884497
2002	70	1.0509346353831834
2002	80	1.1320948440742173
2002	90	1.0902649790901018
2002	100	0.9333620897091413
2002	110	0.9097786746948942
2002	120	0.9084791716244491
2003	70	1.678265737856966
2003	80	1.5168625706892953
2003	90	1.5019535359847966
2003	100	1.3762625366846886
2003	110	1.298853805225077
2003	120	1.2824156162197282
2004	70	1.0917469869734542
2004	80	1.202863746046763
2004	90	1.2485163965769264
2004	100	1.2483665200110643
2004	110	1.1835183159881963
2004	120	1.1546491109933212
2005	70	1.8534427473119002
2005	80	0.9979210965369499
2005	90	1.10792755193453
2005	100	1.0494015642774606
2005	110	1.0075478977820853
2005	120	0.9966231145952291
2006	70	1.1127792079719967
2006	80	1.0176685068247964
2006	90	1.0746094563782653
2006	100	1.1327514178820124
2006	110	1.0899311703791383
2006	120	1.0864994044956688
2007	70	0.8310652954145354
2007	80	0.8874006505863863
2007	90	0.9534623913269555
2007	100	0.9758613812110425
2007	110	1.0502499543186705
2007	120	1.071747186888621
2008	70	0.878241614316559
2008	80	0.8814658744333718
2008	90	0.8582908005438973
2008	100	1.0818486743352531
2008	110	1.1342148568709893
2008	120	1.1493874456871154
2009	70	0.3955584253617407
2009	80	0.6444720693310906
2009	90	0.7553390522849934
2009	100	0.9060065745261329
2009	110	0.9301717729877476
2009	120	0.9582738810518281
2010	70	3.837048370323229
2010	80	1.9754936485223522
2010	90	1.5312776207845362
2010	100	1.1227431116699482
2010	110	1.11552062824357
2010	120	1.1051369500451438
2011	70	1.6021210221727167
2011	80	1.2600356416334002
2011	90	1.2274751577296756
2011	100	1.3005910380264585
2011	110	1.2755900495498091
2011	120	1.2610374384016156
2012	70	1.801474458013508
2012	80	1.7883515563483852
2012	90	1.1373827512186572
2012	100	1.1363664960403048
2012	110	1.0768359989911969
2012	120	1.024038979896922
2013	70	1.500500548913058
2013	80	1.0862464815989052
2013	90	1.0692985443316718
2013	100	0.8805338275085582
2013	110	0.9189282817335565
2013	120	0.9457739220437135
2014	70	1.6841159227753906
2014	80	1.3411696268727444
2014	90	1.3045200527729215
2014	100	1.0855880243674663
2014	110	1.095557065145347
2014	120	1.0851103340712522
2015	70	1.603049552305505
2015	80	1.2145989802189583
2015	90	1.2115930566468889
2015	100	1.1738819248329186
2015	110	1.1817478893872717
2015	120	1.1598616138895514
2016	70	2.6947603454934304
2016	80	2.491430489383634
2016	90	1.865925778183682
2016	100	1.7723484509102168
2016	110	1.5993606587520035
2016	120	1.4773775015077
2017	70	0.9487513648721254
2017	80	0.9517076055936371
2017	90	1.0783934395642552
2017	100	1.15139029688704
2017	110	1.1618782794738447
2017	120	1.1099290952711978
2018	70	2.074434281571196
2018	80	1.1464221898345106
2018	90	0.9499149126149559
2018	100	0.9084867707263689
2018	110	0.8865039045470721
2018	120	0.8758331812135816
2019	70	0.6001251245650928
2019	80	0.8557938791494186
2019	90	0.9754350878872562
2019	100	0.9771914735999602
2019	110	0.9674093156633373
2019	120	0.9780470303125176
2020	70	1.9163492326193479
2020	80	1.8970038404976688
2020	90	1.4530453600965947
2020	100	1.1243284504596618
2020	110	1.1156994172923838
2020	120	1.0690503726728002
2021	70	0.666814139031004
2021	80	0.703554434768489
2021	90	0.8618163041621938
2021	100	1.0119074915595179
2021	110	1.0460803848209588
2021	120	1.0505418257897579
2022	70	1.9610424323345088
2022	80	1.134945868283473
2022	90	1.0569927122148255
2022	100	1.105209752145309
2022	110	1.0840254510072724
2022	120	1.0754433693078016
2023	70	1.8308918514189667
2023	80	1.5762515355212148
2023	90	1.1176977263156704
2023	100	1.1628747050338213
2023	110	1.164148780053097
2023	120	1.1155141900599002
2024	70	1.4982920504958497
2024	80	0.9534704927098131
2024	90	0.9929089747861691
2024	100	0.8507040754724949
2024	110	0.8562223655258275
2024	120	0.8411461993430346
2025	70	1.553459415485112
2025	80	1.645372540694897
2025	90	1.6604958216499144
2025	100	1.2370741360551885
2025	110	1.2303417944839237
2025	120	1.2100614266789191
2026	70	0.8734835619509497
2026	80	1.016701257618628
2026	90	1.100420060135826
2026	100	1.008044145805533
2026	110	1.0207525723969195
2026	120	1.0120324350956926
2027	70	0.4995976061069293
2027	80	0.7232184965660554
2027	90	0.9510800538066819
2027	100	0.8115028660406419
2027	110	0.8699599508309267
2027	120	0.91390525118008
2028	70	0.4925772697516017
2028	80	0.5845230589768604
2028	90	0.7348868053655994
2028	100	0.7267759390832564
2028	110	0.7730682797031297
2028	120	0.8186506923069735
2029	70	1.504420404292316
2029	80	1.0302664806312276
2029	90	1.039232416474386
2029	100	1.0257641727030609
2029	110	1.0680613780104753
2029	120	1.085464834270694
2030	70	1.5080450174893807
2030	80	0.9127242594984188
2030	90	0.9167582885068144
2030	100	0.9635584939838442
2030	110	0.9694811831990571
2030	120	0.9820501202747587
2031	70	1.757878602213612
2031	80	1.6829698476889425
2031	90	1.2805803517678784
2031	100	1.1779823387026307
2031	110	1.0750118611373602
2031	120	1.049424379204471
2032	70	0.5972553830222526
2032	80	0.6875082610548532
2032	90	0.916878646312253
2032	100	0.8805831213612917
2032	110	0.8647331884692726
2032	120	0.8959766400287116
2033	70	1.6484039787675169
2033	80	1.3454031765258614
2033	90	1.05051092553833
2033	100	1.1744874183898546
2033	110	1.1871706992663502
2033	120	1.1488987515807698
2034	70	0.550045285252528
2034	80	0.5461294951458547
2034	90	0.6637736184323116
2034	100	0.8569269492629259
2034	110	0.9510273436397966
2034	120	0.9816924728279691
2035	70	2.452322443543292
2035	80	1.3181842446025513
2035	90	1.0295598084493096
2035	100	1.001639609586416
2035	110	0.9641736332742966
2035	120	0.9463510312912111
2036	70	0.4041170960871584
2036	80	0.6801269750501526
2036	90	0.7988301105427915
2036	100	0.8583182324377278
2036	110	0.92388337334593
2036	120	0.9397009331064682
2037	70	0.5418041703031438
2037	80	0.8255145188086114
2037	90	0.9919881223953132
2037	100	1.038106569389049
2037	110	1.1261196537975535
2037	120	1.157065479061814
2038	70	0.3337709840158176
2038	80	0.33723756164466545
2038	90	0.46532353408334115
2038	100	0.6477897470830433
2038	110	0.7129981368826038
2038	120	0.7545391229574087
2039	70	2.191647531835791
2039	80	1.5257403400944303
2039	90	1.2236705011855156
2039	100	1.2259183971555219
2039	110	1.144445558490967
2039	120	1.1110017741930795
2040	70	0.366703460536577
2040	80	0.5397318274756587
2040	90	0.6534415050453004
2040	100	0.8474157957623155
2040	110	0.9161775144932783
2040	120	0.9593159690088336
2041	70	1.7430520453727056
2041	80	1.1110080641821427
2041	90	1.1529199548664946
2041	100	0.9498015636900677
2041	110	0.9500897452190278
2041	120	0.9652428172530348
2042	70	1.4986287764294026
2042	80	1.241002860502705
2042	90	1.0930083543783147
2042	100	1.0543883681492145
2042	110	1.0274249307382286
2042	120	0.97803006833362
2043	70	1.7499433621138498
2043	80	1.818890959466286
2043	90	1.6261824137569671
2043	100	1.4832690873916934
2043	110	1.4313529364422721
2043	120	1.3572058093098045
2044	70	0.48326200412894416
2044	80	0.6080059100300405
2044	90	0.7666635567736169
2044	100	0.8921216144464024
2044	110	0.9275373791238027
2044	120	0.9787170657979554
2045	70	0.47062022372616064
2045	80	0.580303135703074
2045	90	0.736327954917032
2045	100	0.7820251460689612
2045	110	0.8387296617703898
2045	120	0.8700274638467534
2046	70	0.6633200913106854
2046	80	0.9444510338424362
2046	90	1.0870538747288176
2046	100	1.177583895107306
2046	110	1.155006622780816
2046	120	1.138961320913897
2047	70	1.772674027079799
2047	80	1.6101703745415317
2047	90	1.5172683212822102
2047	100	1.1425127319920894
2047	110	1.0618396912642616
2047	120	1.0442319329353786
2048	70	0.566658457843763
2048	80	0.7246492084333326
2048	90	0.9221490754529357
2048	100	1.0307818436891367
2048	110	1.0692984256085956
2048	120	1.0622303534207034
2049	70	0.4539830491475092
2049	80	0.6789706896475743
2049	90	0.8379272774838142
2049	100	0.7846574959859969
2049	110	0.8663683657579686
2049	120	0.9103406072977066
2050	70	0.918502141366234
2050	80	0.7521958231585361
2050	90	0.7577125325013112
2050	100	0.878024462072443
2050	110	0.9426752295253499
2050	120	0.9672455561028745
2051	70	1.4689070221328684
2051	80	1.2335609267609742
2051	90	1.1541481393401487
2051	100	0.8956044811511722
2051	110	0.8620300313350743
2051	120	0.8314100272079022
2052	70	0.5482953437178008
2052	80	0.5529911366999447
2052	90	0.6174181191308717
2052	100	0.7768041333673507
2052	110	0.7994765293900934
2052	120	0.8301217837648616
2053	70	0.6914921742979585
2053	80	0.6810370188267224
2053	90	0.8782670406584647
2053	100	0.8749441452550324
2053	110	0.9637092612789805
2053	120	1.0012547437354846
2054	70	2.21485501380323
2054	80	1.5280777434183113
2054	90	1.136368863031908
2054	100	0.9721532853246646
2054	110	0.9443195695203904
2054	120	0.9073606085202568
2055	70	1.5456955890040718
2055	80	1.0290336247163054
2055	90	1.0775566756833141
2055	100	0.962974900491083
2055	110	0.9990685258165659
2055	120	1.0438521983799356
2056	70	1.14659345393457
2056	80	1.1598623185477566
2056	90	1.0965773061113733
2056	100	1.060749671289021
2056	110	1.0205417764595852
2056	120	1.0048324297744666
2057	70	0.46107772911552236
2057	80	0.7084546958283514
2057	90	0.665581932057168
2057	100	0.8287836424842252
2057	110	0.8380211236344167
2057	120	0.8384122297958746
2058	70	0.5969329649213305
2058	80	0.6701582280741555
2058	90	0.7487914495133055
2058	100	0.8249011994668974
2058	110	0.8107702097498741
2058	120	0.8221368566569626
2059	70	1.1379119239235482
2059	80	0.9549291767729515
2059	90	0.9955714328550309
2059	100	0.9030548660066166
2059	110	0.9281203034956372
2059	120	0.9546149191496586
2060	70	2.6454398011133438
2060	80	1.6202802338885176
2060	90	1.3650133484952511
2060	100	0.9883685800183957
2060	110	0.9504544414674674
2060	120	0.9539282212429321
2061	70	1.1754372907564876
2061	80	1.1619314925729276
2061	90	1.1893521687006332
2061	100	0.9034560106095642
2061	110	0.914836221425853
2061	120	0.9214630194561862
2062	70	0.42118284396250705
2062	80	0.6410712692392333
2062	90	0.7002232432264208
2062	100	0.7853600682920865
2062	110	0.7987965462788009
2062	120	0.8196615846451741
2063	70	0.685326753645142
2063	80	0.7584956582985557
2063	90	0.8463552721980985
2063	100	0.881848336595782
2063	110	0.9501500515403862
2063	120	0.9828099956228298
2064	70	1.8338922886263573
2064	80	1.5063911305549056
2064	90	1.4506002898789558
2064	100	1.087729146030209
2064	110	1.031449559024496
2064	120	0.9959389994997041
2065	70	1.0929411216443898
2065	80	1.290724632001605
2065	90	0.9366150553406644
2065	100	1.0081302571221333
2065	110	1.0062178838636784
2065	120	0.972449931135903
2066	70	1.4811607356279686
2066	80	1.6329031548691422
2066	90	1.3690893845850634
2066	100	1.2164319033378195
2066	110	1.1732940441786563
2066	120	1.153120069775259
2067	70	0.49408577187455843
2067	80	0.6629174948482718
2067	90	0.8421695680896255
2067	100	1.0452972592308218
2067	110	1.1104739600035027
2067	120	1.1122088051952324
2068	70	0.9852778215912412
2068	80	0.8645790283154179
2068	90	0.9735635251324142
2068	100	0.8720621449426961
2068	110	0.8848369937416874
2068	120	0.9208593168228859
2069	70	1.0752529494714238
2069	80	1.2624239989848993
2069	90	1.161045523933156
2069	100	1.289233097303746
2069	110	1.2923833850260884
2069	120	1.2645465975464278
2070	70	1.5896748910034497
2070	80	1.4279075799535463
2070	90	1.1818965239864516
2070	100	1.0742591902884444
2070	110	1.0393185442062107
2070	120	1.035384724023241
2071	70	0.9880817303459031
2071	80	1.1072212354310604
2071	90	1.0345279920734767
2071	100	0.9737420457932783
2071	110	1.0060934243262352
2071	120	0.9961421147775975
2072	70	1.8836143247626405
2072	80	1.2130725036765384
2072	90	0.9123153185960097
2072	100	1.0324093943985815
2072	110	1.0372819533297482
2072	120	1.024710362676658
2073	70	0.7981397396470102
2073	80	0.9584560894997103
2073	90	0.8095401752080422
2073	100	0.98038736506743
2073	110	1.0233912752580334
2073	120	1.0092934343204742
2074	70	1.7061262703705662
2074	80	1.1452865788511872
2074	90	0.9802625453601557
2074	100	0.9408126827186291
2074	110	0.9463232092741054
2074	120	0.9661592973419485
2075	70	0.9891596960270644
2075	80	1.2258402255438428
2075	90	1.2743874216215758
2075	100	1.3318641454474796
2075	110	1.2908374560922318
2075	120	1.2785447216932133
2076	70	0.853562032269969
2076	80	0.8566206396602187
2076	90	0.8556213164500456
2076	100	0.8685246275991628
2076	110	0.8883586893966622
2076	120	0.904723272163689
2077	70	0.6278756967597318
2077	80	0.5489309588762787
2077	90	0.5250923479579281
2077	100	0.5947861056563027
2077	110	0.6198501876124309
2077	120	0.6443637314538224
2078	70	0.7096676310535237
2078	80	0.8550674156165422
2078	90	1.1224795874577278
2078	100	1.1514621990909957
2078	110	1.2205116265408773
2078	120	1.2166988548082553
2079	70	0.49757884875702335
2079	80	0.6232818784087015
2079	90	0.690065417767803
2079	100	0.7550145597306988
2079	110	0.776973186177354
2079	120	0.7997905869019288
2080	70	0.444059827548299
2080	80	0.7433261414071525
2080	90	0.8436889137975102
2080	100	0.9888405767078216
2080	110	1.0427030665565387
2080	120	1.0358366079441055
2081	70	2.0343770012424165
2081	80	1.9890165594999094
2081	90	1.7167894912988588
2081	100	1.3153847644644316
2081	110	1.1676134132296807
2081	120	1.1148951746365146
2082	70	0.6463051988348677
2082	80	1.0849114665754653
2082	90	1.0753385341239574
2082	100	1.031065834272077
2082	110	1.0328595352266787
2082	120	1.0046921371523188
2083	70	1.4675650652888044
2083	80	1.30311710334547
2083	90	1.164010480548103
2083	100	1.2757056151422568
2083	110	1.2556399599296495
2083	120	1.2040349728396056
2084	70	0.9191317898362434
2084	80	0.720841892195806
2084	90	0.8646530655581085
2084	100	0.811463738567731
2084	110	0.8174351108633664
2084	120	0.8324089784834331
2085	70	2.812895074227844
2085	80	2.58966267895255
2085	90	1.4998697404440597
2085	100	1.1124307036878065
2085	110	1.0279204304775833
2085	120	0.9979771502059651
2086	70	0.37621740360265565
2086	80	0.5591470593285905
2086	90	0.7645010813810188
2086	100	0.9344779729054978
2086	110	0.9720067157120758
2086	120	1.0141537429623408
2087	70	0.3480985179988672
2087	80	0.5071654957022124
2087	90	0.6474026538471778
2087	100	0.7756274727006871
2087	110	0.8462452505170063
2087	120	0.8843539252007141
2088	70	1.840228105175474
2088	80	1.3980346541808537
2088	90	1.211054333380709
2088	100	1.1359484121899845
2088	110	1.1948357119462971
2088	120	1.2076090690335393
2089	70	1.0903226887608732
2089	80	1.2618938837136497
2089	90	1.298535821668942
2089	100	1.2373339210709222
2089	110	1.2088224558186327
2089	120	1.145998213756316
2090	70	0.9444558754832563
2090	80	1.1053100165627623
2090	90	1.2031602155050027
2090	100	1.3267812652990947
2090	110	1.32828154667797
2090	120	1.2774262077834992
2091	70	0.4978316195470014
2091	80	0.7753546145994966
2091	90	1.1135581640344914
2091	100	0.9619748693677972
2091	110	1.0303849470372455
2091	120	1.0500317041689569
2092	70	0.9148444402089555
2092	80	1.1195468871825
2092	90	1.0098389853492844
2092	100	1.1253657830450383
2092	110	1.0353893797302944
2092	120	1.010925509702299
2093	70	1.0268260798787825
2093	80	0.8800062495448434
2093	90	0.9649358736574236
2093	100	0.9639110207608279
2093	110	0.9615189948501054
2093	120	0.9908467066181416
2094	70	1.737786885874899
2094	80	1.5904421100431825
2094	90	1.6849290220501076
2094	100	1.5026267806686735
2094	110	1.331844499934419
2094	120	1.244680216475509
2095	70	0.8697549712155731
2095	80	1.0129719329267832
2095	90	0.9973011323112861
2095	100	0.9666890339200694
2095	110	0.9652117363239728
2095	120	0.9800891107080535
2096	70	1.6196209277757474
2096	80	1.0185673301953846
2096	90	0.9570066390256485
2096	100	0.9300338768840845
2096	110	0.9031818709484498
2096	120	0.8853197417491695
2097	70	1.3918536261776353
2097	80	1.127151644574169
2097	90	0.8337125260337417
2097	100	0.9169701324569155
2097	110	0.9137726051267946
2097	120	0.8893507246725161
2098	70	1.153089383788311
2098	80	1.3720080961637946
2098	90	1.1631860989590792
2098	100	1.1315135557148228
2098	110	1.031260076289785
2098	120	0.9974524747991157
2099	70	1.954141243508477
2099	80	1.8565474984605321
2099	90	1.5570215694599885
2099	100	1.4761657947985953
2099	110	1.3703226768380445
2099	120	1.3006395963738722
2100	70	1.1928855802134162
2100	80	0.9848023663974247
2100	90	0.8916182844704732
2100	100	0.9967528830064544
2100	110	1.0299527339755696
2100	120	1.0209621939097708
2101	70	0.6729967106592919
2101	80	0.7343341907853285
2101	90	0.9470642872965903
2101	100	1.0174524890391552
2101	110	1.0249691312879343
2101	120	1.0420844305054686
2102	70	0.2838849146805582
2102	80	0.4794379262787613
2102	90	0.7310467715998913
2102	100	0.9443467433233232
2102	110	0.9946294601731872
2102	120	1.057698072587284
2103	70	1.7249204812182393
2103	80	1.5777257982616217
2103	90	1.4522613255712398
2103	100	1.4373128677320455
2103	110	1.3565450754755048
2103	120	1.3359422496375966
2104	70	0.4538887796659376
2104	80	0.6473029995874818
2104	90	0.8357519978128057
2104	100	0.8968774643635266
2104	110	0.9018737902009891
2104	120	0.9213004113788478
2105	70	2.6842765442245535
2105	80	2.243110518480955
2105	90	1.6039667672459028
2105	100	1.2270501919292374
2105	110	1.1901807854559163
2105	120	1.1514981200055587
2106	70	1.8728950777865716
2106	80	1.286335699225705
2106	90	1.0389558714944387
2106	100	0.8272619744367985
2106	110	0.82931108094721
2106	120	0.8374534309877464
2107	70	1.3794060875633853
2107	80	0.8697963844217583
2107	90	0.8538388840391378
2107	100	0.9393926827320279
2107	110	0.9472186356653666
2107	120	0.9324183552460086
2108	70	1.1418769853406912
2108	80	1.353023382185103
2108	90	1.3124602524629785
2108	100	1.3111879767148873
2108	110	1.188589740495225
2108	120	1.1369661856661653
2109	70	1.1616219646030226
2109	80	1.3205165215505024
2109	90	1.4407102912898413
2109	100	1.441616408676384
2109	110	1.3973685999823444
2109	120	1.376197407262714
2110	70	0.23203931692247676
2110	80	0.4599695197436009
2110	90	0.7675838464889524
2110	100	0.9875619211439429
2110	110	1.0769950578727383
2110	120	1.1071740846663194
2111	70	0.513448810135423
2111	80	0.6083857405204358
2111	90	0.7659293801196114
2111	100	0.8728209986001914
2111	110	0.8848198283158218
2111	120	0.9478586255533131
2112	70	1.122825985199738
2112	80	1.1683211789463734
2112	90	1.0434593236462963
2112	100	1.101366075894597
2112	110	1.1303507128937418
2112	120	1.1197998194758276
2113	70	0.4178658148579496
2113	80	0.5586268127130452
2113	90	0.7311802978780708
2113	100	0.7881506385833462
2113	110	0.7729714239606164
2113	120	0.7924273658894929
2114	70	0.7162604123450994
2114	80	0.9468931577304233
2114	90	0.8927015164022835
2114	100	0.9269363755449213
2114	110	0.9402045805353743
2114	120	0.9705338579559243
2115	70	0.42971326416259964
2115	80	0.6850306799145965
2115	90	0.7356773753809718
2115	100	0.8125884301694815
2115	110	0.8990266023215383
2115	120	0.9413816697165563
2116	70	1.0796099186716748
2116	80	1.0192641438274357
2116	90	0.8699994197587616
2116	100	0.8922913701856522
2116	110	0.8943560553427672
2116	120	0.8623930326210976
2117	70	1.6452745810299885
2117	80	1.1979872080575484
2117	90	0.908825002092942
2117	100	0.872381227878427
2117	110	0.8867218806777105
2117	120	0.8901853708581675
2118	70	1.516887576138063
2118	80	1.158668218409131
2118	90	1.1114992431748716
2118	100	1.1609370698612465
2118	110	1.2286692790118445
2118	120	1.2453459645078384
2119	70	0.5603663401459139
2119	80	0.7845736966180061
2119	90	0.8350498814549545
2119	100	0.8728921665587084
2119	110	0.9341490122367896
2119	120	0.9542200199084766
2120	70	0.8366273659167337
2120	80	0.6717435781605824
2120	90	0.7371723070940354
2120	100	0.845622192076184
2120	110	0.8759518639075387
2120	120	0.9318559182828916
2121	70	1.1362839996683405
2121	80	1.27852806196887
2121	90	1.2112433154280073
2121	100	1.1988217892244584
2121	110	1.105993085966163
2121	120	1.0917212939947274
2122	70	1.4390871928882376
2122	80	1.4375877729781597
2122	90	1.4493171211531577
2122	100	1.2259791294284477
2122	110	1.1601520244121755
2122	120	1.1425628302293274
2123	70	1.3537050739777512
2123	80	1.2191863932870803
2123	90	0.9988557333927057
2123	100	1.0310440302676582
2123	110	1.0381468356649144
2123	120	1.0047683664533409
2124	70	0.7612797556960961
2124	80	0.7477925179820057
2124	90	0.7247958284629609
2124	100	0.7314412769009127
2124	110	0.7911937396315083
2124	120	0.8182481454191212
2125	70	0.3693721021626838
2125	80	0.46229887002618886
2125	90	0.7598803331849416
2125	100	0.9862406727894671
2125	110	0.9933747598165201
2125	120	1.0548132373479182
2126	70	1.2943837191933596
2126	80	1.628579551031954
2126	90	1.5126305601354182
2126	100	1.198161995456474
2126	110	1.1756463286025645
2126	120	1.1533509975280323
2127	70	0.8244027804409954
2127	80	1.1732464493614532
2127	90	1.1888876503995558
2127	100	0.949195832333939
2127	110	1.0024920600637481
2127	120	1.0024370676191376
2128	70	1.389757880138437
2128	80	1.3257429900307223
2128	90	1.4550135386476732
2128	100	1.2135284829987045
2128	110	1.2045737257739275
2128	120	1.1476932496705563
2129	70	0.6873090266966342
2129	80	0.8477846315348839
2129	90	0.8907776650859073
2129	100	1.057035556896257
2129	110	1.0365869803090704
2129	120	1.0461282545094663
2130	70	1.3327417524596672
2130	80	1.1064046173530595
2130	90	1.0949907734158564
2130	100	1.1120805006244225
2130	110	1.1043143524023826
2130	120	1.103951517473018
2131	70	1.5344259934801658
2131	80	1.4290207103350312
2131	90	1.1592210474817832
2131	100	1.0687408027604808
2131	110	0.9900752632822195
2131	120	0.9755825235610204
2132	70	1.9944507860873062
2132	80	1.9463215277432435
2132	90	1.1009907436884845
2132	100	0.9942173055571207
2132	110	0.9455593469898773
2132	120	0.9143179567609642
2133	70	1.486067624491048
2133	80	1.5735201848502722
2133	90	1.4869959622139364
2133	100	1.435836759455327
2133	110	1.3509700812920482
2133	120	1.284017272972756
2134	70	2.530212191537992
2134	80	2.6735819735019057
2134	90	2.008759393329506
2134	100	1.7660865432383583
2134	110	1.4908682562562403
2134	120	1.355185321004134
2135	70	3.000881518476805
2135	80	1.9420647555698825
2135	90	1.6278414384642923
2135	100	1.3470093040187812
2135	110	1.2827919530000993
2135	120	1.2138553249210529
2136	70	2.4187218325041773
2136	80	2.0383981276535375
2136	90	1.3211513868422597
2136	100	1.1885556865889595
2136	110	1.1085944468167572
2136	120	1.063419850191168
2137	70	0.7179670734752285
2137	80	0.7533323992901372
2137	90	0.7382969602650417
2137	100	0.8540252691410464
2137	110	0.8651789056344686
2137	120	0.9013198053325173
2138	70	1.3934246648581015
2138	80	1.4497082354530026
2138	90	1.1871768282090593
2138	100	1.1758817147572453
2138	110	1.1405625069923844
2138	120	1.0606400575266939
2139	70	0.9865387012094354
2139	80	0.7855941182313253
2139	90	0.7063378987661306
2139	100	0.7410694713326487
2139	110	0.7604652667462894
2139	120	0.7938693950464157
2140	70	0.39916200774896937
2140	80	0.4806955421228437
2140	90	0.5987933545955737
2140	100	0.7771047094865438
2140	110	0.8038915159061097
2140	120	0.8669082552741887
2141	70	1.9919052004580875
2141	80	1.3963995333648958
2141	90	1.146479634627741
2141	100	1.1182326996493346
2141	110	1.0851787324009416
2141	120	1.0693674331591163
2142	70	0.4517057170515204
2142	80	0.5967010202969566
2142	90	0.6374606889194923
2142	100	0.7965746923949327
2142	110	0.8246216978834711
2142	120	0.846075611782181
2143	70	1.0102441834905471
2143	80	0.8153879096035557
2143	90	0.8654633851900084
2143	100	1.0052206702185504
2143	110	0.978525305105473
2143	120	1.0029797234924829
2144	70	1.3652528928481757
2144	80	1.5849185002988428
2144	90	1.2881267354847408
2144	100	1.0473050174222773
2144	110	1.0118412015789964
2144	120	0.9909957820662676
2145	70	2.101709538829431
2145	80	1.0920909347639578
2145	90	0.9545645423470482
2145	100	0.9231465799783619
2145	110	0.9366144430208865
2145	120	0.9242284573997953
2146	70	0.6839332470746649
2146	80	0.6049963778624288
2146	90	0.5880932926161848
2146	100	0.7555267739557268
2146	110	0.7941309972146523
2146	120	0.8292520873719116
2147	70	1.1311820977466474
2147	80	1.3203904896923937
2147	90	1.154800829416561
2147	100	0.9929549672901538
2147	110	0.9283174717233542
2147	120	0.9155312705429541
2148	70	2.8713071679705138
2148	80	1.6557849038285763
2148	90	1.2303868414452257
2148	100	1.0494288001232495
2148	110	1.0050860838288382
2148	120	1.003827579422225
2149	70	1.8989256331719064
2149	80	1.3654007659829694
2149	90	1.3117365156665273
2149	100	1.1711639550463062
2149	110	1.156745060752542
2149	120	1.1221958598756683
2150	70	0.6333849749268615
2150	80	0.657341486329381
2150	90	0.8560042277823356
2150	100	0.885628846407484
2150	110	0.9529487231088904
2150	120	1.0024403159841044
2151	70	1.580717431533528
2151	80	1.2862242691159147
2151	90	1.3909350009183532
2151	100	1.1950116650910392
2151	110	1.111531608504807
2151	120	1.0964131150224465
2152	70	1.7763466349670047
2152	80	1.116031446718643
2152	90	1.0367086733288042
2152	100	0.8457732465485539
2152	110	0.8631217052074
2152	120	0.8516309222848376
2153	70	0.8398167312260011
2153	80	0.8741237510553613
2153	90	0.8760365633184762
2153	100	0.9142869071178968
2153	110	0.9584854589357773
2153	120	1.0028416346850912
2154	70	1.8346549121277493
2154	80	1.3914900072419758
2154	90	1.3490766524612796
2154	100	1.397605954657502
2154	110	1.3093969883664267
2154	120	1.2734085568385165
2155	70	0.47196661651350436
2155	80	0.6675828171784672
2155	90	0.7331155860390572
2155	100	0.7860244980335203
2155	110	0.8473716199465642
2155	120	0.8893271254119575
2156	70	2.1488363177907965
2156	80	1.7480201690354165
2156	90	1.496243945644731
2156	100	1.0807338634351027
2156	110	0.9978724089952883
2156	120	0.937457637058826
2157	70	1.2474320130863545
2157	80	1.3313893663180065
2157	90	1.0583114310368777
2157	100	1.0097745753556937
2157	110	0.9542637913646852
2157	120	0.9084854898412767
2158	70	2.951956461259437
2158	80	1.4323115419642434
2158	90	0.9869552827236344
2158	100	0.8318387762977225
2158	110	0.8494126079197628
2158	120	0.8388358680393033
2159	70	0.8269131593672222
2159	80	0.9536823201276202
2159	90	1.038549397224004
2159	100	1.043200148216899
2159	110	1.0743506604256612
2159	120	1.0711137318434336
2160	70	1.8913736415476425
2160	80	2.0180062773736065
2160	90	1.9369401966763435
2160	100	1.3938692738833531
2160	110	1.4037842231374966
2160	120	1.3707001140211417
2161	70	1.4717506437683547
2161	80	1.0580451902981314
2161	90	0.9828721806405909
2161	100	1.0596185914053653
2161	110	1.099398325102215
2161	120	1.0772160099574544
2162	70	3.752928791859166
2162	80	1.7526995606722744
2162	90	1.2242546167586232
2162	100	0.9648174371047219
2162	110	0.9362281888911919
2162	120	0.9123958978406553
2163	70	2.6366265725623115
2163	80	2.050299107974023
2163	90	1.3423273170326555
2163	100	1.3497999752309764
2163	110	1.3135491517531463
2163	120	1.2269985523377982
2164	70	2.120906102875197
2164	80	1.4445053565437844
2164	90	1.0531800233982826
2164	100	0.9541841471198329
2164	110	0.9256578565801561
2164	120	0.9030945755933206
2165	70	0.8241682917707407
2165	80	0.9582028849051766
2165	90	1.0326350021287256
2165	100	1.0534890339184104
2165	110	1.0413760877007328
2165	120	1.0232542564329987
2166	70	0.6481740989257216
2166	80	0.7938916297549383
2166	90	0.9552526819419798
2166	100	1.0151109476225977
2166	110	1.0643556891697483
2166	120	1.053851906098228
2167	70	1.8808865137869664
2167	80	2.0559968924494627
2167	90	2.1060549811055407
2167	100	1.6563502401276131
2167	110	1.521634885183868
2167	120	1.4114282920465873
2168	70	1.2129092744166652
2168	80	1.4575526849254652
2168	90	1.5614363716813817
2168	100	1.2198655366654791
2168	110	1.1932470836066753
2168	120	1.172758847197423
2169	70	1.737957468591988
2169	80	1.3961437768710934
2169	90	1.1839538525049897
2169	100	1.1144851939550255
2169	110	1.054340266232756
2169	120	1.041090522418905
2170	70	1.4531107846083706
2170	80	1.1241961633265736
2170	90	0.8621959395457948
2170	100	0.8814629135754257
2170	110	0.8796470358163294
2170	120	0.877038522467133
2171	70	0.9797970596427524
2171	80	0.7636622067241308
2171	90	0.7337006802954769
2171	100	0.7309258571525988
2171	110	0.7297975849869501
2171	120	0.7666796670904868
2172	70	0.8991978463419306
2172	80	0.8776017917925996
2172	90	0.8934597142396041
2172	100	1.095013405699584
2172	110	1.064416257864928
2172	120	1.0837085512430882
2173	70	0.47231658116558994
2173	80	0.5394392490000947
2173	90	0.5736775748213009
2173	100	0.6565126472046332
2173	110	0.714566586130417
2173	120	0.7440339199363353
2174	70	1.8511247863728966
2174	80	1.4279826163558886
2174	90	1.428654879074753
2174	100	1.2348030672339503
2174	110	1.1835304738242947
2174	120	1.1246937599649571
2175	70	2.037816935431159
2175	80	1.5121555515509175
2175	90	1.2537625939485286
2175	100	1.1668928943471004
2175	110	1.1017757898153104
2175	120	1.0726619826692125
2176	70	1.4647568377206805
2176	80	1.4772284375765141
2176	90	1.4324315894657205
2176	100	1.1923269201435942
2176	110	1.1592307273310098
2176	120	1.1232949387640088
2177	70	0.4150176255939517
2177	80	0.5259363972870451
2177	90	0.6819199920516006
2177	100	0.8316305839370772
2177	110	0.8976194867423973
2177	120	0.9426916648562362
2178	70	1.7250683783225178
2178	80	1.325836000491585
2178	90	1.1593650391150123
2178	100	1.0915512836726697
2178	110	1.1213938133142267
2178	120	1.1032962847273016
2179	70	1.6443254377007301
2179	80	1.7976436014105084
2179	90	1.5210508615438738
2179	100	1.3521651919245519
2179	110	1.288437988759025
2179	120	1.1939628287370572
2180	70	0.4118919014271076
2180	80	0.5675510369417524
2180	90	0.6909293134732655
2180	100	0.6991280674792119
2180	110	0.717889302791834
2180	120	0.7337628132515419
2181	70	1.3150615929415113
2181	80	1.315731745177961
2181	90	1.3039548539586583
2181	100	1.106560569000212
2181	110	1.1328350141285257
2181	120	1.099567983964509
2182	70	0.8011437436348202
2182	80	0.8791186145204524
2182	90	1.0067768717450718
2182	100	1.005269750621204
2182	110	1.0181293583720699
2182	120	1.0362639307438424
2183	70	1.4307431989813733
2183	80	1.2829070203234216
2183	90	1.6038832983744118
2183	100	1.4719002120250995
2183	110	1.3258144459648253
2183	120	1.2746208100607535
2184	70	1.1784673843587434
2184	80	1.4456812789103946
2184	90	1.4910579354555267
2184	100	1.4741206100643451
2184	110	1.4556848988640902
2184	120	1.34915450945988
2185	70	0.42761744940349106
2185	80	0.5186617159398484
2185	90	0.7478192051500603
2185	100	0.951059695205512
2185	110	1.0426691737616887
2185	120	1.0774895062100547
2186	70	1.332156535297405
2186	80	1.1631020507910796
2186	90	1.0836611195793358
2186	100	1.1690960606983056
2186	110	1.143767729838463
2186	120	1.0823896135379072
2187	70	2.575391536878898
2187	80	2.001855971407475
2187	90	1.2402994297544985
2187	100	1.25848170561791
2187	110	1.1720737649189026
2187	120	1.1294492782530021
2188	70	1.4278025329650619
2188	80	0.8675447225568995
2188	90	0.8282977548861751
2188	100	0.9749234650676655
2188	110	1.0027976088458734
2188	120	0.991262508661586
2189	70	1.5501361787764758
2189	80	0.8500150612945171
2189	90	0.788692960278442
2189	100	0.901526623708084
2189	110	0.8756975228227493
2189	120	0.8703191840032758
2190	70	0.636915769477484
2190	80	0.5839265637225063
2190	90	0.6704864289669388
2190	100	0.8188349702930924
2190	110	0.8660603385844117
2190	120	0.9184500082433598
2191	70	1.5048922312679442
2191	80	1.1122226881160013
2191	90	1.103346702728849
2191	100	1.007796170725125
2191	110	0.9817143745133653
2191	120	1.007979763495598
2192	70	1.2383354394799142
2192	80	1.0189281600318856
2192	90	0.9012127924289516
2192	100	0.9962128530394992
2192	110	0.946642115591765
2192	120	0.9266372628083451
2193	70	1.2946771841957259
2193	80	1.4229084357114796
2193	90	1.1489769423937397
2193	100	1.0093863304762403
2193	110	1.0067702181218863
2193	120	0.9681035970278454
2194	70	1.171084745649437
2194	80	0.8530584488997894
2194	90	0.9154403788733397
2194	100	0.8884158562586206
2194	110	0.9004708216043813
2194	120	0.909139218253575
2195	70	0.46032162369159085
2195	80	0.6989698324965565
2195	90	0.8311731855001515
2195	100	0.8773197315179504
2195	110	0.9433911135211769
2195	120	0.9742178333587872
2196	70	0.7166067580868946
2196	80	0.9227513184153041
2196	90	0.8883034506590646
2196	100	1.0256560198616294
2196	110	1.0301727694818523
2196	120	1.0351925334861047
2197	70	1.4450199444407958
2197	80	1.5210123570377787
2197	90	1.3409390238551482
2197	100	1.2504894601396186
2197	110	1.1906697373857642
2197	120	1.1554259813576893
2198	70	0.5134452162628923
2198	80	0.5036636630490537
2198	90	0.780031820296019
2198	100	0.883579029870196
2198	110	0.9828567007158122
2198	120	1.052434956056697
2199	70	1.3529167767999273
2199	80	1.008890612927748
2199	90	0.9820246294476144
2199	100	0.9521983031085843
2199	110	0.978273318447812
2199	120	0.9962215711978114
2200	70	1.8507495427522664
2200	80	1.4250352316206274
2200	90	1.0866597654053964
2200	100	1.129392128023662
2200	110	1.1012078135169312
2200	120	1.0493095729381117
2201	70	1.3548667741760867
2201	80	1.3986756030850307
2201	90	1.1781930843517998
2201	100	1.205152694198039
2201	110	1.1783482361683615
2201	120	1.115377198733598
2202	70	0.9120990893847444
2202	80	0.9585547451491591
2202	90	1.121722695032125
2202	100	1.2775003862121845
2202	110	1.240367154201492
2202	120	1.2484075759577862
2203	70	1.6882166400743268
2203	80	1.362615112087039
2203	90	1.2287834717596076
2203	100	1.2042664514550288
2203	110	1.1665328955750034
2203	120	1.1371973827111836
2204	70	1.2614049287937654
2204	80	1.1428009638754761
2204	90	1.452692166269664
2204	100	1.2903660452873986
2204	110	1.1995257576082183
2204	120	1.174580238770262
2205	70	0.4637924395381227
2205	80	0.7670206580170936
2205	90	0.7543451656449122
2205	100	0.7373285008523327
2205	110	0.7620871402368273
2205	120	0.791559754698583
2206	70	3.330100356799554
2206	80	1.5371815130200202
2206	90	1.2797819527180139
2206	100	1.0739300850772509
2206	110	1.0190969722803975
2206	120	0.9860340165144067
2207	70	0.8552169551694561
2207	80	1.074111618160752
2207	90	0.9908670214581478
2207	100	0.9700325495042775
2207	110	0.9821240232316896
2207	120	0.9581528475772836
2208	70	0.697051443363438
2208	80	0.5908531200573341
2208	90	0.627978717899747
2208	100	0.6883110065788556
2208	110	0.7125946841622731
2208	120	0.7650526189666591
2209	70	1.3086424630200033
2209	80	1.4750457543440787
2209	90	0.9754740588532771
2209	100	0.9451598323645991
2209	110	0.9338180205794456
2209	120	0.9227688709346867
2210	70	0.9474973785926025
2210	80	1.236430132546017
2210	90	1.2988279438986676
2210	100	1.265956336552512
2210	110	1.1663559857428865
2210	120	1.120944767535332
2211	70	0.47829270763275844
2211	80	0.461792860638396
2211	90	0.5867999583907081
2211	100	0.7077619032591925
2211	110	0.7646789611223856
2211	120	0.790880380586729
2212	70	1.6610064262322861
2212	80	1.1957111558369786
2212	90	1.1729481092821776
2212	100	1.2459453060853514
2212	110	1.2120077875535198
2212	120	1.1735628117208852
2213	70	1.753615023591549
2213	80	1.883806356618485
2213	90	2.0203649887606763
2213	100	1.5922110459550505
2213	110	1.48455209990479
2213	120	1.401135054451452
2214	70	0.6269906383702921
2214	80	0.8618236600109564
2214	90	0.8545095921030823
2214	100	0.9648861308198361
2214	110	1.0516994159102928
2214	120	1.0854351997205194
2215	70	1.5856028366593198
2215	80	1.7421852256438481
2215	90	1.9090824993887536
2215	100	1.687368526164173
2215	110	1.6304123028434603
2215	120	1.5031965356963268
2216	70	2.493926326774465
2216	80	1.730055352612166
2216	90	1.5353885081874485
2216	100	1.465255706355012
2216	110	1.4027903375370923
2216	120	1.3055303938756373
2217	70	1.678656838306948
2217	80	1.6703001235639943
2217	90	1.307029503335818
2217	100	1.0884766364785023
2217	110	1.0876873460048615
2217	120	1.0620163791882131
2218	70	1.1312107917099459
2218	80	1.2728756773625485
2218	90	1.2500711768471118
2218	100	1.3563453403511594
2218	110	1.2952757740243837
2218	120	1.2855062011258909
2219	70	1.2034702664881456
2219	80	1.3169476119477799
2219	90	1.4102892356498236
2219	100	1.237076293344195
2219	110	1.1476392535928375
2219	120	1.148182427089327
2220	70	1.3746734363248314
2220	80	1.4213294492034583
2220	90	1.1516267101382938
2220	100	1.0638460171705781
2220	110	1.0317496999610118
2220	120	1.0286540359516805
2221	70	1.34012152730596
2221	80	1.1980681043388668
2221	90	1.2371291260977004
2221	100	0.9167258277316489
2221	110	0.9286264935773961
2221	120	0.9325016201292613
2222	70	1.887193239274792
2222	80	1.035774110289998
2222	90	0.9211225792861272
2222	100	0.9657044209461186
2222	110	0.9810190414242286
2222	120	0.9530550163821611
2223	70	1.0122569562258816
2223	80	1.1171342104988498
2223	90	1.1499028923403771
2223	100	0.9946273052656497
2223	110	0.9182234008106466
2223	120	0.9066173840574595
2224	70	1.1410871268782674
2224	80	0.7762673288912937
2224	90	1.0475375241158476
2224	100	0.9566665271343189
2224	110	0.9586674121724533
2224	120	0.9833607855524544
2225	70	1.1299264949380574
2225	80	1.4152749177644983
2225	90	1.278140242263238
2225	100	1.145573119958667
2225	110	1.123151934152615
2225	120	1.0973675209141038
2226	70	0.7680721412172564
2226	80	0.697407446532674
2226	90	0.8263210670857627
2226	100	0.8666992000151623
2226	110	0.8692158316451565
2226	120	0.8898490247370181
2227	70	0.6142669806751662
2227	80	0.48731511424716273
2227	90	0.657008759156655
2227	100	0.8220428548112684
2227	110	0.8646215265202846
2227	120	0.9139541398806783
2228	70	0.4111995379435282
2228	80	0.5440150020962635
2228	90	0.832336905897523
2228	100	0.9440531657443648
2228	110	0.970844503584579
2228	120	0.9984716494777905
2229	70	1.230506608998411
2229	80	1.1758553642329443
2229	90	0.9943628223241869
2229	100	1.1518843910485477
2229	110	1.1086129306720502
2229	120	1.074796075870267
2230	70	1.1561732216098928
2230	80	0.942268609074195
2230	90	1.0160267758764185
2230	100	1.033063135470407
2230	110	1.0169443187791103
2230	120	1.0278683563526043
2231	70	1.635639551894579
2231	80	1.697449797319329
2231	90	1.5642699102850501
2231	100	1.202824244481789
2231	110	1.1509282892326134
2231	120	1.1288831382093876
2232	70	1.1684550922610948
2232	80	1.2817113732472234
2232	90	1.2969710584314629
2232	100	1.1808436785341656
2232	110	1.060442761774484
2232	120	1.0172664354508085
2233	70	0.5353041844113452
2233	80	0.6499518458561859
2233	90	0.796606326024577
2233	100	0.8044717265342215
2233	110	0.8698239744928975
2233	120	0.9189333848200113
2234	70	0.4307999140663482
2234	80	0.6854861158570628
2234	90	0.9335315899893349
2234	100	1.072375283914077
2234	110	1.077453705431044
2234	120	1.088173343747606
2235	70	1.5202660435183448
2235	80	1.2517565485215874
2235	90	1.0151952149673817
2235	100	1.1484949777398212
2235	110	1.0772029437329074
2235	120	1.0683091040555606
2236	70	0.5926092935551718
2236	80	0.5592169809426164
2236	90	0.6250104872808175
2236	100	0.6577504553668795
2236	110	0.7083332817854421
2236	120	0.7276825253338405
2237	70	0.8133974053791014
2237	80	1.0767966965850588
2237	90	0.8391434616133906
2237	100	0.9265346761289416
2237	110	0.905350996074549
2237	120	0.9166716780463524
2238	70	1.023557438711772
2238	80	1.2397843519419904
2238	90	1.2826990132451448
2238	100	1.100870940929923
2238	110	1.1480918954173711
2238	120	1.1187490113753453
2239	70	0.45509223292194456
2239	80	0.7129643179911324
2239	90	0.8914897673247131
2239	100	0.9815648169534452
2239	110	0.9857220632964602
2239	120	1.0005224646721242
2240	70	2.0582482143198724
2240	80	1.4830004163482062
2240	90	1.5006722836542299
2240	100	1.4014935638142245
2240	110	1.3989775606543582
2240	120	1.3660567294015775
2241	70	0.8077622358681644
2241	80	1.008954195079405
2241	90	1.045352687109707
2241	100	1.037233150543936
2241	110	1.0330254265720038
2241	120	1.0332232544201037
2242	70	1.8144429903281976
2242	80	1.110848091406353
2242	90	0.9157299369479406
2242	100	0.8034403527293262
2242	110	0.7782286531018799
2242	120	0.7607971546497182
2243	70	1.3971649500954213
2243	80	1.5453669999620663
2243	90	1.3769569654783984
2243	100	1.2637397112480147
2243	110	1.1719639755811955
2243	120	1.1375999018832241
2244	70	1.6793532006894527
2244	80	1.2685138917083691
2244	90	1.083912070262582
2244	100	1.1017359230800636
2244	110	1.0269838318901543
2244	120	0.9834348005533246
2245	70	1.8515031718996104
2245	80	1.7065925881943909
2245	90	1.1953313406185035
2245	100	1.2729228049202668
2245	110	1.17123950663068
2245	120	1.116813575652337
2246	70	1.341521049125203
2246	80	0.8889637631916577
2246	90	0.92232843764513
2246	100	0.9609866429635956
2246	110	0.9912071932047603
2246	120	0.986243758388203
2247	70	0.5253033897456441
2247	80	0.7120402836051236
2247	90	0.7512656597958884
2247	100	0.7950542139335413
2247	110	0.7954585358001635
2247	120	0.8182504429699446
2248	70	0.6406309940622533
2248	80	1.0134355155717478
2248	90	1.0308620588773416
2248	100	1.0784507403344465
2248	110	1.0978732178037482
2248	120	1.0955938626261372
2249	70	3.9050399295870073
2249	80	1.7359843624013462
2249	90	1.1101413341268285
2249	100	1.024733123704629
2249	110	0.9829554932007794
2249	120	0.9491906466196679
2250	70	1.931877931946881
2250	80	1.538216232657894
2250	90	1.2393537321926245
2250	100	0.9152452567650247
2250	110	0.8919148095951605
2250	120	0.8765758647837093
2251	70	0.44802302216074813
2251	80	0.6342301296148466
2251	90	0.7897786877085047
2251	100	0.9334925214707098
2251	110	1.0030746310417433
2251	120	1.0099144883736717
2252	70	0.42309209998895814
2252	80	0.6909439618096124
2252	90	0.964410402306062
2252	100	1.009797024297722
2252	110	1.00922433488651
2252	120	1.045483308798583
2253	70	2.439263794529444
2253	80	1.576991779272619
2253	90	1.3046166625192221
2253	100	1.1004078086856046
2253	110	0.9823251449037845
2253	120	0.955889729205971
2254	70	2.5689545720672387
2254	80	1.4050491159726148
2254	90	1.1697171041784364
2254	100	0.9636757471563281
2254	110	0.9434774559713183
2254	120	0.928040230413596
2255	70	0.6221627049462191
2255	80	0.8441217950339841
2255	90	0.975276252464514
2255	100	0.9864843383584009
2255	110	1.0148834282223171
2255	120	1.0053586569235362
2256	70	1.2609425859280485
2256	80	1.0386982612856015
2256	90	0.9355502701931873
2256	100	1.0922397620813513
2256	110	1.0904342429293727
2256	120	1.0867805849530916
2257	70	1.605488334962777
2257	80	1.244309016718221
2257	90	1.0371171572604778
2257	100	0.8866020254013847
2257	110	0.8847646442828337
2257	120	0.8681408606059798
2258	70	2.6954290461058696
2258	80	1.9274583847732594
2258	90	1.3986432755481326
2258	100	1.282930982844466
2258	110	1.2490679651122094
2258	120	1.1630790518134528
2259	70	1.1054407238316757
2259	80	0.8958584695275247
2259	90	0.9642875826040807
2259	100	1.0111008071412007
2259	110	1.027167395437546
2259	120	1.067219181421446
2260	70	0.7947872372302032
2260	80	0.6336996033270158
2260	90	0.7129935291577691
2260	100	0.7822020308051837
2260	110	0.8122116089459837
2260	120	0.8608138828422788
2261	70	0.6460455707760281
2261	80	0.6930645117393986
2261	90	0.6347582534108047
2261	100	0.7193911615847629
2261	110	0.7718167206895723
2261	120	0.8136617291474609
2262	70	0.6725145148893081
2262	80	0.8322070943397166
2262	90	0.9029233257390992
2262	100	0.9212798344719018
2262	110	0.9285136788192714
2262	120	0.9280938636704488
2263	70	1.5987854218966162
2263	80	1.4871113762387511
2263	90	1.2578673457074945
2263	100	1.204674886029706
2263	110	1.1097980217142236
2263	120	1.0657265148088808
2264	70	1.5305214590755778
2264	80	1.2391646601692885
2264	90	1.1413704125586763
2264	100	1.1028417170047626
2264	110	1.0699959802871928
2264	120	1.050929143845257
2265	70	0.41597139289182933
2265	80	0.6145674687867183
2265	90	0.9507614320664184
2265	100	1.0880520734521912
2265	110	1.1222992027180196
2265	120	1.1448261113491047
2266	70	1.335437978154183
2266	80	0.7423071488960046
2266	90	0.6063527905640972
2266	100	0.6456532925462181
2266	110	0.6404131784821313
2266	120	0.66293390946644
2267	70	0.317060302650097
2267	80	0.558227956627862
2267	90	0.7355036245650859
2267	100	0.7534594743123532
2267	110	0.808390245615686
2267	120	0.8490406473351536
2268	70	0.5289759369694446
2268	80	0.7858819123673398
2268	90	0.8915126479766441
2268	100	0.9821964504614958
2268	110	0.9826892850334938
2268	120	0.977318982938133
2269	70	1.7413880281774028
2269	80	1.985138922976065
2269	90	1.973843095436043
2269	100	1.6068932389309982
2269	110	1.5237293663651217
2269	120	1.4457586006832934
2270	70	1.4808186754946524
2270	80	1.2749499640947033
2270	90	1.0823232359293546
2270	100	1.076062473436881
2270	110	1.0653252105590367
2270	120	1.0582063270966682
2271	70	1.2840678364316491
2271	80	0.9952272333431258
2271	90	0.9613152589951262
2271	100	0.9751160294991201
2271	110	1.0156788821836866
2271	120	0.9948518616030846
2272	70	0.37124709886602814
2272	80	0.5695851038760372
2272	90	0.7313228586548152
2272	100	0.7393363482505096
2272	110	0.7887764976245365
2272	120	0.8516844767550639
2273	70	1.04317575313647
2273	80	0.7758420535520648
2273	90	0.7612362396945571
2273	100	0.8861684591509893
2273	110	0.8939380462151741
2273	120	0.9098665371784976
2274	70	1.4546015916246202
2274	80	1.50233108116765
2274	90	1.5006050854404689
2274	100	1.0649956895530517
2274	110	0.9821616542454197
2274	120	0.9798748510874147
2275	70	0.7675773765115906
2275	80	0.9011153072510043
2275	90	0.9268186604580585
2275	100	0.9269139393403445
2275	110	0.9184539763540366
2275	120	0.9127389676476851
2276	70	0.48334433355373035
2276	80	0.5163192756680247
2276	90	0.7950497036293798
2276	100	0.8941971082537239
2276	110	0.9999705046784907
2276	120	1.0479949801774264
2277	70	1.1536525914591536
2277	80	0.7688791575802265
2277	90	0.701456113410624
2277	100	0.6726223772700335
2277	110	0.7320492631959877
2277	120	0.7651752178864957
2278	70	1.803907928092052
2278	80	1.738444804577842
2278	90	1.0889473600664334
2278	100	0.8942283103406468
2278	110	0.8598583331679875
2278	120	0.8407625647631505
2279	70	1.5231060283045872
2279	80	1.5525318357349098
2279	90	1.1717852193316278
2279	100	1.1601920282367386
2279	110	1.096616295555443
2279	120	1.0592992228084732
2280	70	0.6298003695709233
2280	80	0.5904137767285217
2280	90	0.6639320635020408
2280	100	0.7641366673912949
2280	110	0.8316457444328392
2280	120	0.8623041490762886
2281	70	1.4318191555065714
2281	80	1.2022175839830902
2281	90	0.9698403928031037
2281	100	0.9509432434787477
2281	110	0.9114463434576496
2281	120	0.8984805582687861
2282	70	0.6005674477399748
2282	80	0.5703347849978719
2282	90	0.684723579423065
2282	100	0.7909063543180976
2282	110	0.8627001986117047
2282	120	0.895166126058319
2283	70	1.3838144570468196
2283	80	1.3547201903370665
2283	90	1.4955344868562912
2283	100	1.38500500104573
2283	110	1.3066188061047797
2283	120	1.2375845563780483
2284	70	0.6642482701035195
2284	80	0.6776485558041445
2284	90	0.7378614827390335
2284	100	0.8296569192780127
2284	110	0.8974932600149591
2284	120	0.9417823079240676
2285	70	0.4940565896539988
2285	80	0.7809635614358438
2285	90	0.9727089660908653
2285	100	1.1858643877489738
2285	110	1.1873162910832327
2285	120	1.2193285540574101
2286	70	0.7492757732845733
2286	80	0.5299351425315203
2286	90	0.6817872308361431
2286	100	0.8176668147403355
2286	110	0.8412365035919828
2286	120	0.8502333330297309
2287	70	1.0833695432559127
2287	80	0.9646195244519815
2287	90	0.880772405717174
2287	100	0.8958211051534624
2287	110	0.8789377486049914
2287	120	0.8801039424021286
2288	70	0.4649677055404752
2288	80	0.5528680739843642
2288	90	0.766027868020374
2288	100	0.859101070184979
2288	110	0.9208462855737707
2288	120	0.9923869824261747
2289	70	1.3035613699028943
2289	80	1.1126084220425074
2289	90	1.1229806789123438
2289	100	1.0292058737249918
2289	110	1.027302660375102
2289	120	0.9916712952524563
2290	70	1.9697375850168861
2290	80	1.2739086488703577
2290	90	1.1891222080119865
2290	100	1.0558267153270027
2290	110	1.0532103542011493
2290	120	1.0490331661959196
2291	70	0.4988355675133652
2291	80	0.8377220064540074
2291	90	1.1339912592072425
2291	100	1.1546655884068109
2291	110	1.1957973406269369
2291	120	1.2143373195117666
2292	70	1.3109167107541235
2292	80	0.9585355868872575
2292	90	0.8619038558602385
2292	100	0.9852984810070212
2292	110	0.9567421279923598
2292	120	0.9732379855885908
2293	70	0.35352340664405685
2293	80	0.47832368724508667
2293	90	0.6078776342349108
2293	100	0.722258488085063
2293	110	0.7855110101230329
2293	120	0.845026423697737
2294	70	2.0806073323195267
2294	80	1.4532391481629525
2294	90	1.223651193813907
2294	100	0.9704766269583492
2294	110	0.9350651901481626
2294	120	0.9410233147590168
2295	70	0.5363939124119262
2295	80	0.8657256546174561
2295	90	1.0743804101538448
2295	100	0.9357967700299189
2295	110	0.9917202493307299
2295	120	1.0148782551103992
2296	70	0.45291044219219145
2296	80	0.7630885411052416
2296	90	0.9061584519266275
2296	100	1.0097191785969215
2296	110	1.0278858387808458
2296	120	1.0233696521670685
2297	70	2.0410860182769057
2297	80	2.0056150449735406
2297	90	1.5077869644178055
2297	100	1.3729681568132572
2297	110	1.2075542173426295
2297	120	1.142540506102341
2298	70	2.0771348282200024
2298	80	1.7384536991286235
2298	90	1.5604880341175067
2298	100	1.2570247358278315
2298	110	1.1885298093698815
2298	120	1.1346930840941731
2299	70	0.5934145993925252
2299	80	0.7021339576729779
2299	90	0.8522603016034243
2299	100	0.9554577836983061
2299	110	0.9652472741658574
2299	120	0.9599850975792901
2300	70	0.7983875703533133
2300	80	0.793235846203629
2300	90	0.7849088637080273
2300	100	0.8245500797642711
2300	110	0.8809158184905439
2300	120	0.905168974950642
2301	70	0.5988580298754692
2301	80	0.8098364662239665
2301	90	0.9341761720927618
2301	100	1.0241781222346362
2301	110	1.021283198243184
2301	120	1.0777690152641062
2302	70	0.6653375352203258
2302	80	0.6138546981748635
2302	90	0.6872674655980223
2302	100	0.8233678227186417
2302	110	0.8392515122095088
2302	120	0.846199906056185
2303	70	1.6204940289745662
2303	80	0.9430343193847013
2303	90	0.7270688247671732
2303	100	0.7917622982962237
2303	110	0.7910085176288706
2303	120	0.7936619411600028
2304	70	2.832959642867199
2304	80	1.662979070098258
2304	90	1.104740251366186
2304	100	1.0179274181465399
2304	110	1.0291597724083221
2304	120	1.009935633720978
2305	70	1.2655910718766887
2305	80	0.9972804905270484
2305	90	0.8496359546371263
2305	100	0.8078444978549485
2305	110	0.8178728161420209
2305	120	0.8122656131062036
2306	70	1.3574479372935482
2306	80	1.072239643950465
2306	90	1.057808107227985
2306	100	0.945176922840098
2306	110	0.9380911915642297
2306	120	0.9488253495562574
2307	70	0.8229637490355527
2307	80	0.9364325591049601
2307	90	0.9597181244886844
2307	100	0.9996293565653023
2307	110	0.9671785139469714
2307	120	0.9602502737743648
2308	70	2.1400918495696555
2308	80	2.2509227971649146
2308	90	2.084964925936471
2308	100	1.343562128236912
2308	110	1.2924654818046937
2308	120	1.256507989676388
2309	70	2.476072003927235
2309	80	1.641909261123559
2309	90	1.4729464766427498
2309	100	1.2702556012317403
2309	110	1.2746502619155284
2309	120	1.230852540395989
2310	70	1.2465931439919362
2310	80	0.9792567601102151
2310	90	0.8146911415202134
2310	100	0.8659575264220605
2310	110	0.8588980871619274
2310	120	0.850487149070009
2311	70	1.9233656645418356
2311	80	0.9642330858612889
2311	90	0.7586768496834766
2311	100	0.8101750796310961
2311	110	0.82996312301431
2311	120	0.8426621470456906
2312	70	1.6464450592594455
2312	80	1.6867122244588595
2312	90	1.2698460373866718
2312	100	1.149680896839948
2312	110	1.1484937623468718
2312	120	1.1174439867769799
2313	70	1.2396977016832196
2313	80	1.449278414417932
2313	90	1.483235228786667
2313	100	1.2215798351600617
2313	110	1.1511686791851303
2313	120	1.1091831197207114
2314	70	1.3348190312145187
2314	80	0.8715908321275063
2314	90	1.0703782793935048
2314	100	1.1090523654773705
2314	110	1.0770092073155537
2314	120	1.1163545558715424
2315	70	2.9909899661363606
2315	80	2.9536699616759288
2315	90	1.9169220540990188
2315	100	1.2912962111651607
2315	110	1.2247618001727303
2315	120	1.1743465685957226
2316	70	0.454996991187741
2316	80	0.6037548302246611
2316	90	0.9129901209069163
2316	100	0.837355213357916
2316	110	0.86032649446352
2316	120	0.9015161166295685
2317	70	2.1120228411229873
2317	80	1.9394630932354264
2317	90	1.5501930942967876
2317	100	1.378220265903769
2317	110	1.279268165903442
2317	120	1.238095938117265
2318	70	1.3212032977086874
2318	80	1.4552994185622194
2318	90	1.6163473637938488
2318	100	1.7435340212000214
2318	110	1.6456715674387528
2318	120	1.521310176503571
2319	70	0.6889769525696214
2319	80	0.6877096335316379
2319	90	0.8059075544383225
2319	100	0.8403343673785411
2319	110	0.8784873244416477
2319	120	0.9142850749832349
2320	70	0.786623041904512
2320	80	1.1425492592420115
2320	90	1.0184646728644597
2320	100	0.9586310512823994
2320	110	0.9489810296088299
2320	120	0.9580429944694665
2321	70	1.6529728387692473
2321	80	1.2421307533133459
2321	90	1.0830847611641514
2321	100	0.9710631245917173
2321	110	0.9883423895848166
2321	120	0.9933311425716772
2322	70	0.8363681891409671
2322	80	0.7698444581948296
2322	90	0.8638766330342651
2322	100	1.0307004832231068
2322	110	1.0513395501619713
2322	120	1.045002700924377
2323	70	1.3024642331671994
2323	80	1.5470221760850715
2323	90	1.2525881069104876
2323	100	1.2586181063592423
2323	110	1.2550637118765977
2323	120	1.2001781505520825
2324	70	1.6096524109567563
2324	80	0.975952945171211
2324	90	1.024889358956269
2324	100	1.0738807352989488
2324	110	1.0639926135697504
2324	120	1.0686206127391318
2325	70	0.504248653087558
2325	80	0.7195250817027016
2325	90	0.8845260315296448
2325	100	0.8555791991567339
2325	110	0.9051569408107571
2325	120	0.9273766418671352
2326	70	0.569447404076284
2326	80	0.6676642051848767
2326	90	0.7231034374479031
2326	100	0.704720275515779
2326	110	0.7232266815997084
2326	120	0.7488966710225676
2327	70	0.6775143537725393
2327	80	1.0647589409759437
2327	90	1.1513233015043358
2327	100	1.1617026135802138
2327	110	1.167648325549652
2327	120	1.1976795070905406
2328	70	1.32527108776698
2328	80	1.3117364928558213
2328	90	1.2285715516864661
2328	100	1.1608949588211874
2328	110	1.1168945392854872
2328	120	1.0612713780952103
2329	70	1.6745559566076451
2329	80	1.0519458673178763
2329	90	0.9221083717339771
2329	100	0.9257213635544848
2329	110	0.8963082665367946
2329	120	0.8977972271020654
2330	70	1.3777345181710885
2330	80	1.3071843952275009
2330	90	1.1335334490488418
2330	100	0.9726028199633453
2330	110	0.9430647035870792
2330	120	0.9370262252068524
2331	70	1.3338027308916562
2331	80	1.4829050277315077
2331	90	1.3460915183429465
2331	100	1.1498317932661766
2331	110	1.1089167570626142
2331	120	1.1000972504715958
2332	70	0.552337660848155
2332	80	0.548691313723361
2332	90	0.6139230890921322
2332	100	0.7928164820510446
2332	110	0.8493164006456458
2332	120	0.8622909787372193
2333	70	2.1958779162807893
2333	80	1.5957574128777527
2333	90	1.2200460773515145
2333	100	0.9777144603623718
2333	110	0.9778314488033226
2333	120	0.957834406348147
2334	70	0.7480258671034906
2334	80	0.785299822025291
2334	90	0.7844011893007931
2334	100	0.8401955362609485
2334	110	0.8761315234647906
2334	120	0.8851959738508829
2335	70	2.236694132515537
2335	80	1.135048050080069
2335	90	1.0354849655507536
2335	100	0.9521774454231006
2335	110	0.9274742487862049
2335	120	0.894943263999839
2336	70	1.4750549011449057
2336	80	1.3680476913545736
2336	90	1.5163034978606253
2336	100	1.4795254507847486
2336	110	1.4094383514568598
2336	120	1.3340765901743417
2337	70	0.6163816436925661
2337	80	0.9288545778844663
2337	90	1.0702182806790201
2337	100	1.0395200648329288
2337	110	0.9996962917184724
2337	120	1.0189251996007433
2338	70	0.8414766259700982
2338	80	0.6987405254749628
2338	90	0.7749122996889382
2338	100	0.8679778073621589
2338	110	0.8947261089259327
2338	120	0.918456992396961
2339	70	0.6862714157611378
2339	80	0.9866609568576835
2339	90	1.0718106868955473
2339	100	1.262161744037574
2339	110	1.2453256269298318
2339	120	1.217861810973866
2340	70	0.6204879048739269
2340	80	0.674765711106311
2340	90	0.9331454850927554
2340	100	1.021553407648304
2340	110	1.0962107237492373
2340	120	1.1523922538843876
2341	70	2.518590988211065
2341	80	2.020508931547513
2341	90	1.7773765414950866
2341	100	1.1811860354197317
2341	110	1.1171026652651543
2341	120	1.072766753220846
2342	70	0.6194439803403616
2342	80	0.6668379836386661
2342	90	0.6942740985131799
2342	100	0.8655627891399633
2342	110	0.9405460541115923
2342	120	0.9780852219181468
2343	70	0.9400327551809644
2343	80	0.8561276184231458
2343	90	0.9796302525266933
2343	100	1.0475912626494195
2343	110	1.0600852521219621
2343	120	1.0666616488863356
2344	70	0.624328475634098
2344	80	0.7231384861449511
2344	90	0.7500532390313627
2344	100	0.7917421368472477
2344	110	0.8430113947136038
2344	120	0.8626488648086745
2345	70	0.9858421495232327
2345	80	1.1529941772966321
2345	90	1.1806681452005703
2345	100	1.1694978438033699
2345	110	1.1815134132605203
2345	120	1.1694921822748323
2346	70	0.3808659236119394
2346	80	0.6027706658043734
2346	90	0.8594616214412989
2346	100	0.9799328344953403
2346	110	0.9540780669888075
2346	120	0.9807616140441175
2347	70	1.9888419724713882
2347	80	1.566119717171725
2347	90	1.3353123371390883
2347	100	1.2114568733635918
2347	110	1.1839639039829704
2347	120	1.141215420218978
2348	70	0.46331395857276136
2348	80	0.729420664178671
2348	90	0.8949606328293918
2348	100	1.1059890592167028
2348	110	1.174898014233315
2348	120	1.2029152888087162
2349	70	1.3905233253002787
2349	80	1.3485469540014046
2349	90	1.1836280705756757
2349	100	1.0085326514974944
2349	110	0.991448335626155
2349	120	0.9996401812866927
2350	70	0.6422527516195238
2350	80	1.0479250801526832
2350	90	1.268315829032191
2350	100	1.0905846345354604
2350	110	1.1211474359911588
2350	120	1.1463840680063389
2351	70	2.075755510603874
2351	80	1.4008887036032496
2351	90	1.054702902235663
2351	100	1.0469628301004477
2351	110	0.9903573350732972
2351	120	0.9823930146793147
2352	70	2.139221665805393
2352	80	1.2327265191680046
2352	90	1.0920925782093507
2352	100	1.1177437240519816
2352	110	1.0827536222036889
2352	120	1.0589120035534207
2353	70	1.3148859231535754
2353	80	0.8867227598399209
2353	90	0.9296139300145598
2353	100	0.9454109281261123
2353	110	0.9309145403582798
2353	120	0.9245798024080885
2354	70	0.7464243268074687
2354	80	0.6130626203337578
2354	90	0.5941831225086163
2354	100	0.7230011729685324
2354	110	0.7813153783675525
2354	120	0.8099563981032037
2355	70	0.6559129142586367
2355	80	0.6988729171842472
2355	90	0.6416769727421977
2355	100	0.6730175140976689
2355	110	0.7031712818057919
2355	120	0.7298809492196703
2356	70	0.5968992421974091
2356	80	0.9255879484695952
2356	90	1.1312888921002822
2356	100	1.0673835146352606
2356	110	1.0441011355617162
2356	120	1.0493068796256064
2357	70	2.183670121029494
2357	80	1.6353477318877847
2357	90	1.2244929293943572
2357	100	1.2206775098731446
2357	110	1.1006673423600424
2357	120	1.064685587324732
2358	70	0.5766461433843759
2358	80	0.7401017617500141
2358	90	0.7724658153283585
2358	100	0.9157082367309101
2358	110	0.9702073998049063
2358	120	0.9750081107858664
2359	70	0.5564705109375063
2359	80	0.7418478340431363
2359	90	0.9174748801791225
2359	100	0.8722184460942022
2359	110	0.8855108823106611
2359	120	0.8894764212435483
2360	70	1.9309932817272901
2360	80	1.2678076077236637
2360	90	0.9009639390176446
2360	100	1.0406849200711534
2360	110	1.014717101008962
2360	120	1.0087667144514663
2361	70	0.7153902835713636
2361	80	0.783649193494235
2361	90	1.105373796110528
2361	100	1.1671183741223992
2361	110	1.249676886051579
2361	120	1.2623606140608066
2362	70	2.147142539235132
2362	80	1.8442249793756949
2362	90	1.3301351771295744
2362	100	1.1741824734571393
2362	110	1.1063794093176609
2362	120	1.0729803884726656
2363	70	0.5988115230448857
2363	80	0.780785848995473
2363	90	0.8021320498119551
2363	100	0.8634225692450043
2363	110	0.9107433379267147
2363	120	0.9040912868494092
2364	70	0.8415942683730717
2364	80	1.1130744783738684
2364	90	1.0578838342360095
2364	100	1.020609457601424
2364	110	1.0179139824377503
2364	120	1.023428278614055
2365	70	0.4870434502062364
2365	80	0.5138577551034286
2365	90	0.52803417464705
2365	100	0.6068996528799224
2365	110	0.6655083211839432
2365	120	0.6994381756339383
2366	70	1.0600127103244934
2366	80	1.037099947066131
2366	90	1.219965024630738
2366	100	1.1642377767424688
2366	110	1.157335523813362
2366	120	1.096567794330169
2367	70	0.5148651054563056
2367	80	0.5896252265671954
2367	90	0.6926332786408522
2367	100	0.7798146464850774
2367	110	0.7968500533139623
2367	120	0.8207211186371901
2368	70	0.5726043402555915
2368	80	0.6466583273584351
2368	90	0.729209065575914
2368	100	0.8372568801205584
2368	110	0.9198341742467363
2368	120	0.980379625396129
2369	70	1.0131458565628622
2369	80	1.1684448896858077
2369	90	1.095187340733185
2369	100	1.0748505050782455
2369	110	1.0814065285139853
2369	120	1.0661768684909547
2370	70	0.5128824726972692
2370	80	0.7680926945803606
2370	90	0.8963267434212409
2370	100	0.9177473474695205
2370	110	0.9571613001289464
2370	120	0.9792725937783424
2371	70	2.573241689754148
2371	80	1.601239209574096
2371	90	1.1933836025036562
2371	100	0.9115806946969763
2371	110	0.8682527278829298
2371	120	0.8531610103852014
2372	70	1.2485226380930634
2372	80	1.3570225420776312
2372	90	1.4296375176672917
2372	100	1.4404778428684453
2372	110	1.3449581608053633
2372	120	1.2902499808605874
2373	70	0.3460061882142074
2373	80	0.5155750873711489
2373	90	0.703743756969453
2373	100	0.7436386548802619
2373	110	0.8037165357235656
2373	120	0.8467211723863362
2374	70	1.311900096001306
2374	80	1.2445098016676643
2374	90	1.100405374298762
2374	100	0.9096585906135898
2374	110	0.91009031749894
2374	120	0.919793931693003
2375	70	1.5989697550960362
2375	80	0.9267390030482087
2375	90	0.86208878168402725
2375	100	0.9593511994994596
2375	110	0.974268842260625
2375	120	0.9599920270468499
2376	70	0.9214167247508913
2376	80	0.7333547435033644
2376	90	0.7999622870800532
2376	100	0.7807510677070071
2376	110	0.7919960587375562
2376	120	0.8416866742972032
2377	70	0.7567159956990379
2377	80	0.5508023916507835
2377	90	0.6611217298609738
2377	100	0.7572393365607412
2377	110	0.7721136133317613
2377	120	0.7781238896186154
2378	70	0.3349680565373913
2378	80	0.3638591630115775
2378	90	0.572270139531814
2378	100	0.6982874106002409
2378	110	0.7477741287023651
2378	120	0.7972724338857179
2379	70	0.5846311023457755
2379	80	0.9272980570402994
2379	90	1.217326919518573
2379	100	1.0872811191130156
2379	110	1.097713718977041
2379	120	1.0907454277503372
2380	70	1.0593196570572443
2380	80	0.925916018139227
2380	90	0.7775387662175065
2380	100	0.8185912494659899
2380	110	0.8213907291883553
2380	120	0.8170981019682727
2381	70	1.5230436611283598
2381	80	1.7057339454207778
2381	90	1.7404542564646213
2381	100	1.223060937197986
2381	110	1.230897623211262
2381	120	1.1809344276993636
2382	70	2.039177841680452
2382	80	1.3214718093430304
2382	90	1.134808866826105
2382	100	1.0831892030626173
2382	110	1.051196318844594
2382	120	1.0449927114747177
2383	70	0.6991565983518975
2383	80	0.7919817176384905
2383	90	0.9010528948945895
2383	100	1.0230590327950826
2383	110	1.0961339287078473
2383	120	1.106531779166472
2384	70	2.0162693536761824
2384	80	1.2722960240979062
2384	90	1.0572412902174917
2384	100	1.0595121971466888
2384	110	0.9994870230856306
2384	120	0.9844870990085962
2385	70	0.2927374419013174
2385	80	0.34020129922851156
2385	90	0.4973058652366764
2385	100	0.6143243328875811
2385	110	0.6932917385880182
2385	120	0.7386655001964062
2386	70	1.4165065762533096
2386	80	1.3374367130274853
2386	90	1.3004035003610597
2386	100	1.1572515867812847
2386	110	1.1221137324635166
2386	120	1.0502641085830196
2387	70	0.5384054220235517
2387	80	0.5536329760152919
2387	90	0.6422075708255489
2387	100	0.7646376898731289
2387	110	0.8080426218574548
2387	120	0.848145491759531
2388	70	1.8556932294539892
2388	80	1.6058387986874887
2388	90	1.4930259514085096
2388	100	1.3744318468425898
2388	110	1.3514413881611491
2388	120	1.2842811552454028
2389	70	1.6455679303061566
2389	80	1.3458135245373282
2389	90	1.379099187775308
2389	100	1.2450670243858142
2389	110	1.160388088718042
2389	120	1.0977774948398367
2390	70	1.9087779442727264
2390	80	1.078393483640866
2390	90	0.9066686903894916
2390	100	0.9035810318346073
2390	110	0.945146924426242
2390	120	0.9629349392657723
2391	70	0.7039375443706598
2391	80	0.951164496507113
2391	90	1.04545978988338
2391	100	1.1110857486205814
2391	110	1.1776175224147654
2391	120	1.1849565209500024
2392	70	0.36649049758579233
2392	80	0.5662862861221832
2392	90	0.7632410270943879
2392	100	0.8170293758849269
2392	110	0.9008251794870988
2392	120	0.9498610206592958
2393	70	2.322709825578849
2393	80	1.4778841582312974
2393	90	1.1062149645138677
2393	100	1.1356802941613398
2393	110	1.1276713132110554
2393	120	1.1064546725174396
2394	70	2.82072157937023
2394	80	1.4609952040695258
2394	90	1.1989709779154563
2394	100	1.007359997977907
2394	110	1.0171618709267265
2394	120	0.983736919734426
2395	70	0.9538352215225545
2395	80	1.0244476678359378
2395	90	0.8369492859253844
2395	100	0.8788868395780344
2395	110	0.9231352113900609
2395	120	0.9322478923132849
2396	70	1.2918631964034684
2396	80	1.551672078509543
2396	90	1.1723048253407993
2396	100	1.0086417739243814
2396	110	0.9949217231451641
2396	120	0.9536511873338803
2397	70	1.5968930054713582
2397	80	1.7150964456577706
2397	90	1.7375368744029767
2397	100	1.509725611792033
2397	110	1.4392354673006138
2397	120	1.3965163358046393
2398	70	1.6308170830587678
2398	80	1.579939573723766
2398	90	1.4759973070038392
2398	100	1.210039126126864
2398	110	1.1836113196640052
2398	120	1.1271659019645468
2399	70	1.8283858222612674
2399	80	1.1929452935018197
2399	90	1.1706542063472214
2399	100	1.1529669748030897
2399	110	1.12671382710457
2399	120	1.0741833188350727
2400	70	1.8238401366601953
2400	80	1.2117599860993535
2400	90	1.0712173529210764
2400	100	1.088786368588349
2400	110	1.0821682685036513
2400	120	1.0826087744162003
2401	70	3.1126817065137375
2401	80	2.085396921519046
2401	90	1.218690320108618
2401	100	1.1470314209019303
2401	110	1.071948954756971
2401	120	1.0113348778704276
2402	70	2.8034790553884967
2402	80	1.450330425078988
2402	90	1.1942071715547251
2402	100	1.145910929973179
2402	110	1.1276940143683505
2402	120	1.0520086887372615
2403	70	1.475498271766951
2403	80	1.3479601888142028
2403	90	1.285356849154996
2403	100	1.1414201805220479
2403	110	1.0845436534919217
2403	120	1.040631841331275
2404	70	1.3066615335927565
2404	80	0.9497628962376186
2404	90	0.814399058422568
2404	100	0.931107653566834
2404	110	0.8798908489786748
2404	120	0.8985206147153025
2405	70	0.8811348140377859
2405	80	1.0828667191319183
2405	90	1.013579814046784
2405	100	1.1383045274329933
2405	110	1.087746591129681
2405	120	1.0309386584754348
2406	70	0.5394035390784233
2406	80	0.5097841573475844
2406	90	0.5521846924426985
2406	100	0.6304320759321127
2406	110	0.7129553747555568
2406	120	0.7693262815457884
2407	70	0.7049270350951093
2407	80	0.5626719170950514
2407	90	0.7028353478157576
2407	100	0.7705432657373461
2407	110	0.8182411353522732
2407	120	0.8652619398377127
2408	70	0.4847052597105147
2408	80	0.7833251115496179
2408	90	0.9499420375371757
2408	100	1.0264260104721232
2408	110	1.057942033235061
2408	120	1.071426020258218
2409	70	0.3815251554906685
2409	80	0.6429792711499414
2409	90	0.7216203279943405
2409	100	0.8965462163211849
2409	110	0.9526307296823531
2409	120	0.9649330806592082
2410	70	1.3881534040439074
2410	80	1.0570966235740369
2410	90	1.219220169926088
2410	100	1.2690369704778142
2410	110	1.203461475812829
2410	120	1.1871823150097662
2411	70	0.3463284489634295
2411	80	0.5665592275030967
2411	90	0.6623953342987875
2411	100	0.8062944901789463
2411	110	0.8613208727020606
2411	120	0.9134965705685023
2412	70	0.3136326838060975
2412	80	0.3786033419955288
2412	90	0.5459693458386119
2412	100	0.6977378306473884
2412	110	0.7464049008808659
2412	120	0.8052041527769106
2413	70	0.4379073282935901
2413	80	0.6932758647589596
2413	90	0.9316887612460053
2413	100	0.8866290676204818
2413	110	0.9428085298248094
2413	120	0.9974222874825212
2414	70	0.6524128809506484
2414	80	0.7265492323402298
2414	90	0.6365743086859956
2414	100	0.7828399381530063
2414	110	0.7930526643628192
2414	120	0.7908725888214084
2415	70	1.6102125915350598
2415	80	1.378718242434613
2415	90	1.4825729490314075
2415	100	1.424622810533493
2415	110	1.4243946909918972
2415	120	1.3722585991308867
2416	70	1.2890825762159606
2416	80	0.9918378568476857
2416	90	1.0379738089111672
2416	100	0.9250558091563451
2416	110	0.9296849823045753
2416	120	0.9144935973395957
2417	70	2.3667074779261057
2417	80	1.4994360257437207
2417	90	1.0550244719134636
2417	100	1.0848154732556186
2417	110	1.1082448942048835
2417	120	1.1082624273051034
2418	70	0.616043086357171
2418	80	0.7508000356497684
2418	90	0.9804694314064825
2418	100	0.9794055322299557
2418	110	0.9832916757852775
2418	120	1.0083635396555881
2419	70	1.4368794084864478
2419	80	1.1113677652555691
2419	90	0.9914290225968395
2419	100	1.0510410022624002
2419	110	1.026422504853351
2419	120	0.9851540316184325
2420	70	0.37396687624027813
2420	80	0.5245318353769344
2420	90	0.6218434078463597
2420	100	0.7803544202351969
2420	110	0.8179425458142808
2420	120	0.8271180647214379
2421	70	0.679970789297903
2421	80	0.6977265074549608
2421	90	0.7170446764013055
2421	100	0.6874450719631972
2421	110	0.7263331951927763
2421	120	0.7530077496206523
2422	70	1.9679789169874853
2422	80	1.2366589035599262
2422	90	1.3252160680990375
2422	100	1.0781513387310844
2422	110	1.0619647243586354
2422	120	1.0390345141605708
2423	70	0.9403219338757426
2423	80	0.6618365110217379
2423	90	0.7323687993665184
2423	100	0.8017085808983703
2423	110	0.7914502063106521
2423	120	0.8057533822232169
2424	70	0.5146449562930041
2424	80	0.6092276112815684
2424	90	0.7771785338393729
2424	100	0.9110173485902933
2424	110	0.9342183448435204
2424	120	0.9575137092599137
2425	70	1.1288249762370564
2425	80	0.8368681439583361
2425	90	0.9049306328545543
2425	100	1.0520532002351228
2425	110	1.037309950092958
2425	120	1.0589636461990983
2426	70	1.376789753615616
2426	80	1.1499517928334035
2426	90	1.2619379290167907
2426	100	1.0916475714562115
2426	110	1.0862220832776288
2426	120	1.1128134929050335
2427	70	0.32042725673463396
2427	80	0.40829966700619663
2427	90	0.6434742843726728
2427	100	0.8202392907894523
2427	110	0.8399329498270118
2427	120	0.9005300377797708
2428	70	1.173017269990469
2428	80	1.2959938480451783
2428	90	1.1641377178007803
2428	100	1.2292375321861673
2428	110	1.1654216976608347
2428	120	1.129257777510838
2429	70	0.8105792952753541
2429	80	0.7349718182269335
2429	90	0.7429093877059347
2429	100	0.8430017760022176
2429	110	0.9032336870055443
2429	120	0.9431822731635278
2430	70	1.070915362136503
2430	80	0.7021288826880869
2430	90	0.8271963214081061
2430	100	0.9114962007003893
2430	110	0.9390596470711681
2430	120	0.958127016459652
2431	70	0.5435027426690326
2431	80	0.6918770554662244
2431	90	0.8376890561317726
2431	100	0.8479537514673033
2431	110	0.8761299764345061
2431	120	0.8993759479613055
2432	70	0.5719906153649267
2432	80	0.9316709768821305
2432	90	1.0650304495212393
2432	100	1.0960095299400716
2432	110	1.1616888055325902
2432	120	1.1698204180921665
2433	70	0.803248032575118
2433	80	0.8969558094785853
2433	90	1.0546580491719588
2433	100	1.1701082859865612
2433	110	1.1884110254488267
2433	120	1.2249480032777573
2434	70	1.8193152702952313
2434	80	1.3515374702496872
2434	90	1.065686139943565
2434	100	0.9184950493061582
2434	110	0.8977553599530105
2434	120	0.8919675974105241
2435	70	1.0821566579649686
2435	80	1.3535504619752095
2435	90	1.395659744281088
2435	100	1.1994065136772178
2435	110	1.1177322637422167
2435	120	1.095048550925037
2436	70	1.2203772817373968
2436	80	1.367505921796912
2436	90	1.1240766365902723
2436	100	1.2137712082791092
2436	110	1.1141250932034368
2436	120	1.0836188968385214
2437	70	1.1318771202182902
2437	80	1.0636002918394374
2437	90	1.0982011177035111
2437	100	1.2500287173021345
2437	110	1.2188528217290504
2437	120	1.1978244211279003
2438	70	0.7530363804432549
2438	80	0.8943078303652223
2438	90	1.1010129353202496
2438	100	0.9148980870163285
2438	110	0.9158294925371827
2438	120	0.9268160011546602
2439	70	0.9159982247615035
2439	80	0.788375775191097
2439	90	0.8777641287615575
2439	100	0.971869938227926
2439	110	0.9530489480820334
2439	120	0.9958241175934044
2440	70	2.5279193509674083
2440	80	1.6618071842626883
2440	90	1.3015293438404525
2440	100	1.352544253441844
2440	110	1.2542335594558742
2440	120	1.2048378762760246
2441	70	0.4613479891092114
2441	80	0.7888099415147283
2441	90	1.0957103816457818
2441	100	0.9444850176626672
2441	110	0.9956149484351315
2441	120	1.006455341212894
2442	70	1.8167778720314893
2442	80	1.5543450481824674
2442	90	1.9256965856707233
2442	100	1.5574440190307526
2442	110	1.47726356960914
2442	120	1.4221340793198756
2443	70	1.885698966363313
2443	80	1.784203997825275
2443	90	1.656340821619235
2443	100	1.3181298186437258
2443	110	1.238510183937121
2443	120	1.1792946266532724
2444	70	0.6239649992723763
2444	80	0.5964056220983143
2444	90	0.5870264840725394
2444	100	0.7290308458836465
2444	110	0.767195391673662
2444	120	0.8032066085717864
2445	70	0.5468790661815199
2445	80	0.5354009370510513
2445	90	0.7510983123198456
2445	100	0.8559358195792438
2445	110	0.9046168359657422
2445	120	0.9457000483976344
2446	70	1.9579340580435547
2446	80	1.5998534335873793
2446	90	1.4363177506090503
2446	100	1.2868615409794868
2446	110	1.2083556438781542
2446	120	1.1544151118544954
2447	70	1.790394030576426
2447	80	1.2824060635284393
2447	90	1.2651789911987086
2447	100	1.2741568535201122
2447	110	1.1583756605818192
2447	120	1.1449579481049093
2448	70	1.3037013260788683
2448	80	1.0368196156948686
2448	90	1.0259105547081122
2448	100	0.9913807853558959
2448	110	0.9558207004088268
2448	120	0.9400653000522575
2449	70	0.7486208982732502
2449	80	0.974428681609501
2449	90	1.0584597763984687
2449	100	1.138509335027158
2449	110	1.1377951315164474
2449	120	1.125225782137161
2450	70	0.6395986670944942
2450	80	0.5116227233324888
2450	90	0.5405978302979488
2450	100	0.6939622710289283
2450	110	0.7287244676669233
2450	120	0.7679931157072856
2451	70	1.8602493579189432
2451	80	1.3860743202780794
2451	90	1.2287661297711951
2451	100	1.373237438862951
2451	110	1.3106520355069848
2451	120	1.2888374908101026
2452	70	0.8834676078288975
2452	80	1.221736764585156
2452	90	0.9696583742475897
2452	100	0.8305673352534886
2452	110	0.8773908992458282
2452	120	0.8742239494699244
2453	70	1.7471850620672313
2453	80	1.8053338975928257
2453	90	1.3677242671267378
2453	100	1.2537518869462163
2453	110	1.1389441531699205
2453	120	1.1145900394076622
2454	70	0.6154057149431852
2454	80	0.8033840980447673
2454	90	0.8383598451050178
2454	100	1.0310562699482049
2454	110	1.09242185584396
2454	120	1.070412094948345
2455	70	1.3709354031718035
2455	80	1.2370667499544075
2455	90	1.128238156777136
2455	100	1.0447684941632043
2455	110	0.968574199490473
2455	120	0.9505533928477965
2456	70	0.6156272152611086
2456	80	0.5590078087227457
2456	90	0.6502315970057736
2456	100	0.7297093772441429
2456	110	0.7587951859678782
2456	120	0.7873851087577621
2457	70	0.35928654537921906
2457	80	0.6273804978353158
2457	90	0.9714790947782125
2457	100	1.0411801938407705
2457	110	1.140387060179993
2457	120	1.1864740627163417
2458	70	1.6308802245923697
2458	80	1.5919236679162754
2458	90	1.5706467722269375
2458	100	1.3560655950528109
2458	110	1.367272262421684
2458	120	1.3451375131450438
2459	70	0.43088554839628734
2459	80	0.6408044183432289
2459	90	0.8348911177553394
2459	100	0.9329194378332155
2459	110	0.9579881343238242
2459	120	0.9936587445961061
2460	70	0.38896661744823124
2460	80	0.6872015795551578
2460	90	0.8858422937536141
2460	100	1.0015873820868044
2460	110	0.9906599642413145
2460	120	1.0205273303118692
2461	70	0.4058382311521969
2461	80	0.43688777108482363
2461	90	0.6344769569733708
2461	100	0.66551428196843
2461	110	0.7123885080874658
2461	120	0.7551712752618791
2462	70	0.8743300533895085
2462	80	1.0999050697311994
2462	90	1.0432754921694003
2462	100	0.8778324710265589
2462	110	0.851232385988191
2462	120	0.8761741514319555
2463	70	0.6795854378138771
2463	80	0.8945485382432702
2463	90	0.9076136708365788
2463	100	0.9480726920120823
2463	110	1.0130454192289566
2463	120	1.0084395915384388
2464	70	1.3727871691030118
2464	80	1.5165233589075127
2464	90	1.2505834303023922
2464	100	1.0316683935899738
2464	110	0.9825939511175714
2464	120	0.9515365702818993
2465	70	1.6132389026131384
2465	80	1.526284452154284
2465	90	1.192027049930784
2465	100	0.9651785608031858
2465	110	0.9676602203756011
2465	120	0.9436318551629077
2466	70	0.44017875046829946
2466	80	0.7743136374659709
2466	90	0.8146093251669083
2466	100	0.7951193847046355
2466	110	0.8165029612754858
2466	120	0.8264735962368145
2467	70	2.243999236248423
2467	80	1.431487478542376
2467	90	1.1674560378955234
2467	100	1.086399509312415
2467	110	1.0029650075073462
2467	120	0.998080530389645
2468	70	2.061497558331908
2468	80	2.0101362752434424
2468	90	1.643513157095842
2468	100	1.3005575212990388
2468	110	1.2372406216954037
2468	120	1.1808492884256752
2469	70	0.632483447185845
2469	80	0.5926329444125285
2469	90	0.621724530495351
2469	100	0.8149927802885847
2469	110	0.8915036653623762
2469	120	0.9040349656008846
2470	70	0.5151320285590227
2470	80	0.5594105606790634
2470	90	0.6712033375554494
2470	100	0.7251232457662699
2470	110	0.8002931639101768
2470	120	0.8658464296825504
2471	70	1.7330065020480945
2471	80	1.7482891049817673
2471	90	1.2569597796185117
2471	100	1.046522637744127
2471	110	0.973314766695163
2471	120	0.9323186602436176
2472	70	1.4349697305159226
2472	80	1.2981092434989716
2472	90	1.339667649797269
2472	100	1.173198030784929
2472	110	1.1086365096722364
2472	120	1.0967598895355015
2473	70	1.231287577827003
2473	80	0.9350504917270802
2473	90	0.913838082745092
2473	100	1.008963302221723
2473	110	0.9799548971020279
2473	120	0.976611466388484
2474	70	0.36454492884694933
2474	80	0.5275541097076869
2474	90	0.7302144645336746
2474	100	0.7581242549019305
2474	110	0.7797242013397137
2474	120	0.8296781747697988
2475	70	0.6426949283445667
2475	80	0.768477493586993
2475	90	0.8422980806216265
2475	100	0.9735572551891236
2475	110	1.0772176775528532
2475	120	1.1236392954744554
2476	70	1.785833352738933
2476	80	1.3924705082803654
2476	90	1.4717270554398718
2476	100	1.4130190417725956
2476	110	1.3258130221395743
2476	120	1.2596368092298105
2477	70	0.4773961007297059
2477	80	0.4906936211107151
2477	90	0.5980092578057595
2477	100	0.655554518795014
2477	110	0.7243179811603214
2477	120	0.760625106940441
2478	70	0.9028768633644891
2478	80	1.0165672464571163
2478	90	1.1298517882392127
2478	100	1.1380548835935025
2478	110	1.1094841335031727
2478	120	1.1190380356240444
2479	70	0.96994855910597
2479	80	1.2355860907477074
2479	90	1.1345871774106355
2479	100	1.0257888922868121
2479	110	1.0235864873465805
2479	120	0.9980125356094354
2480	70	1.2896372111599634
2480	80	1.0182120670539643
2480	90	0.7773199727966854
2480	100	0.7341676719937766
2480	110	0.775031668285293
2480	120	0.7972180712651146
2481	70	0.9567293569847429
2481	80	0.880124271807999
2481	90	1.0391044340520468
2481	100	0.8967748771764251
2481	110	0.9474765859269202
2481	120	0.9681360397828592
2482	70	0.6275529839026406
2482	80	0.7849170026496072
2482	90	0.8232669461817241
2482	100	0.9033217798127119
2482	110	0.9311871797658579
2482	120	0.9175157159628207
2483	70	0.382677189776065
2483	80	0.6123426337852252
2483	90	0.7756358573003695
2483	100	0.8639868343682954
2483	110	0.8994534311644574
2483	120	0.9387352440184157
2484	70	0.6933602803389498
2484	80	0.6712572386710632
2484	90	0.8595466895619173
2484	100	0.9471142427017927
2484	110	0.9985067011158433
2484	120	1.0409540405388429
2485	70	0.7459527754619519
2485	80	0.7463685164377504
2485	90	0.7111566011241275
2485	100	0.7564578198744634
2485	110	0.8231634965382133
2485	120	0.862738740909858
2486	70	0.4415419120729475
2486	80	0.6372517487486786
2486	90	0.6998219297520502
2486	100	0.710059799389289
2486	110	0.7423536582147436
2486	120	0.7844599664456507
2487	70	1.3390922902772824
2487	80	1.4026603724245066
2487	90	1.3916651817156038
2487	100	1.2820040258970524
2487	110	1.237889059958048
2487	120	1.2203078992343777
2488	70	1.181103886455788
2488	80	1.0763772514955317
2488	90	1.0875001184818638
2488	100	1.171844042926404
2488	110	1.1848805363941513
2488	120	1.1458597708884308
2489	70	0.5471931753904417
2489	80	0.7934503601753649
2489	90	0.8668110053387943
2489	100	0.8708701773536436
2489	110	0.9114637921063712
2489	120	0.9505982072316618
2490	70	1.1016765486219853
2490	80	0.8684390103472495
2490	90	0.9534065862701843
2490	100	0.8989230716319593
2490	110	0.8891989946286759
2490	120	0.9042291337377529
2491	70	0.5063771126833514
2491	80	0.612914405050113
2491	90	0.7352353653822089
2491	100	0.7954504786932528
2491	110	0.8833022252042523
2491	120	0.9416515323195507
2492	70	1.306030545622893
2492	80	1.137619526778977
2492	90	0.9522573655669377
2492	100	0.9365235633661625
2492	110	0.9326882910891751
2492	120	0.9056920879883762
2493	70	0.604480203204933
2493	80	0.6800800612128142
2493	90	0.6888996039867746
2493	100	0.8712694429612908
2493	110	0.9233016883891446
2493	120	0.9416210928641972
2494	70	0.5769852347186103
2494	80	0.6673507991494412
2494	90	0.7158858047847002
2494	100	0.8020181093562504
2494	110	0.8706051848674301
2494	120	0.9135294972626312
2495	70	0.562707181469127
2495	80	0.9272917882101664
2495	90	1.415100088127025
2495	100	1.3005357244391345
2495	110	1.3221243242766498
2495	120	1.341111670101905
2496	70	0.44528579964119946
2496	80	0.5752639078980408
2496	90	0.7722475071486318
2496	100	0.753180804351187
2496	110	0.7758486404724794
2496	120	0.832007296216218
2497	70	2.2135988123472785
2497	80	1.7321079590690505
2497	90	1.4128927491383607
2497	100	1.3577738108682618
2497	110	1.2387107527953602
2497	120	1.1447477592847861
2498	70	2.3186985350628087
2498	80	1.3111507099901307
2498	90	0.9494373254091559
2498	100	1.0794758956608828
2498	110	1.0905881837783946
2498	120	1.0738029685977468
2499	70	1.59328512269802
2499	80	1.7326442267812836
2499	90	1.2630290344069393
2499	100	1.13669256362213
2499	110	1.0811784438498435
2499	120	1.0328101904375577
2500	70	1.840087676953139
2500	80	2.000036575237099
2500	90	1.6917116359330429
2500	100	1.4022181299547007
2500	110	1.249463242229959
2500	120	1.2065480559916204
2501	70	2.352680844363348
2501	80	1.189454276845367
2501	90	1.207538423035141
2501	100	1.134464327919597
2501	110	1.0757300751525165
2501	120	1.051871919968636
2502	70	0.5213966828358984
2502	80	0.5515792754181289
2502	90	0.7665155736167757
2502	100	0.8098368964061191
2502	110	0.8966667489602351
2502	120	0.9581971899305683
2503	70	0.393363681388269
2503	80	0.6667951555090912
2503	90	1.003535672020634
2503	100	1.032796227048843
2503	110	1.1101538234022656
2503	120	1.1538866407920259
2504	70	2.106970274527612
2504	80	2.078443406154877
2504	90	1.4213591846118925
2504	100	1.3919664430112404
2504	110	1.2266051884322469
2504	120	1.1593212961052768
2505	70	1.8066232363452124
2505	80	1.3208787324441076
2505	90	1.2115541323532355
2505	100	1.2344754442351769
2505	110	1.1497273530074203
2505	120	1.104246427489264
2506	70	2.7185913449123182
2506	80	1.3664801796688357
2506	90	1.030237681025851
2506	100	0.9834596677203465
2506	110	0.9546060606533732
2506	120	0.9439503739507631
2507	70	1.9354992544921903
2507	80	1.65891820702488
2507	90	1.6077733147925843
2507	100	1.431699575297399
2507	110	1.376819744877218
2507	120	1.319211397224044
2508	70	0.37635910246689996
2508	80	0.5929175394265271
2508	90	0.7838482580643117
2508	100	0.9848508175308305
2508	110	1.0487498013399739
2508	120	1.0800901046949787
2509	70	0.9533383699690405
2509	80	0.8675061090669067
2509	90	0.8242866924401407
2509	100	0.9445500872284399
2509	110	0.9175204073776516
2509	120	0.8990014768891934
2510	70	0.49174169032269166
2510	80	0.6495055919886569
2510	90	0.8118796772649624
2510	100	0.8246005820830407
2510	110	0.8491113686035795
2510	120	0.8933004847971517
2511	70	1.6699976256737599
2511	80	1.1307043888309136
2511	90	0.9893444102718938
2511	100	0.9929050958754572
2511	110	0.9913224659724696
2511	120	0.9677207915947462
2512	70	1.3140386092379743
2512	80	1.2294258771126152
2512	90	1.2600065391931152
2512	100	0.9222910568071097
2512	110	0.9215834448463212
2512	120	0.8986888333515433
2513	70	1.1516453864640948
2513	80	0.7260530484226235
2513	90	0.7348904610538789
2513	100	0.7807957848725678
2513	110	0.7921312263678237
2513	120	0.8161362059654829
2514	70	1.0043452703139713
2514	80	0.8039521102589768
2514	90	0.7416870781041472
2514	100	0.7733761198437202
2514	110	0.8139459253425254
2514	120	0.8469316300992766
2515	70	1.1479590789187188
2515	80	0.961357330888566
2515	90	0.9187527810121292
2515	100	0.9155084228094332
2515	110	0.9085375564697817
2515	120	0.9283154885366949
2516	70	1.174217523302322
2516	80	1.2305120052820633
2516	90	1.0071835617101932
2516	100	0.9125375162259152
2516	110	0.8967066253429713
2516	120	0.8831114481188479
2517	70	1.6475986217800822
2517	80	1.0243470644143722
2517	90	1.0746625248054693
2517	100	0.9849934708466113
2517	110	0.9948799284848608
2517	120	0.9948690787539616
2518	70	0.7942782657577347
2518	80	1.1907931433827827
2518	90	1.3422123817609395
2518	100	1.1371679184290981
2518	110	1.1388483369019569
2518	120	1.1234664698480388
2519	70	0.5263111440783271
2519	80	0.8159894969808543
2519	90	0.9472727483699713
2519	100	1.0468197258932
2519	110	1.0793744758579824
2519	120	1.069711757035684
2520	70	0.5815270297358401
2520	80	0.9432258014797832
2520	90	1.1777386696193128
2520	100	1.2241370419404851
2520	110	1.2139598711122719
2520	120	1.1999450527214184
2521	70	0.6321626819628133
2521	80	0.6314949203527447
2521	90	0.876770591329748
2521	100	0.9348219770874153
2521	110	0.9553691752578374
2521	120	0.9613606988123441
2522	70	1.7595811577105396
2522	80	1.9252048774316193
2522	90	1.7296335547026673
2522	100	1.2947410241473172
2522	110	1.2188508878427644
2522	120	1.1714646675499003
2523	70	0.449882045513183
2523	80	0.4791281814586952
2523	90	0.5765066617737761
2523	100	0.7184947499331863
2523	110	0.7838923354457643
2523	120	0.8298009147411091
2524	70	0.424199038541177
2524	80	0.46558644909197117
2524	90	0.6209794032500634
2524	100	0.6639978495917374
2524	110	0.7104793041195095
2524	120	0.7690007809687164
2525	70	0.6299108629545704
2525	80	0.558241938078505
2525	90	0.7004412570512866
2525	100	0.7963833616838227
2525	110	0.8787704921841674
2525	120	0.9250293234729822
2526	70	1.4096140143176457
2526	80	1.0674200762060526
2526	90	1.0210561182479332
2526	100	0.9219372089653619
2526	110	0.9246869274098188
2526	120	0.9154192497031294
2527	70	2.214803009707203
2527	80	1.872517006362051
2527	90	1.2981726042319852
2527	100	1.1569923314123407
2527	110	1.134514222145889
2527	120	1.11692909394768
2528	70	1.8408342715215757
2528	80	1.0896345150461515
2528	90	1.0989949840561788
2528	100	1.0770747010148227
2528	110	1.0616246694003135
2528	120	1.0581410081763167
2529	70	0.78665532537999
2529	80	0.9076826105308057
2529	90	0.8524219131801655
2529	100	0.7526996865709391
2529	110	0.8073421168777891
2529	120	0.8264855710550222
2530	70	0.47833760927676783
2530	80	0.5538796506429158
2530	90	0.8845100644742551
2530	100	1.015574519363253
2530	110	1.06901433487411
2530	120	1.1372910685807813
2531	70	0.4660122734157592
2531	80	0.7316493439929072
2531	90	0.9349012961859902
2531	100	0.921759770686401
2531	110	0.9357516041715223
2531	120	0.9630189115899664
2532	70	2.2449842063077137
2532	80	1.9995281224121775
2532	90	1.3436995325520906
2532	100	1.2922197135605706
2532	110	1.2518523795123933
2532	120	1.1395614428645184
2533	70	1.2148573378900887
2533	80	1.2099770946621766
2533	90	1.0633066942018263
2533	100	1.0106433235684231
2533	110	0.9719974509215802
2533	120	0.9576501915916639
2534	70	0.46024935339751005
2534	80	0.4755308899927831
2534	90	0.6426387436775504
2534	100	0.6997179293808264
2534	110	0.7572387686404637
2534	120	0.8199009424323483
2535	70	0.4094218003169294
2535	80	0.4735866919994127
2535	90	0.6134051497027435
2535	100	0.7138741554232454
2535	110	0.8015133251839744
2535	120	0.8753758820918616
2536	70	2.3479377033002162
2536	80	2.1539833573626215
2536	90	1.4097480148965544
2536	100	1.2516855311070847
2536	110	1.2013925937253196
2536	120	1.137974748115513
2537	70	0.561153970949859
2537	80	0.5395615130410987
2537	90	0.47635456326656345
2537	100	0.6272855675732699
2537	110	0.6683337568361075
2537	120	0.7000307802849245
2538	70	1.1281510097783165
2538	80	1.2445021093624475
2538	90	1.2170585232729385
2538	100	1.3738834223791276
2538	110	1.3341614141688887
2538	120	1.2634797789231726
2539	70	1.3396418263351362
2539	80	1.0541670399734104
2539	90	0.9528178850948387
2539	100	0.8705270145749934
2539	110	0.8914983584674779
2539	120	0.8987498019010587
2540	70	0.685148268685284
2540	80	0.8290708729481746
2540	90	0.8352373059468626
2540	100	0.9547989480681925
2540	110	1.0066468841136673
2540	120	1.0054175926505653
2541	70	0.6525943919408671
2541	80	1.0031652082335158
2541	90	1.06256579464841
2541	100	1.0044592041062799
2541	110	1.0725020311961198
2541	120	1.090226149215748
2542	70	0.9069661887237103
2542	80	0.8738086876654708
2542	90	0.8449792988346441
2542	100	0.7440002523411349
2542	110	0.7715295007170584
2542	120	0.805098151734706
2543	70	1.1914475825847572
2543	80	0.9848964639416233
2543	90	0.982813698289747
2543	100	0.8362729456151011
2543	110	0.8634576570951993
2543	120	0.8721677219245314
2544	70	0.6264348506264721
2544	80	0.8053439489334594
2544	90	0.8422365663010581
2544	100	0.8293754681536211
2544	110	0.8667382587911608
2544	120	0.8547548598558848
2545	70	0.8389278330857198
2545	80	0.7583577505657255
2545	90	0.8420645229379417
2545	100	0.8654531251018821
2545	110	0.8773168898919317
2545	120	0.8772580493357505
2546	70	0.5671123688212799
2546	80	0.9247837192199786
2546	90	1.1672630807214093
2546	100	1.0264155615961417
2546	110	1.0663718259596184
2546	120	1.0985297933120703
2547	70	2.8246555841098937
2547	80	2.7194687245539977
2547	90	1.9171189571087959
2547	100	1.3300092769628693
2547	110	1.2586597809710687
2547	120	1.1895143421318095
2548	70	0.9171029511080006
2548	80	0.7386889747643004
2548	90	0.834863272748319
2548	100	0.7464189637262476
2548	110	0.8091988773238884
2548	120	0.8370633323702197
2549	70	0.690614452556302
2549	80	0.7848023370691395
2549	90	0.9030568418901415
2549	100	0.9758467154678134
2549	110	0.9843959049807826
2549	120	0.9952080911042086
2550	70	0.42304913247386433
2550	80	0.5338042485203329
2550	90	0.7661854371194119
2550	100	0.850982398832733
2550	110	0.8672480711918324
2550	120	0.9129569458836778
2551	70	0.6447006329675558
2551	80	0.5884531435874731
2551	90	0.6845647897363883
2551	100	0.7132545194399996
2551	110	0.7572749078996456
2551	120	0.7776759832731731
2552	70	0.493719470793581
2552	80	0.5981638310504473
2552	90	0.8709781562671394
2552	100	1.0672399560230332
2552	110	1.0795459449423375
2552	120	1.0859227729154939
2553	70	0.559734588644397
2553	80	0.757446230706354
2553	90	0.9660736949742463
2553	100	1.180507921119075
2553	110	1.2532268443110273
2553	120	1.2443528369843888
2554	70	4.698215385048393
2554	80	2.0693053838865074
2554	90	1.144383990330841
2554	100	1.0024106108539121
2554	110	0.9205286542717196
2554	120	0.9003095932772497
2555	70	2.034469153199463
2555	80	1.4296512312609415
2555	90	1.2561342930581911
2555	100	1.208955270780134
2555	110	1.1379891318473
2555	120	1.1099804431961378
2556	70	0.5382962341241418
2556	80	0.7790721327445204
2556	90	0.8755570956676275
2556	100	0.9534249587498832
2556	110	0.9466985438494935
2556	120	0.9635602969163053
2557	70	1.0574522623771483
2557	80	0.9609636320550684
2557	90	1.1888133247986796
2557	100	1.0185591337575133
2557	110	1.0108982888825746
2557	120	0.9930693071689579
2558	70	0.3825300671352357
2558	80	0.38019054421861487
2558	90	0.5631821402965275
2558	100	0.6491392659015155
2558	110	0.7009258693211743
2558	120	0.7588000149308374
2559	70	1.5277291725603623
2559	80	0.8599644091726888
2559	90	0.7314511198984726
2559	100	0.7511000384600468
2559	110	0.7493114477961252
2559	120	0.7710601709119475
2560	70	2.9855784582187184
2560	80	2.106978291559676
2560	90	1.519836532169013
2560	100	1.327452892510534
2560	110	1.1752331213049423
2560	120	1.0919480343166894
2561	70	1.4043264237597899
2561	80	1.3720343683878287
2561	90	1.3789077531824019
2561	100	1.0877676480575742
2561	110	1.0129833317496422
2561	120	0.9890781730804812
2562	70	0.31093484838187097
2562	80	0.5571188115522746
2562	90	0.7189778685484508
2562	100	0.841181571119447
2562	110	0.9164628294777375
2562	120	0.9687596694877165
2563	70	0.7726202979898189
2563	80	0.8701015816008226
2563	90	0.9383726372677833
2563	100	1.005972390100087
2563	110	1.0630380413044034
2563	120	1.1189092846735913
2564	70	2.198912150715043
2564	80	1.5238439272313602
2564	90	1.069674456373791
2564	100	1.0590916521365656
2564	110	1.0505209385114083
2564	120	1.0037993654304334
2565	70	1.0034082047822608
2565	80	1.047465165792284
2565	90	1.0402516060558897
2565	100	1.0306639119608434
2565	110	1.0761917882043974
2565	120	1.0558565255246803
2566	70	0.9065067769138955
2566	80	0.849763667888396
2566	90	0.7581559936138925
2566	100	0.8695878698991683
2566	110	0.8565533856937957
2566	120	0.8606543666844008
2567	70	0.477778629598913
2567	80	0.5437649875100597
2567	90	0.6646957713650583
2567	100	0.8215157279717044
2567	110	0.9158885037113852
2567	120	0.9715376167107956
2568	70	1.890236008498806
2568	80	1.988083047910009
2568	90	2.1385133750808825
2568	100	1.6270620391042405
2568	110	1.5013496599380578
2568	120	1.4091816958385246
2569	70	1.7495595627274059
2569	80	1.4740546845987836
2569	90	1.2246360567130106
2569	100	0.913077429801402
2569	110	0.9250560938705716
2569	120	0.9169334777819765
2570	70	0.623790371610532
2570	80	0.7368230201417998
2570	90	0.8777714351239607
2570	100	0.8952646668984985
2570	110	0.8838457653775834
2570	120	0.8749991625864771
2571	70	1.8201831055664313
2571	80	1.6802841656669918
2571	90	1.3581819894094038
2571	100	1.2939306407009854
2571	110	1.1860958127077057
2571	120	1.1397403773409411
2572	70	1.0646209264960274
2572	80	0.9286271119010558
2572	90	1.1074270644330433
2572	100	1.0911274218214266
2572	110	1.1497753951463319
2572	120	1.1807248492455682
2573	70	0.5722831672479481
2573	80	0.5249338551710269
2573	90	0.5581200573894988
2573	100	0.6269350355703504
2573	110	0.6894464544403192
2573	120	0.7303298071036111
2574	70	0.4761060190421036
2574	80	0.6625097323410436
2574	90	0.8422117070815374
2574	100	0.9738039166978479
2574	110	1.035331270933421
2574	120	1.074011027567167
2575	70	1.3351849455754612
2575	80	0.9315910685599006
2575	90	0.7596732334296736
2575	100	0.8145269943410414
2575	110	0.8119033336204338
2575	120	0.8028854872421716
2576	70	1.458494846719059
2576	80	1.270908824270475
2576	90	1.0830333978485867
2576	100	1.0283247607986723
2576	110	1.036067673645637
2576	120	0.9895326855172641
2577	70	2.474591580011554
2577	80	1.804659442300016
2577	90	1.5951086857974885
2577	100	1.0896317953577914
2577	110	1.0911754594210514
2577	120	1.0530622713630278
2578	70	0.7215476833921096
2578	80	1.1224151156115723
2578	90	0.9347417191477018
2578	100	0.9803481267698558
2578	110	1.0020105724099582
2578	120	1.011315958889582
2579	70	2.2511299561311344
2579	80	2.13220784010011
2579	90	1.7678939316730728
2579	100	1.243177899779452
2579	110	1.1473686966207044
2579	120	1.130992842013576
2580	70	0.353641302788949
2580	80	0.5862626441131285
2580	90	0.7638255696409358
2580	100	0.8652151128243823
2580	110	0.9247027855698668
2580	120	0.9651885498043717
2581	70	1.5334057165589614
2581	80	1.4553748281972567
2581	90	1.5528232740112586
2581	100	1.6077452044284477
2581	110	1.5078501234533483
2581	120	1.4714047934062173
2582	70	1.7667936758663783
2582	80	1.389926570048657
2582	90	1.0504241714770506
2582	100	0.9998071701526383
2582	110	1.0296374444394967
2582	120	1.033208033425865
2583	70	0.3446861670641589
2583	80	0.555052482633255
2583	90	0.7497461856207638
2583	100	0.935510888585886
2583	110	0.9814188562242957
2583	120	1.020197197226227
2584	70	1.7315549354796447
2584	80	1.7707973451790326
2584	90	1.2374305483544814
2584	100	1.0923315542860126
2584	110	1.0463593251452623
2584	120	1.0256749033094756
2585	70	1.2220128623561635
2585	80	1.3385285947907533
2585	90	1.2659661992998545
2585	100	1.2191449399235568
2585	110	1.1902609687296517
2585	120	1.127912404912422
2586	70	0.4634201121727178
2586	80	0.5336032983067924
2586	90	0.8195639915385743
2586	100	0.7668289349949354
2586	110	0.8263421382334577
2586	120	0.8833241827980415
2587	70	1.0299624652817299
2587	80	1.035010600896862
2587	90	1.1260839100820943
2587	100	1.1625819475919257
2587	110	1.1398098980736944
2587	120	1.1357270562201176
2588	70	0.5328807380559181
2588	80	0.5220786410795346
2588	90	0.63611377490137
2588	100	0.7216864312015014
2588	110	0.755675456461957
2588	120	0.7762972322965436
2589	70	0.7609274909464092
2589	80	0.9706419875638558
2589	90	1.0052281860665715
2589	100	0.9113731491391128
2589	110	0.9785945817887602
2589	120	1.0110592124106337
2590	70	1.1708481995153583
2590	80	0.8404080406724003
2590	90	1.0287437384655003
2590	100	1.1704217902694485
2590	110	1.1620325881908355
2590	120	1.1482757364659475
2591	70	0.36045965302628535
2591	80	0.6028071781487496
2591	90	0.826169302324558
2591	100	0.9485855541601474
2591	110	1.0002765829209677
2591	120	1.06252104308091
2592	70	1.2271216826052491
2592	80	1.1832221918354657
2592	90	1.19676654398358
2592	100	1.1121038514306945
2592	110	1.1125088004030872
2592	120	1.0640935859480263
2593	70	0.6087041327389653
2593	80	0.875980365869451
2593	90	0.863246211511985
2593	100	0.9523984703094828
2593	110	1.0142378201366589
2593	120	1.0412443879505593
2594	70	2.048101947668004
2594	80	1.4654883583292915
2594	90	1.321343580550139
2594	100	1.1840017110052454
2594	110	1.140818382110923
2594	120	1.1309081549817583
2595	70	0.4661840342909422
2595	80	0.501915873327306
2595	90	0.6846899338647995
2595	100	0.8146163707549584
2595	110	0.8638283407642321
2595	120	0.9008738609867177
2596	70	1.1726156446281122
2596	80	1.400817561661778
2596	90	1.264211549949337
2596	100	1.0685533696132679
2596	110	1.0111009264593884
2596	120	1.002253239198189
2597	70	0.5489899440249072
2597	80	0.518852980960087
2597	90	0.6393874006355754
2597	100	0.646267969255424
2597	110	0.68381894147965006
2597	120	0.7359561502854396
2598	70	0.7687982927365665
2598	80	0.8808790155629684
2598	90	0.8441439232532076
2598	100	0.9696814662280678
2598	110	1.0051551556360667
2598	120	0.9910272137134017
2599	70	1.1205839209122461
2599	80	0.9512546110054744
2599	90	0.8582216431803384
2599	100	0.8449088930403164
2599	110	0.7958685483080727
2599	120	0.8078418662733896
2600	70	1.7973775328643464
2600	80	1.7867364509338888
2600	90	1.5180744542207
2600	100	1.3667022837179388
2600	110	1.2975034106108927
2600	120	1.1963308942353232
2601	70	0.5318438943818816
2601	80	0.5940774105311213
2601	90	0.6426816726977009
2601	100	0.7692924298253546
2601	110	0.8203398186590117
2601	120	0.8805179543584384
2602	70	0.38044834820059886
2602	80	0.4691489200762368
2602	90	0.6484919260296053
2602	100	0.6592113954037966
2602	110	0.7195414322301115
2602	120	0.7745326054697986
2603	70	0.5687633398443357
2603	80	0.65846824588521
2603	90	0.8478414109717
2603	100	0.8099967252544044
2603	110	0.8747146267902115
2603	120	0.9456284849978378
2604	70	0.5283298140775671
2604	80	0.5432277241484568
2604	90	0.5832713320833884
2604	100	0.6614386656053265
2604	110	0.667026034347113
2604	120	0.7261778779870606
2605	70	0.7077763894101727
2605	80	0.8018593857375343
2605	90	0.7948892983106675
2605	100	0.9371786710811537
2605	110	0.9125102457084225
2605	120	0.90925946655419565
2606	70	0.9120232717947371
2606	80	0.8173530571205329
2606	90	0.916733289033285
2606	100	1.1051059163785368
2606	110	1.1346449449707425
2606	120	1.1543554854492162
2607	70	0.6766753405808633
2607	80	0.8300055657293688
2607	90	1.0629463351761466
2607	100	0.9160959692578259
2607	110	0.9433210350494609
2607	120	0.9601402584629349
2608	70	1.7609679926767627
2608	80	1.9210877949012337
2608	90	1.6248562814846488
2608	100	1.44136492935318
2608	110	1.3781907610606168
2608	120	1.3189461386897268
2609	70	1.3580731597443205
2609	80	1.1069597697932232
2609	90	0.8522699077048891
2609	100	0.7754146179667132
2609	110	0.7907228134790035
2609	120	0.8015863827347192
2610	70	0.5253648888254583
2610	80	0.7764347246502088
2610	90	0.9734930067919025
2610	100	1.0355856910488976
2610	110	1.056880552190778
2610	120	1.0826820344646613
2611	70	0.7035461139427586
2611	80	0.7452811966327142
2611	90	0.9083587449342979
2611	100	1.0592614948001984
2611	110	1.1433155591300297
2611	120	1.1700633876857476
2612	70	1.7609031842706706
2612	80	1.2138358797590225
2612	90	1.0436058040537288
2612	100	0.9679267018840721
2612	110	0.8791654106372115
2612	120	0.8660626020515269
2613	70	0.31926629468999573
2613	80	0.3354530144313826
2613	90	0.42076105216561616
2613	100	0.5853467836568844
2613	110	0.6428551623310347
2613	120	0.685178747110468
2614	70	1.2038268440159532
2614	80	1.3541351447262704
2614	90	1.0253594610492913
2614	100	0.9912670495012533
2614	110	0.9982711024274673
2614	120	0.9634096219615546
2615	70	1.2951604890988824
2615	80	1.5645961261508567
2615	90	1.6263840853867695
2615	100	1.3305160556701272
2615	110	1.3016271885080486
2615	120	1.3014133565396675
2616	70	1.2601129824735768
2616	80	1.065206355999166
2616	90	1.093526483836919
2616	100	1.0879633308902215
2616	110	1.0785436775696786
2616	120	1.0727875613165696
2617	70	0.5644608265676391
2617	80	0.7810469322223582
2617	90	1.0317918847716212
2617	100	0.9818903889503069
2617	110	0.968125940836392
2617	120	1.015219974093759
2618	70	1.3579128384548576
2618	80	1.4847637530955637
2618	90	1.510655927873857
2618	100	1.578290432087023
2618	110	1.5341165627714997
2618	120	1.4470568185071204
2619	70	0.8709769330104603
2619	80	0.8245291086920755
2619	90	0.7882159790877938
2619	100	0.9135530978931651
2619	110	0.8968912194523874
2619	120	0.8820118031891979
2620	70	1.2824532495613579
2620	80	1.170747322328322
2620	90	1.2421187777732723
2620	100	1.3555157549627541
2620	110	1.3298899531946984
2620	120	1.2852429101994596
2621	70	1.6743211564519715
2621	80	1.69628998711411
2621	90	1.4265611988128832
2621	100	1.2843147054871682
2621	110	1.2201869393682736
2621	120	1.1769636412820987
2622	70	1.7008232122900202
2622	80	1.255985956916386
2622	90	1.084502431110296
2622	100	0.9493636801602449
2622	110	0.9263291919005523
2622	120	0.9258550268704863
2623	70	0.8570092719146556
2623	80	1.0723616881589693
2623	90	1.0582638251508163
2623	100	1.0907808212622967
2623	110	1.1267498780826886
2623	120	1.106356008647506
2624	70	2.3359948415688847
2624	80	1.8128790946777567
2624	90	1.1080270819461768
2624	100	0.9192614925289789
2624	110	0.895685417127265
2624	120	0.8444768113181195
2625	70	0.7973517701197712
2625	80	1.0732114199753249
2625	90	0.9377850025852271
2625	100	1.01342611570434
2625	110	1.0150551469219067
2625	120	1.0114135201984233
2626	70	1.12830164999485
2626	80	1.2980323003577747
2626	90	1.2734198154841778
2626	100	1.3266515081158428
2626	110	1.2122331807388151
2626	120	1.1668915784454998
2627	70	2.6207863034478303
2627	80	1.7242961964696373
2627	90	1.4437608090935083
2627	100	1.2557439727693622
2627	110	1.242205703035095
2627	120	1.1761796787861796
2628	70	0.27450891727602944
2628	80	0.471151638979599
2628	90	0.6724682281089173
2628	100	0.8063887066796369
2628	110	0.8424731513838312
2628	120	0.8906599854227825
2629	70	1.9099501686143674
2629	80	1.9042970913357458
2629	90	1.291733720993205
2629	100	1.1478582516369111
2629	110	1.0856044712767294
2629	120	1.0389205007085647
2630	70	0.6908111989527922
2630	80	0.8647417019533284
2630	90	0.9176377104648044
2630	100	0.8977660915653469
2630	110	0.9664057604660145
2630	120	0.9796052314578506
2631	70	1.4253947075617603
2631	80	1.2037542513621156
2631	90	0.9795402676770611
2631	100	1.16193189775017
2631	110	1.196065046385673
2631	120	1.1787267030379076
2632	70	1.3670606847474742
2632	80	1.0028268711165242
2632	90	0.8038910689374776
2632	100	0.838345654887951
2632	110	0.8304594880745995
2632	120	0.8342275141205503
2633	70	2.162012913720691
2633	80	1.6784263214295625
2633	90	1.5925820794942784
2633	100	1.3729377513290575
2633	110	1.2567564324808869
2633	120	1.2006220083330117
2634	70	2.1489535311580257
2634	80	1.70719980753441
2634	90	1.2549993871291487
2634	100	1.0411338315872027
2634	110	1.0391076958555832
2634	120	1.0019624775052438
2635	70	1.3093128140303365
2635	80	1.0648424224847797
2635	90	1.0668846705419603
2635	100	0.9734679382863219
2635	110	0.9954461130140102
2635	120	0.9832344895706787
2636	70	0.848910153003167
2636	80	0.9699251500736369
2636	90	0.8568764061011328
2636	100	0.809962939811978
2636	110	0.8557438362150267
2636	120	0.8866900372640801
2637	70	0.93760509461964
2637	80	0.8610379214258519
2637	90	0.7719713380835788
2637	100	0.7540423743371065
2637	110	0.753030729854075
2637	120	0.7655109079041856
2638	70	0.9494696235803515
2638	80	0.8218100000591099
2638	90	0.9403088736332154
2638	100	0.8811284266962403
2638	110	0.8853789550015673
2638	120	0.9132971701506044
2639	70	1.1313032279648008
2639	80	1.0443121996362492
2639	90	0.9935307882878699
2639	100	1.0870645072958418
2639	110	1.0500220068287267
2639	120	1.06532858151979
2640	70	1.402391504853054
2640	80	1.5202452394571955
2640	90	1.300143648970808
2640	100	1.0991579826998232
2640	110	1.1140824200004433
2640	120	1.0944493261520447
2641	70	0.5058110763855402
2641	80	0.7068227620332346
2641	90	0.6636345297261506
2641	100	0.824370178246729
2641	110	0.8673900123838799
2641	120	0.8891050347304609
2642	70	0.5876316562554751
2642	80	0.7471145063032705
2642	90	0.8651981343242169
2642	100	1.0478012863593964
2642	110	1.0791580543046495
2642	120	1.0839400859244952
2643	70	0.4484623574720716
2643	80	0.5355923835032901
2643	90	0.7219276593962154
2643	100	0.753302880648112
2643	110	0.8308100372430256
2643	120	0.888242882537113
2644	70	1.8955188273324517
2644	80	1.5535795461613007
2644	90	1.4158865826097027
2644	100	1.1568603646167985
2644	110	1.092569504286679
2644	120	1.0510610470083028
2645	70	0.33105385849683466
2645	80	0.6154033065740239
2645	90	0.9979757714394992
2645	100	1.0158935552409483
2645	110	1.0893706611869585
2645	120	1.1669568373600536
2646	70	1.9457272991196237
2646	80	1.4597068576680385
2646	90	1.1437455798280338
2646	100	1.1648197902704793
2646	110	1.1236671060742014
2646	120	1.0947537139682888
2647	70	1.3437463707903792
2647	80	1.1781094473794103
2647	90	0.9418592745073231
2647	100	1.0672648417294028
2647	110	1.018323360759602
2647	120	0.9695693338890657
2648	70	1.1910986314678251
2648	80	0.9407602671295577
2648	90	0.7566295080144348
2648	100	0.7642608726747102
2648	110	0.7590582467715216
2648	120	0.7662383962708733
2649	70	0.484026963407499
2649	80	0.7107484724143162
2649	90	0.9170640874278461
2649	100	0.8317589008645534
2649	110	0.8914336382562338
2649	120	0.9225553057567398
2650	70	2.2445458156117075
2650	80	1.6562996061184336
2650	90	1.1121170843406332
2650	100	1.0710882351260569
2650	110	0.9994779603200172
2650	120	0.9547347391661202
2651	70	1.464532357778612
2651	80	1.030625725740812
2651	90	0.944459797901085
2651	100	0.9625441810616931
2651	110	0.9476305275814745
2651	120	0.9691365884990574
2652	70	0.5823389370590042
2652	80	0.7398841304277969
2652	90	0.7805456694817332
2652	100	0.7748337257712462
2652	110	0.8274464154896205
2652	120	0.8553614122569325
2653	70	0.9582404847957573
2653	80	0.8590735452793815
2653	90	1.1097701371142843
2653	100	1.0988821637591353
2653	110	1.1534048802549792
2653	120	1.1569361235387137
2654	70	0.6086954141477551
2654	80	0.7960213206634739
2654	90	0.9817520759940874
2654	100	1.0830454985640499
2654	110	1.141595661767298
2654	120	1.149423194859574
2655	70	2.6367084145466104
2655	80	2.709087331664926
2655	90	1.721723615770057
2655	100	1.4517166670009012
2655	110	1.3836476507753157
2655	120	1.255617128251249
2656	70	1.3721337886480127
2656	80	1.3901367973109775
2656	90	1.145564928680558
2656	100	1.2027292909766585
2656	110	1.1732634525735643
2656	120	1.1367030805185538
2657	70	1.6034631266949064
2657	80	1.1622425080498369
2657	90	1.0515135171068632
2657	100	0.9476320520368259
2657	110	0.9364303113661147
2657	120	0.9419926347542544
2658	70	0.7199318278312328
2658	80	0.7911412656010276
2658	90	0.8304190823238019
2658	100	0.8769988691076172
2658	110	0.921597749254495
2658	120	0.9485643238015621
2659	70	0.6092625789933727
2659	80	0.8058697387662694
2659	90	0.8757094444841522
2659	100	0.9042972248499203
2659	110	0.953218002231887
2659	120	0.9771772826268772
2660	70	1.2972762222574026
2660	80	1.2988364529554441
2660	90	1.277211647740211
2660	100	1.404171387249905
2660	110	1.3199521817776203
2660	120	1.2764021283510194
2661	70	1.9251983438506433
2661	80	1.3226826573826387
2661	90	1.2859267206237823
2661	100	1.0563654324250753
2661	110	1.0553145219783058
2661	120	1.0435686839841396
2662	70	1.4272276782477367
2662	80	0.994869587596943
2662	90	0.9368903419786528
2662	100	1.0132373762071347
2662	110	0.9991668961709054
2662	120	1.0010143831254625
2663	70	0.6265618068075066
2663	80	0.8600551037168176
2663	90	0.8905905678645007
2663	100	0.8733329686235963
2663	110	0.8994255494896611
2663	120	0.9333086201702057
2664	70	1.3331161239374532
2664	80	1.5196762170746507
2664	90	1.3192095913206547
2664	100	1.1582764899154736
2664	110	1.071592648844363
2664	120	1.0485294861417545
2665	70	1.2643758357135857
2665	80	0.930691311084728
2665	90	0.9880315579470362
2665	100	0.9854399851600405
2665	110	0.9583941390760659
2665	120	0.9447774306106582
2666	70	0.34400141794218986
2666	80	0.5068528835945213
2666	90	0.7202079544185015
2666	100	0.9053730443510563
2666	110	0.9122363866611813
2666	120	0.9805680934447757
2667	70	0.5453986198449327
2667	80	0.5862356645331541
2667	90	0.6486040147981701
2667	100	0.7443784213359959
2667	110	0.8042349232891288
2667	120	0.8681449054390794
2668	70	1.7546430936303699
2668	80	1.2738203819852592
2668	90	1.3434782845852238
2668	100	1.4158305982470378
2668	110	1.2726723567196705
2668	120	1.2233481407281752
2669	70	2.1264154631595478
2669	80	1.668746656178284
2669	90	1.450606136111621
2669	100	1.3015983730695984
2669	110	1.2516130823807259
2669	120	1.2248444476446356
2670	70	1.5348802192046895
2670	80	1.5604225873001496
2670	90	1.628486481701018
2670	100	1.271251054468741
2670	110	1.204416414881997
2670	120	1.1676668202764704
2671	70	1.3594841821257608
2671	80	1.1768822265488355
2671	90	1.0985162172442393
2671	100	0.9861722654665398
2671	110	0.9088452924030344
2671	120	0.8812452180992912
2672	70	1.0514630198214248
2672	80	1.3743398731914873
2672	90	1.5339389388705864
2672	100	1.4163507511844697
2672	110	1.3841772962339216
2672	120	1.3342020241516566
2673	70	0.6185140989663365
2673	80	0.665394398527052
2673	90	0.7781171797296924
2673	100	0.9456159083468982
2673	110	0.9737908886823909
2673	120	0.9889535645732284
2674	70	1.1244147167030478
2674	80	0.9024008540976421
2674	90	0.9531365283567557
2674	100	0.96563592792288
2674	110	1.0150075660941569
2674	120	1.0427496019138185
2675	70	1.1314657602986948
2675	80	0.7733995298769081
2675	90	0.7749019133395155
2675	100	0.9165098305715935
2675	110	0.8860123909624295
2675	120	0.8693472961839566
2676	70	1.060465185188632
2676	80	0.8315999943749228
2676	90	0.7712695981378993
2676	100	0.7307846370183277
2676	110	0.7445107749894813
2676	120	0.7494866144713592
2677	70	0.6596583209749135
2677	80	0.6187321124222894
2677	90	0.7966005141120959
2677	100	0.7907729135757414
2677	110	0.8356003850551299
2677	120	0.8919455848415788
2678	70	0.5589963496312338
2678	80	0.8286839958771997
2678	90	1.0820030115234125
2678	100	1.2220574714568067
2678	110	1.2011766006893148
2678	120	1.2343697914935188
2679	70	0.5253457213293442
2679	80	0.6285805612931695
2679	90	0.6716408432314471
2679	100	0.7615488758468321
2679	110	0.8126538674255143
2679	120	0.8393766205355024
2680	70	0.5525459614739573
2680	80	0.6801614226757882
2680	90	0.7890179250359887
2680	100	0.7590880538052632
2680	110	0.760316917679682
2680	120	0.7833703149154939
2681	70	0.6180911749058167
2681	80	0.784910323154398
2681	90	0.9493647138020949
2681	100	0.891193283654632
2681	110	0.9269674689505597
2681	120	0.9521918142548991
2682	70	1.738024578306117
2682	80	1.485580092562848
2682	90	1.1618443991927507
2682	100	1.0190688058162276
2682	110	0.9880387265360386
2682	120	0.9249175685212789
2683	70	1.3201721045853694
2683	80	1.2684333872204212
2683	90	1.1111832200999034
2683	100	0.9588895568430943
2683	110	0.9711968444829181
2683	120	0.9594545904045733
2684	70	0.5744105812979803
2684	80	0.6576819061823149
2684	90	0.8125304662862504
2684	100	1.0412558165086043
2684	110	1.1301726566060584
2684	120	1.1555659485773142
2685	70	1.1680799385249188
2685	80	0.8941439243961522
2685	90	0.827314507651629
2685	100	0.9894409773825602
2685	110	0.9867917423467729
2685	120	0.9925172540934394
2686	70	2.3114137401743
2686	80	1.82676599399133
2686	90	1.3128056958176408
2686	100	1.4101583587199054
2686	110	1.2518902810786692
2686	120	1.185600205880547
2687	70	0.48581383581492693
2687	80	0.7236717642314908
2687	90	0.8324532200453553
2687	100	0.9479737856320986
2687	110	0.9401320863028148
2687	120	0.9452223001269205
2688	70	1.216815639269481
2688	80	0.9400125991800015
2688	90	0.7236738601033939
2688	100	0.830315100865577
2688	110	0.7969752020290173
2688	120	0.7862013432982433
2689	70	2.486521014724757
2689	80	1.5218779392359
2689	90	1.1930357249263552
2689	100	1.1284071328652099
2689	110	1.1160720785174394
2689	120	1.0945299664246142
2690	70	0.4455365599202403
2690	80	0.4821685207419821
2690	90	0.6596152433929215
2690	100	0.8754557543881114
2690	110	0.9577783670679714
2690	120	1.0259531424080197
2691	70	0.9832154188402008
2691	80	0.9037590606341216
2691	90	0.7908338977503592
2691	100	0.927016531167389
2691	110	0.9214208971663309
2691	120	0.9165666767199979
2692	70	1.1545836928136959
2692	80	1.2157357774355049
2692	90	1.2240043190543135
2692	100	1.3160785334712024
2692	110	1.2518568332816453
2692	120	1.2161932661227102
2693	70	2.0021618542735546
2693	80	1.8975304061160274
2693	90	1.3384764922123122
2693	100	1.0710676239899
2693	110	0.9637989281683517
2693	120	0.9213985859918886
2694	70	0.5968305355153146
2694	80	0.7331591033697522
2694	90	0.9442904505883545
2694	100	1.1148042034269694
2694	110	1.08809647793357
2694	120	1.0861350915277908
2695	70	1.0597505430980694
2695	80	0.9427929290762002
2695	90	1.067761140603105
2695	100	0.9954549112016886
2695	110	1.0225119144128627
2695	120	1.0221188398907797
2696	70	0.8661239799797747
2696	80	0.9043396224427928
2696	90	1.0090239352958696
2696	100	0.8990999343270241
2696	110	0.9222206079277799
2696	120	0.9197581416477701
2697	70	1.6040954858457306
2697	80	1.246867624594099
2697	90	0.9677540806614436
2697	100	0.9428695218766681
2697	110	0.9250418700565394
2697	120	0.8862943442078338
2698	70	0.746687644150292
2698	80	0.9228760582444783
2698	90	1.056967360562595
2698	100	1.0446776933284514
2698	110	1.0743544724805725
2698	120	1.0955640416567216
2699	70	2.3420131983259993
2699	80	1.793292075406151
2699	90	1.3078696744082647
2699	100	1.157856637043719
2699	110	1.1834457940914604
2699	120	1.1458740742735933
2700	70	0.3577969337417808
2700	80	0.6395734466432039
2700	90	0.7967244951718251
2700	100	0.8725396325160291
2700	110	0.9422071968757969
2700	120	0.9590916811083565
2701	70	1.500133529420308
2701	80	0.9699682328859297
2701	90	0.8829203758501895
2701	100	0.8765722039486468
2701	110	0.8863647424295501
2701	120	0.900848292503228
2702	70	1.7830255211993267
2702	80	1.210096139238023
2702	90	1.1639929171050012
2702	100	1.1267433009487953
2702	110	1.0815875225932288
2702	120	1.0739892782748515
2703	70	1.3158510740070457
2703	80	0.911771769798202
2703	90	0.835505510920491
2703	100	0.8017217868720687
2703	110	0.8028349417743719
2703	120	0.8164597706162205
2704	70	0.4611322037891157
2704	80	0.7339795239977019
2704	90	0.9127923324024919
2704	100	1.1242428157781084
2704	110	1.1298148835400321
2704	120	1.1298708792543497
2705	70	0.45803078164810196
2705	80	0.4740211572312754
2705	90	0.6208364783235
2705	100	0.7495283115341431
2705	110	0.7912270623849778
2705	120	0.8307239073942936
2706	70	2.002173749529367
2706	80	1.2837281221946246
2706	90	1.0930361494851184
2706	100	0.9799683255511915
2706	110	0.9453735462950121
2706	120	0.9121277219664279
2707	70	0.5925568410220389
2707	80	0.8929917966731344
2707	90	1.0601730201291197
2707	100	0.9955384538609129
2707	110	0.9554707125514567
2707	120	0.962395572218189
2708	70	0.6289436109611743
2708	80	0.8081128023934036
2708	90	0.8008325004571104
2708	100	0.8428506626763004
2708	110	0.81655164033789
2708	120	0.83613311293105
2709	70	1.3550551181473836
2709	80	1.3287322271746291
2709	90	1.0396241296028026
2709	100	1.0772698388926683
2709	110	1.087855829240325
2709	120	1.0805096562903842
2710	70	1.8788760324994938
2710	80	1.3600467689785816
2710	90	1.2971189680689748
2710	100	1.2166239728246369
2710	110	1.1751552822295244
2710	120	1.1670646852564388
2711	70	1.4007409068178052
2711	80	1.4869930651297296
2711	90	1.2308399046732517
2711	100	1.0541048675371862
2711	110	1.02995043250898
2711	120	1.0054301115720632
2712	70	1.1110547279078453
2712	80	0.9657172783154605
2712	90	0.8880334880160359
2712	100	0.9015698655379221
2712	110	0.9075992387725945
2712	120	0.8922469767200417
2713	70	0.3270990020924665
2713	80	0.46240756543628553
2713	90	0.7536981250194862
2713	100	0.7636287573766835
2713	110	0.7812129869228261
2713	120	0.8035440506572269
2714	70	1.2662132864748459
2714	80	1.2125647044858137
2714	90	1.364363942882695
2714	100	1.0362094490686138
2714	110	0.9857154394752605
2714	120	0.9807348358486087
2715	70	0.6726792468109587
2715	80	0.7938091451808673
2715	90	0.8793831434430522
2715	100	0.9193220795810566
2715	110	0.9552619677624604
2715	120	0.9669763460101276
2716	70	0.5092744404512298
2716	80	0.47497582403682886
2716	90	0.5696091915895264
2716	100	0.7611636479990932
2716	110	0.8345864387877663
2716	120	0.8741391874028122
2717	70	1.7976377630393483
2717	80	1.9573315693571862
2717	90	1.546638544549299
2717	100	1.4196768798216324
2717	110	1.367592493479345
2717	120	1.3423440796975903
2718	70	0.44287223969850853
2718	80	0.5482009627939265
2718	90	0.6589887846717738
2718	100	0.842312945570326
2718	110	0.8969298832932956
2718	120	0.9125876529441569
2719	70	2.7334388144881268
2719	80	1.9769796550593133
2719	90	1.3790081086785975
2719	100	1.0208634577102962
2719	110	1.040271142291415
2719	120	1.0195690178354961
2720	70	1.428243777110104
2720	80	1.15924697181686
2720	90	1.1340113491283543
2720	100	0.9435121843866263
2720	110	0.9427349505751037
2720	120	0.9259321912441077
2721	70	0.33162508610146746
2721	80	0.4226806209868423
2721	90	0.6656326799998135
2721	100	0.8187784014388447
2721	110	0.8885588258001805
2721	120	0.9569016436220921
2722	70	2.4118728593124654
2722	80	2.059565358121758
2722	90	1.4635234272216024
2722	100	1.1678435422993985
2722	110	1.0580260688232228
2722	120	0.9971652424391069
2723	70	1.389586934054283
2723	80	1.4986346009448612
2723	90	1.1395621294446012
2723	100	0.9712059447008786
2723	110	0.9472088860077669
2723	120	0.9306421622308607
2724	70	0.29449485329903796
2724	80	0.509700727579244
2724	90	0.7209352525974315
2724	100	0.785826404354529
2724	110	0.8332117190650866
2724	120	0.8712752544613505
2725	70	1.3858339382676232
2725	80	1.418931901096169
2725	90	1.353795047638329
2725	100	1.1017840104390924
2725	110	1.0478006445577435
2725	120	1.035645260292494
2726	70	1.2573681735822342
2726	80	1.0455375675125609
2726	90	0.9735039461710041
2726	100	0.9297195549785822
2726	110	0.9061226939184989
2726	120	0.9042961139540543
2727	70	1.0311487520393627
2727	80	0.8339418635312215
2727	90	0.8853604416674068
2727	100	1.0379141800324723
2727	110	1.0490986404083267
2727	120	1.0661371192323292
2728	70	1.729427194508291
2728	80	0.9646975911573905
2728	90	0.8125102102859976
2728	100	0.905493976744928
2728	110	0.9121767732571027
2728	120	0.9014607122583896
2729	70	1.5941035045923975
2729	80	1.6297663911129252
2729	90	1.2513501460338605
2729	100	1.3249771929053804
2729	110	1.2781425697624385
2729	120	1.170121810565076
2730	70	0.4305915914014389
2730	80	0.5516244946676958
2730	90	0.7558021229883977
2730	100	0.8915595996049547
2730	110	0.9357711010890241
2730	120	0.9486728038384293
2731	70	0.506484782712456
2731	80	0.7099985671551111
2731	90	1.0074691946539058
2731	100	1.1599000876786456
2731	110	1.1790495854264034
2731	120	1.2203492629602364
2732	70	1.2551397478374215
2732	80	1.3670884378751422
2732	90	1.2041262433468536
2732	100	1.2947758142754788
2732	110	1.21335808505312
2732	120	1.1755653927440697
2733	70	0.9475914566754255
2733	80	0.7751120266293675
2733	90	0.7709218856348667
2733	100	0.8344156506193734
2733	110	0.8505059020259796
2733	120	0.8831490850679066
2734	70	1.4704932644750122
2734	80	1.5043508812961492
2734	90	1.545939125063111
2734	100	1.234141636070342
2734	110	1.182735869845852
2734	120	1.1863039735405805
2735	70	1.277331819035267
2735	80	1.268437423039878
2735	90	1.0925005830827745
2735	100	1.019724289448827
2735	110	0.9806818631957848
2735	120	0.9714755746312158
2736	70	0.919822494254833
2736	80	0.9285606125405124
2736	90	0.8579311008813806
2736	100	0.9059021211130734
2736	110	0.9306890161357083
2736	120	0.9086863702446764
2737	70	0.5426056568504807
2737	80	0.6804630714107792
2737	90	0.9666722388723922
2737	100	0.957602160060012
2737	110	1.0673013316383664
2737	120	1.1186824661164894
2738	70	0.501977309098827
2738	80	0.4719348603843111
2738	90	0.589691589125548
2738	100	0.6123707701235521
2738	110	0.6675037460185027
2738	120	0.7168143937097224
2739	70	0.360746691376523
2739	80	0.5020492792980455
2739	90	0.7114760559651172
2739	100	0.7665840176955446
2739	110	0.772114102544936
2739	120	0.8046456661650037
2740	70	2.4499622027013688
2740	80	1.5103929390305406
2740	90	1.1214028898478643
2740	100	1.049580982260583
2740	110	1.0024573566271715
2740	120	1.002081942383754
2741	70	1.5083633623734112
2741	80	1.453611383657416
2741	90	1.0770289012100007
2741	100	1.1082378238275412
2741	110	1.0698487703166621
2741	120	1.0235992902136999
2742	70	0.43860413630919437
2742	80	0.5297145168766938
2742	90	0.687039150459967
2742	100	0.8873829832132275
2742	110	0.9573980747114124
2742	120	1.0048597063532625
2743	70	2.0551931971174864
2743	80	1.6459121641579009
2743	90	1.5670228740790568
2743	100	1.134594572866802
2743	110	1.0797625155914927
2743	120	1.038229251121752
2744	70	1.7312728495566019
2744	80	1.8570316807589269
2744	90	1.693796482371894
2744	100	1.530745443540146
2744	110	1.4184575978900362
2744	120	1.3693303170335718
2745	70	0.6027943656599851
2745	80	0.8125346661141708
2745	90	1.137783436007805
2745	100	1.1601268377622824
2745	110	1.160796375034625
2745	120	1.1460740910873242
2746	70	1.816576079424778
2746	80	1.95731542372414
2746	90	1.8430145186408822
2746	100	1.5947468581386903
2746	110	1.4785582022299675
2746	120	1.3888159668565874
2747	70	2.3289823874480047
2747	80	1.7893785151136592
2747	90	1.2587074631695205
2747	100	1.2054525301187748
2747	110	1.1047365016859423
2747	120	1.062239364866488
2748	70	0.5883742737511689
2748	80	0.6898240057744992
2748	90	0.9341527229570562
2748	100	1.0215524869243824
2748	110	1.0356826012257916
2748	120	1.0472223021338982
2749	70	0.39995562808942003
2749	80	0.5685931298764488
2749	90	0.7503399553545889
2749	100	0.9335522339960453
2749	110	0.9732998150874631
2749	120	0.9865335996839983
2750	70	0.7240696242418155
2750	80	0.9510950257502375
2750	90	0.8585861470672596
2750	100	0.8498899969379918
2750	110	0.8399436365663973
2750	120	0.8451961584372965
2751	70	1.964624345737497
2751	80	1.836081243255886
2751	90	1.511805760021124
2751	100	1.4297427722597444
2751	110	1.3533631680010931
2751	120	1.2758237016498308
2752	70	2.5329496939628973
2752	80	1.5580621271964843
2752	90	1.2124286384604488
2752	100	0.9604703236736033
2752	110	0.9578404944522464
2752	120	0.9435790895032263
2753	70	1.8510672871550573
2753	80	1.8752891454522507
2753	90	1.6184367500134815
2753	100	1.2387437425909749
2753	110	1.2251051012715968
2753	120	1.1731213728749124
2754	70	1.1353203823245155
2754	80	0.9944475127985736
2754	90	1.0198525575551913
2754	100	1.0344314977339315
2754	110	0.9999747469011324
2754	120	0.9939353436949255
2755	70	1.001681699239425
2755	80	1.102282741974044
2755	90	0.8867082516691321
2755	100	1.029676616013473
2755	110	1.009408642053824
2755	120	0.9781016908008501
2756	70	0.46971024778269604
2756	80	0.7119109845929175
2756	90	0.7979886081037758
2756	100	0.8575918680162012
2756	110	0.9165934846997174
2756	120	0.9404496741566678
2757	70	1.3769100124350464
2757	80	1.0878439824816724
2757	90	0.9112809108635681
2757	100	1.0447632817140344
2757	110	1.0054910364282188
2757	120	1.0089678376840312
2758	70	1.3213873762098336
2758	80	1.0501766118822145
2758	90	0.9635952352789738
2758	100	1.0548199347122809
2758	110	1.0633805478393314
2758	120	1.028244915645664
2759	70	0.3605215438564535
2759	80	0.6495840320430786
2759	90	0.8942998228129905
2759	100	1.0597685673601955
2759	110	1.1612563705844072
2759	120	1.1856697738808772
2760	70	0.595254864825284
2760	80	0.6609997213957745
2760	90	0.7729753848650971
2760	100	0.88463401278295
2760	110	0.9018911725553427
2760	120	0.931097240571441
2761	70	2.541225220009971
2761	80	1.7284957715937288
2761	90	1.2726294608673476
2761	100	0.9193482076636834
2761	110	0.9138540690204707
2761	120	0.89358309963766
2762	70	2.0804354439476196
2762	80	1.2535705395944698
2762	90	0.8895436485468284
2762	100	0.8254748508638033
2762	110	0.827157196286055
2762	120	0.8150429968210933
2763	70	1.268553903594007
2763	80	1.4008307549629477
2763	90	1.5803208624431415
2763	100	1.4470934358289353
2763	110	1.296184346091516
2763	120	1.2425609072329724
2764	70	0.6578221932151243
2764	80	0.8625150098443933
2764	90	0.7919954143929437
2764	100	0.775653890441201
2764	110	0.8113831799844853
2764	120	0.8307645890062875
2765	70	1.377453363341516
2765	80	1.5988984249511464
2765	90	1.393617173519812
2765	100	1.2347721061757135
2765	110	1.1662161286947121
2765	120	1.1262830558369157
2766	70	1.83168550543421
2766	80	1.6082140527616868
2766	90	1.4410220997543028
2766	100	1.307576344585431
2766	110	1.2257821289138906
2766	120	1.1535962762200138
2767	70	1.3205784369436215
2767	80	1.0738553019484518
2767	90	0.9052068934225347
2767	100	0.9464924860646419
2767	110	0.9538795444906351
2767	120	0.9391342995813029
2768	70	1.2817741723271832
2768	80	1.5482116777036188
2768	90	1.2413678629928029
2768	100	1.1445201754583307
2768	110	1.0478058083666233
2768	120	0.9968596116237819
2769	70	1.4435980383847842
2769	80	1.0382292418895476
2769	90	1.1263200885967724
2769	100	0.9988344685035775
2769	110	0.998748455129876
2769	120	0.9927479569061048
2770	70	0.7411252242584114
2770	80	0.6435588399280652
2770	90	0.6456621009684204
2770	100	0.6139158331111946
2770	110	0.6913926276927531
2770	120	0.7326322820194501
2771	70	0.40049872102955636
2771	80	0.4906142308197979
2771	90	0.6899706852949047
2771	100	0.857763157690067
2771	110	0.8869514623986906
2771	120	0.9188441758578412
2772	70	0.5166925288004718
2772	80	0.6186579372012808
2772	90	0.6862289779205674
2772	100	0.7838986613026973
2772	110	0.861516348619036
2772	120	0.8849822383627435
2773	70	0.3805662555627777
2773	80	0.4838142338221496
2773	90	0.5938033455283646
2773	100	0.7651408024336293
2773	110	0.7980210534092465
2773	120	0.8237101718947447
2774	70	1.7900577828570847
2774	80	1.2767063267580185
2774	90	1.2671989834617798
2774	100	1.0982431930806076
2774	110	1.0838548990089016
2774	120	1.0773008548322225
2775	70	2.2711023054520583
2775	80	1.2361615734535398
2775	90	1.1555027427797957
2775	100	1.2273417054422027
2775	110	1.1829124005388956
2775	120	1.1852019934553004
2776	70	0.8592855519204317
2776	80	0.8009618553480774
2776	90	0.9327598617039268
2776	100	1.0965654682841615
2776	110	1.1522703099039961
2776	120	1.1492126230810171
2777	70	2.225713278969789
2777	80	1.2950595305078936
2777	90	1.2417175382859658
2777	100	1.3076557674794977
2777	110	1.2454373912614727
2777	120	1.1967553056385076
2778	70	0.8148552063476991
2778	80	0.802880723230061
2778	90	1.0196592349506972
2778	100	1.1908124980891828
2778	110	1.2231436063069927
2778	120	1.2261205147119354
2779	70	1.0247890922387268
2779	80	1.2292030649738637
2779	90	1.374256100740945
2779	100	1.4294520919725022
2779	110	1.4222277241581303
2779	120	1.3758037810055244
2780	70	0.4731090805029686
2780	80	0.6075740505073403
2780	90	0.6585677845781543
2780	100	0.711654707913166
2780	110	0.738790585489139
2780	120	0.7669440865553646
2781	70	0.8246613289878909
2781	80	0.742150970901498
2781	90	0.7352207965346613
2781	100	0.7627996833024241
2781	110	0.7887603847584714
2781	120	0.829269279681375
2782	70	1.0891348953033262
2782	80	1.2003005815401002
2782	90	1.0854403177345664
2782	100	1.1122896699690852
2782	110	1.059823570155783
2782	120	1.0461716992657137
2783	70	0.33989001464181834
2783	80	0.5142606499635805
2783	90	0.6950139009953962
2783	100	0.8824096683483255
2783	110	0.9263939517527319
2783	120	0.9674361313905689
2784	70	1.4794205019197118
2784	80	1.2534821915331347
2784	90	1.2235415386862454
2784	100	1.3693264431707757
2784	110	1.2876922996179871
2784	120	1.2104645808989964
2785	70	1.7389555682719482
2785	80	1.42922411901019
2785	90	1.4421711797644157
2785	100	1.3135561524032382
2785	110	1.2624796981358921
2785	120	1.1884835211022091
2786	70	0.9951095298614432
2786	80	1.115907874738337
2786	90	1.1493559657382382
2786	100	1.1150079776857955
2786	110	1.1206035880237504
2786	120	1.0869640776175522
2787	70	1.9907408405022706
2787	80	1.3174468077259025
2787	90	1.0576530290197124
2787	100	0.9828834794315257
2787	110	0.9474241128516665
2787	120	0.9461935277618694
2788	70	0.5130134265413597
2788	80	0.7774606511102381
2788	90	0.8263955937155443
2788	100	0.8838382208686827
2788	110	0.9429135420436932
2788	120	0.9664353938941934
2789	70	4.235145023639935
2789	80	1.6627725325789595
2789	90	1.275229848974547
2789	100	1.104425060997807
2789	110	1.0860877086187701
2789	120	1.0435502722375907
2790	70	0.6149773056494559
2790	80	0.6367567961804576
2790	90	0.848946840982022
2790	100	0.9936638661101944
2790	110	1.0739905906920975
2790	120	1.1307139717588248
2791	70	1.698083906780037
2791	80	1.2997348802453417
2791	90	1.2161996625779874
2791	100	1.2637282713814109
2791	110	1.1969444937290294
2791	120	1.158255006227322
2792	70	0.4517532401817561
2792	80	0.7750478826304991
2792	90	0.9709055746346287
2792	100	0.9070674237619731
2792	110	0.9701411397382668
2792	120	0.9842402181910266
2793	70	1.3293551626693572
2793	80	1.318147255957966
2793	90	1.4327425517465175
2793	100	1.1354587830380165
2793	110	1.1506398527268207
2793	120	1.1229823268665107
2794	70	1.5051546527794464
2794	80	1.1425273961774123
2794	90	1.0452653772812166
2794	100	1.198815368651238
2794	110	1.1750747911181563
2794	120	1.1773085713290705
2795	70	0.4298430269901289
2795	80	0.5364855248932283
2795	90	0.746738001002912
2795	100	0.9628215164255342
2795	110	0.9860386001485822
2795	120	1.042244957993009
2796	70	2.869592742854074
2796	80	1.4312368634470796
2796	90	1.1452090353855018
2796	100	1.2175756723458997
2796	110	1.2049504020644728
2796	120	1.159778585714934
2797	70	1.802964011150265
2797	80	1.2490852142072626
2797	90	0.969816066531332
2797	100	0.9318006799307056
2797	110	0.9509954187706421
2797	120	0.9551749008943936
2798	70	1.8930297820962907
2798	80	1.1025284062138323
2798	90	0.9031036086779186
2798	100	0.9082471970248799
2798	110	0.908965760880288
2798	120	0.8884319881798912
2799	70	0.8693071659092989
2799	80	1.1201451864686713
2799	90	1.0761402474270885
2799	100	1.1194642654393647
2799	110	1.1607325255781553
2799	120	1.1620739291011046
2800	70	1.3636806101611734
2800	80	0.9557520304852445
2800	90	0.9157694185510041
2800	100	0.9844135680734551
2800	110	0.9986471889569648
2800	120	1.0105062945238725
2801	70	1.2236383874095187
2801	80	1.3082220865830825
2801	90	1.0641331040707849
2801	100	1.0523210275689172
2801	110	0.977724753197
2801	120	0.9864447575622017
2802	70	2.080100542518493
2802	80	1.5331765005983544
2802	90	1.4454723711400712
2802	100	1.2224703756038116
2802	110	1.1375205466268654
2802	120	1.099716001804175
2803	70	0.40023260917606507
2803	80	0.40630356769413817
2803	90	0.5795957220090998
2803	100	0.7583461000470736
2803	110	0.8135381286397161
2803	120	0.8608554339062414
2804	70	1.2340807820345083
2804	80	1.254197669359221
2804	90	1.0492818537115087
2804	100	1.00359269700187
2804	110	0.9935585555283816
2804	120	0.9552605567671296
2805	70	0.7430827198658332
2805	80	0.9196766067908003
2805	90	1.0486008994990677
2805	100	1.150014055859365
2805	110	1.110986189655009
2805	120	1.100125329965069
2806	70	0.31774905744184184
2806	80	0.5591279403085689
2806	90	0.8645920940411939
2806	100	0.8930076184283504
2806	110	0.90315414466021
2806	120	0.9559260747185798
2807	70	1.645636644055468
2807	80	1.0211255448085916
2807	90	0.8754020793633134
2807	100	0.7998840000363566
2807	110	0.793920411640147
2807	120	0.800316635930364
2808	70	0.4625741141638089
2808	80	0.5203711109998012
2808	90	0.5473475181879739
2808	100	0.7219553723899632
2808	110	0.7409779040497932
2808	120	0.7918237832690304
2809	70	1.8240991954552361
2809	80	1.6658853568289589
2809	90	1.213204198901192
2809	100	1.1059851031173384
2809	110	1.029252977951752
2809	120	1.027820673928718
2810	70	1.422080292805554
2810	80	0.9270971258702206
2810	90	0.7637492810177656
2810	100	0.8128780409901439
2810	110	0.8295722336904237
2810	120	0.8155096871173856
2811	70	0.8699393939772203
2811	80	1.2586127696081857
2811	90	0.9659317220727739
2811	100	0.9516678140206976
2811	110	0.9604450337920489
2811	120	0.9532424087799172
2812	70	0.5246554627485974
2812	80	0.8267773078632613
2812	90	0.999814717476748
2812	100	1.0589269118196345
2812	110	1.0811989734906584
2812	120	1.1092717491617006
2813	70	0.434425709176809
2813	80	0.6891191127794559
2813	90	0.8740919933917743
2813	100	0.7766291532397018
2813	110	0.8306612101763885
2813	120	0.850912340907252
2814	70	3.8818426497698804
2814	80	1.834383836288798
2814	90	1.1956621328856216
2814	100	0.986883178577418
2814	110	0.9464574827478064
2814	120	0.9406136039402448
2815	70	1.3206413280657874
2815	80	0.7802682795553115
2815	90	0.6652657640753659
2815	100	0.6608125424055828
2815	110	0.675911943876593
2815	120	0.6842367685633558
2816	70	1.9966588249373602
2816	80	2.2438110929330524
2816	90	1.6021788968996697
2816	100	1.3672065910560325
2816	110	1.2830869334541755
2816	120	1.1984525412452582
2817	70	0.3665628838835231
2817	80	0.562450163307391
2817	90	0.6395101028469633
2817	100	0.8252315867521919
2817	110	0.8483509436252127
2817	120	0.8846780792150445
2818	70	1.3817831119355677
2818	80	1.0709198997250033
2818	90	0.8986339292061065
2818	100	0.9789011527937057
2818	110	0.9911942863355238
2818	120	0.9786292495192068
2819	70	1.2142055503732145
2819	80	1.4644400147372805
2819	90	1.5731560069097894
2819	100	1.3097051621370512
2819	110	1.2853938613342406
2819	120	1.2214765532157619
2820	70	0.4173391460521281
2820	80	0.46360298458707494
2820	90	0.6064938413688047
2820	100	0.7250700271057441
2820	110	0.7865415671587911
2820	120	0.8127219798240801
2821	70	0.995718750243144
2821	80	0.8358559380240647
2821	90	0.8584705716459402
2821	100	0.9117095402855497
2821	110	0.9047998825404334
2821	120	0.9300176855747516
2822	70	1.0309513727019797
2822	80	0.7071852419312087
2822	90	0.8757723282360099
2822	100	0.9184531813628913
2822	110	0.9666307547245925
2822	120	0.9866688400816076
2823	70	1.946255378729507
2823	80	2.0976081965813744
2823	90	1.6187865228647331
2823	100	1.3811460213162976
2823	110	1.307845882523787
2823	120	1.258099456059266
2824	70	1.6849347429561508
2824	80	1.0483643999097998
2824	90	0.8572986040941478
2824	100	0.8105941842163022
2824	110	0.7849539780905593
2824	120	0.7955854776816349
2825	70	2.3655337080874372
2825	80	1.2474906838985018
2825	90	0.9360982754331065
2825	100	0.887105447020727
2825	110	0.8850282421216806
2825	120	0.8504608485332527
2826	70	1.2375273717172859
2826	80	1.086960888002703
2826	90	1.0908881677934716
2826	100	0.9305868663892536
2826	110	0.9496674529950797
2826	120	0.9727013280517276
2827	70	0.6469078983117071
2827	80	0.6866101262554778
2827	90	0.821301973517947
2827	100	0.8633522123136395
2827	110	0.9333699709808231
2827	120	0.9943428144992102
2828	70	1.2384111838572138
2828	80	1.1941786306814153
2828	90	1.2473186287176694
2828	100	1.0737079367335327
2828	110	1.1021896308348813
2828	120	1.071186729614657
2829	70	1.253854425033995
2829	80	1.2330954686280375
2829	90	1.2430729102376805
2829	100	1.1456939220399265
2829	110	1.0556613918526558
2829	120	0.9952691123021916
2830	70	0.5599998111611737
2830	80	0.6127912456662762
2830	90	0.6006296773345968
2830	100	0.7661962225406762
2830	110	0.8140674919253075
2830	120	0.8370162379349168
2831	70	1.272971458078804
2831	80	1.160287487773517
2831	90	1.1579170332332551
2831	100	1.0702370960025058
2831	110	1.0220620406391154
2831	120	0.995623956770412
2832	70	1.4539079331844453
2832	80	1.1645254241019094
2832	90	0.9429868125889419
2832	100	0.9994184285126378
2832	110	1.0335719998750563
2832	120	1.0307911316609542
2833	70	1.2766958479344275
2833	80	1.3142441243227494
2833	90	1.1036430705184754
2833	100	1.2156793827823131
2833	110	1.2046264392127835
2833	120	1.171488770372506
2834	70	1.5519048723078352
2834	80	1.359133324091471
2834	90	1.3218786656390689
2834	100	1.1884410572740136
2834	110	1.109709038637133
2834	120	1.0409826492941274
2835	70	0.8184787992375852
2835	80	0.9362494360305792
2835	90	0.9617460367533001
2835	100	1.067038820695496
2835	110	1.0384559588721411
2835	120	1.0132968429553824
2836	70	1.2054351370361827
2836	80	0.8772378064611067
2836	90	0.8512301858885758
2836	100	0.9349662049408634
2836	110	0.9072945552979653
2836	120	0.8781751733503969
2837	70	1.7422010313804859
2837	80	1.213719294507941
2837	90	1.0313722708586768
2837	100	1.1499740855564482
2837	110	1.1490504951928648
2837	120	1.140675701540429
2838	70	1.3151539949470101
2838	80	1.556812253860314
2838	90	1.4499416003144898
2838	100	1.4023978142569182
2838	110	1.3205973249840248
2838	120	1.2684484131063654
2839	70	1.4017308119529968
2839	80	1.6294650037560434
2839	90	1.2569815543254577
2839	100	1.0882321269422417
2839	110	1.0582475161453895
2839	120	1.0024904041903246
2840	70	1.8432617258050026
2840	80	1.939812880671049
2840	90	1.3224925631759687
2840	100	1.1043478258379678
2840	110	1.021567810361249
2840	120	0.991978330491701
2841	70	1.0036811609333587
2841	80	1.093495550679058
2841	90	1.2079442643709655
2841	100	1.107598087951632
2841	110	1.150607564384996
2841	120	1.1375497975532785
2842	70	1.2856936836998605
2842	80	0.7721650485685799
2842	90	0.6051736963300806
2842	100	0.6367046774087003
2842	110	0.660601107924829
2842	120	0.6795271624559314
2843	70	0.46523516039886664
2843	80	0.429536605105072
2843	90	0.5957358258225817
2843	100	0.7021215968507301
2843	110	0.7797003189243162
2843	120	0.8375280438253486
2844	70	0.42592989637897094
2844	80	0.5664990483767837
2844	90	0.6435160457912222
2844	100	0.8110308002737069
2844	110	0.8317342762520828
2844	120	0.8478532802430936
2845	70	1.6884944908762825
2845	80	1.7335041153396311
2845	90	1.1893399319202633
2845	100	1.0981757829272156
2845	110	1.0477015934053724
2845	120	1.020552897981226
2846	70	1.607916350778282
2846	80	0.9172766145657293
2846	90	0.8800731359798806
2846	100	0.9290153759655979
2846	110	0.9025462863689906
2846	120	0.9001503349838411
2847	70	1.3521698504276458
2847	80	1.645792816340498
2847	90	1.3207039588579847
2847	100	1.23824330796632
2847	110	1.2195742755067986
2847	120	1.1504178574574548
2848	70	0.804976952396903
2848	80	0.9924629077308681
2848	90	0.9739404527575214
2848	100	0.9892207641368161
2848	110	0.9713469517666633
2848	120	0.9756817682636482
2849	70	1.7154664169032892
2849	80	1.1042517530459786
2849	90	0.9273485257917787
2849	100	0.9470914859931016
2849	110	0.8819969332793932
2849	120	0.8877144685711683
2850	70	0.4903476606014156
2850	80	0.6219194071003887
2850	90	0.8095027872033215
2850	100	0.884325250941269
2850	110	0.9666465960386983
2850	120	0.9968525503314255
2851	70	2.2046794636671136
2851	80	1.2378940119392456
2851	90	1.0876318791224742
2851	100	0.9269622304231279
2851	110	0.8874084443364867
2851	120	0.8501804528587731
2852	70	0.6464390102692938
2852	80	0.7911247757437634
2852	90	0.7688645360470522
2852	100	0.820767371027826
2852	110	0.8590302273540462
2852	120	0.8733587869860396
2853	70	1.2803858389011287
2853	80	1.3645675579040297
2853	90	1.0279334735853585
2853	100	0.9945471182531317
2853	110	1.0217509718685664
2853	120	1.0122759351005979
2854	70	1.9871829672101708
2854	80	1.2267861120240358
2854	90	1.040074424928495
2854	100	1.0545166383405307
2854	110	0.9961358254430046
2854	120	0.9753538888561395
2855	70	3.781819093686608
2855	80	3.8655035115711844
2855	90	1.9724604202991527
2855	100	1.5666615881208947
2855	110	1.43980119080221
2855	120	1.3156126640323456
2856	70	0.6023307589512329
2856	80	0.592592178384851
2856	90	0.7449799600278116
2856	100	0.7550437194600168
2856	110	0.8247555034686144
2856	120	0.8854716969686012
2857	70	1.2158967633008546
2857	80	1.084398239575977
2857	90	1.1042901439777826
2857	100	1.055981745228573
2857	110	1.0684932064516142
2857	120	1.0363782469979013
2858	70	0.27199725889059895
2858	80	0.5068385346904904
2858	90	0.8410835845839426
2858	100	0.9228691977033576
2858	110	0.9310284102825456
2858	120	0.9508691952003211
2859	70	2.1515033691920666
2859	80	2.1769003123050603
2859	90	1.6537873635017704
2859	100	1.1442575277649731
2859	110	1.1049653954567784
2859	120	1.090651832871732
2860	70	1.7928258385494011
2860	80	1.7386984993308596
2860	90	1.6622424746150273
2860	100	1.3929505656201961
2860	110	1.3204201466795362
2860	120	1.2335318123676615
2861	70	2.019438927674801
2861	80	1.3383925882789014
2861	90	0.8725576283410345
2861	100	0.8305754213490586
2861	110	0.8628287087869475
2861	120	0.8663970853128004
2862	70	0.2985895991187953
2862	80	0.4312292382601131
2862	90	0.5699252991613917
2862	100	0.73689821672751
2862	110	0.7962423731648082
2862	120	0.8098636323163058
2863	70	0.5495153947660133
2863	80	0.9290491253760869
2863	90	1.1613393139296742
2863	100	1.1235422714763348
2863	110	1.1815513921814753
2863	120	1.1752797376423005
2864	70	2.491869308000797
2864	80	2.094487675542508
2864	90	1.2810402752124705
2864	100	1.089880054067556
2864	110	1.067879567307632
2864	120	1.0281140498662196
2865	70	1.0372567317440635
2865	80	1.0674922703616703
2865	90	1.0129122755249573
2865	100	0.9848461752690901
2865	110	0.9635170199709013
2865	120	0.9516615336148236
2866	70	1.5328596695043937
2866	80	0.8983712402844126
2866	90	0.8695213550145179
2866	100	0.9395826524306339
2866	110	0.910329894968415
2866	120	0.9166478579462656
2867	70	0.8035800971463739
2867	80	0.7047898620700077
2867	90	0.7755075428246934
2867	100	0.8216562778823534
2867	110	0.8860005971130409
2867	120	0.9065611025080962
2868	70	2.6183169507907267
2868	80	1.7530317377675488
2868	90	1.5255534460320994
2868	100	1.4383672000341416
2868	110	1.3383918510710806
2868	120	1.3077975911436697
2869	70	1.1009774408885529
2869	80	0.6906321838098918
2869	90	0.7397806947544917
2869	100	0.8160850410593844
2869	110	0.8613719875171467
2869	120	0.8940822391639838
2870	70	2.095144315363411
2870	80	1.1435772600869394
2870	90	0.7896935125610575
2870	100	0.8639415959695099
2870	110	0.8465458075769347
2870	120	0.8410829987266562
2871	70	0.4229843131403194
2871	80	0.5979000228535627
2871	90	0.7279708660212317
2871	100	0.8000364307939384
2871	110	0.8200043570732697
2871	120	0.8600610206906334
2872	70	1.184522755759984
2872	80	0.9366499407662109
2872	90	0.9878264379152112
2872	100	0.8997455376078011
2872	110	0.9338046401242023
2872	120	0.9453439635150885
2873	70	1.1480705511192888
2873	80	0.9342460299770388
2873	90	0.8805601387218269
2873	100	0.7809143472929505
2873	110	0.7527588067847506
2873	120	0.7774456961246831
2874	70	1.3929696860908984
2874	80	0.7979483632787715
2874	90	0.8687211679063662
2874	100	0.8646906936738319
2874	110	0.8382893199089619
2874	120	0.8422244440735441
2875	70	0.5098143123456681
2875	80	0.6880671856105965
2875	90	0.9440251732334508
2875	100	1.115121711280456
2875	110	1.1813250940447377
2875	120	1.1797891304773707
2876	70	1.6735136216237025
2876	80	1.4175332698193264
2876	90	1.406818476554179
2876	100	1.3304109645398337
2876	110	1.2348047291348099
2876	120	1.164666910370141
2877	70	3.7184218452838147
2877	80	2.3974092929264765
2877	90	1.5138618692453185
2877	100	1.167027641902207
2877	110	1.1335246808384891
2877	120	1.0701679456256235
2878	70	0.4113976095671388
2878	80	0.5732527386588584
2878	90	0.6724241427221709
2878	100	0.7247130542874349
2878	110	0.7839991560177068
2878	120	0.8041174096115967
2879	70	0.480163663010922
2879	80	0.6269438077976627
2879	90	0.7431956584044292
2879	100	0.800103887010011
2879	110	0.8348727258585952
2879	120	0.8981259362375428
2880	70	0.4713862895980942
2880	80	0.7553561340648139
2880	90	0.8503311342351929
2880	100	1.0538787242100003
2880	110	1.1077849534943172
2880	120	1.1125397771952414
2881	70	0.685533413062364
2881	80	0.7788101599174719
2881	90	0.7401376302508217
2881	100	0.7955650278817736
2881	110	0.8619024515860557
2881	120	0.8975960080698652
2882	70	0.7302996426374082
2882	80	0.9591015977072499
2882	90	0.7673731616653607
2882	100	0.9040443363489922
2882	110	0.8465612845558815
2882	120	0.8451234797090105
2883	70	2.0202629481565264
2883	80	1.8877275706972052
2883	90	1.4168610616483313
2883	100	1.2172166054477918
2883	110	1.1216674708863974
2883	120	1.0789722986760473
2884	70	2.1468637352702475
2884	80	1.9959451915933568
2884	90	1.6249389540990948
2884	100	1.2480263528163063
2884	110	1.1392892813158493
2884	120	1.0825425999269382
2885	70	0.649754747782446
2885	80	0.7096905257989137
2885	90	0.671062109598805
2885	100	0.7734360703091745
2885	110	0.7816132343530517
2885	120	0.7963818603554249
2886	70	2.0780909161270396
2886	80	2.1242662375246804
2886	90	1.6997512340426577
2886	100	1.539394894098587
2886	110	1.36161407052761
2886	120	1.2893880913971563
2887	70	1.7896702825239716
2887	80	1.3704026530781388
2887	90	1.060650504035676
2887	100	1.1880732924096782
2887	110	1.1135959906860946
2887	120	1.074899778557991
2888	70	1.2847544283548928
2888	80	0.8935969016862593
2888	90	0.9001068337304047
2888	100	0.8330399927653253
2888	110	0.8844192702855515
2888	120	0.9074341009551082
2889	70	2.74097882106857
2889	80	1.6895260663295872
2889	90	1.3190190015163277
2889	100	0.9640908105698898
2889	110	0.9308528606649938
2889	120	0.9180275721122764
2890	70	0.42135945169444067
2890	80	0.6180379741764044
2890	90	0.7353686867094734
2890	100	0.7791324290303506
2890	110	0.8396559677112235
2890	120	0.8669000468568934
2891	70	2.0062571710571606
2891	80	0.9979251917765841
2891	90	0.8057500568916008
2891	100	0.8042390440346129
2891	110	0.8228809990947626
2891	120	0.8195658383897317
2892	70	1.3359591061034617
2892	80	1.0637931078296448
2892	90	0.8612739685479239
2892	100	0.8783759819961358
2892	110	0.8806724027659111
2892	120	0.8689584118820546
2893	70	0.47194605657660427
2893	80	0.6654641238521968
2893	90	0.7972151717858659
2893	100	0.9336856748274387
2893	110	0.9754588894148706
2893	120	1.0104661941117363
2894	70	0.4812836628745097
2894	80	0.5185746074477021
2894	90	0.578886738764037
2894	100	0.74990487647547
2894	110	0.7978470222982141
2894	120	0.841455833671414
2895	70	1.2795611393344184
2895	80	1.1761447286826814
2895	90	1.0908271748119769
2895	100	1.1841947212649635
2895	110	1.0954045811755484
2895	120	1.0539911300070188
2896	70	0.46845621622824585
2896	80	0.7985923708231841
2896	90	1.0724435054552366
2896	100	1.2890928403695767
2896	110	1.2499329187057926
2896	120	1.2395355589176544
2897	70	2.0021807136525367
2897	80	1.6449039618737353
2897	90	1.523560572012385
2897	100	1.5996974319987176
2897	110	1.554237446774449
2897	120	1.4232279610058571
2898	70	1.0530897776183283
2898	80	0.9176913600162369
2898	90	0.8767505252702321
2898	100	0.898942484150658
2898	110	0.9117881225481496
2898	120	0.8918157273755429
2899	70	1.1633227605569023
2899	80	0.9790654348691753
2899	90	1.014283033357123
2899	100	1.057246029161093
2899	110	1.0046629923431005
2899	120	1.0262129164033627
2900	70	0.6582938916974466
2900	80	0.6895486856820137
2900	90	0.6674129989216071
2900	100	0.6851760956924718
2900	110	0.7559242517700471
2900	120	0.8118397195728027
2901	70	0.49231751661933165
2901	80	0.594117096932132
2901	90	0.6689583556275042
2901	100	0.8150073374078401
2901	110	0.8249286279691668
2901	120	0.8371345586806587
2902	70	2.104409406314893
2902	80	2.0416438275808937
2902	90	1.7689998962746982
2902	100	1.3721146995354938
2902	110	1.218340042625663
2902	120	1.183455517266631
2903	70	0.42869613571187687
2903	80	0.5198705724989163
2903	90	0.7256166931865269
2903	100	0.9324249430658876
2903	110	1.0015445057757681
2903	120	1.056900739636438
2904	70	0.3865455218137738
2904	80	0.4685767744918896
2904	90	0.5700165534354994
2904	100	0.7277777124769219
2904	110	0.7632003105535206
2904	120	0.8007411946896686
2905	70	1.883371691015418
2905	80	1.3182122383807686
2905	90	0.8961658551446015
2905	100	0.9579743898054138
2905	110	0.95987072189715406
2905	120	0.955431746107748
2906	70	1.0618731430766473
2906	80	1.1116025016732296
2906	90	1.0122710228305047
2906	100	1.1254111989678934
2906	110	1.096860711389273
2906	120	1.0479250723796358
2907	70	0.28716026377700443
2907	80	0.5123236305263448
2907	90	0.7581607026716426
2907	100	0.8812205192996119
2907	110	0.9471712156066702
2907	120	0.9842947371663069
2908	70	0.41567555027090036
2908	80	0.6692870945286936
2908	90	0.8579446603733619
2908	100	0.782009948876702
2908	110	0.7968935924342774
2908	120	0.8582517630335743
2909	70	0.6018901422225199
2909	80	0.832968186993887
2909	90	0.8151723769936235
2909	100	0.8479617649911784
2909	110	0.8483523505552195
2909	120	0.8648016716237295
2910	70	0.4870060263679719
2910	80	0.48290558937509737
2910	90	0.6612994471249537
2910	100	0.7591397840598694
2910	110	0.7655777339458205
2910	120	0.8008023803995016
2911	70	1.672937490006636
2911	80	0.9820608403411818
2911	90	0.886893336430686
2911	100	0.8725779739805902
2911	110	0.8339078556403114
2911	120	0.8408872929758745
2912	70	0.5748731786469684
2912	80	0.6904716973249124
2912	90	0.6759762647917859
2912	100	0.7829587102292823
2912	110	0.799773730241219
2912	120	0.8450824503639026
2913	70	1.3041530212150165
2913	80	0.8328113613423854
2913	90	0.7640224018044113
2913	100	0.7692294272919561
2913	110	0.7926762103646426
2913	120	0.8128799995944668
2914	70	1.6941222292277665
2914	80	1.2714529017893672
2914	90	0.9217477112429681
2914	100	0.9677779198855577
2914	110	0.9795644827578266
2914	120	0.9751212994344909
2915	70	0.5340137014209754
2915	80	0.6767906899284638
2915	90	0.8676470277422015
2915	100	1.0542077794664109
2915	110	1.1178500237400388
2915	120	1.114950293181695
2916	70	0.6269205109822562
2916	80	0.7742690611734554
2916	90	0.865307393346011
2916	100	0.8413523479455527
2916	110	0.8925663432751771
2916	120	0.9077706731438244
2917	70	0.8824247494480413
2917	80	0.900607245618999
2917	90	0.9411548753578332
2917	100	1.0810649905516783
2917	110	1.047047271433789
2917	120	1.0344858931743834
2918	70	0.7724438882181256
2918	80	1.074255570705162
2918	90	1.3461220844376127
2918	100	1.2933374396500943
2918	110	1.2386298712592574
2918	120	1.2353535129911692
2919	70	0.5050389110049021
2919	80	0.6854146505766202
2919	90	0.8653152601952818
2919	100	0.9020796673419501
2919	110	0.969873850438808
2919	120	1.0221577791762473
2920	70	2.361812805591403
2920	80	1.8997138751911031
2920	90	1.5274383623893444
2920	100	1.425053636423832
2920	110	1.2850501899868445
2920	120	1.2149259309511502
2921	70	2.329359093942175
2921	80	1.7879613720561967
2921	90	1.6385229429477648
2921	100	1.208597464475887
2921	110	1.2066397527905632
2921	120	1.1562299803220635
2922	70	0.32178397383470814
2922	80	0.3773920569867895
2922	90	0.5535231989505829
2922	100	0.6414747413807778
2922	110	0.694230094581795
2922	120	0.7406212004897545
2923	70	1.1923406770943032
2923	80	1.2994628650059419
2923	90	1.2403737222744595
2923	100	1.040115511285012
2923	110	1.0125102163569761
2923	120	1.0000207262453351
2924	70	1.236854574337678
2924	80	1.0431622235970937
2924	90	0.9223699770343298
2924	100	1.0220705246601829
2924	110	1.0132251659960831
2924	120	1.0173777210694026
2925	70	1.1036398834549017
2925	80	0.7764624979887693
2925	90	0.9239931730109767
2925	100	0.9366584058815153
2925	110	0.9481092378297051
2925	120	0.9821236239966035
2926	70	1.167556285278873
2926	80	1.0026733112001966
2926	90	1.0064456972789522
2926	100	0.9826887790056826
2926	110	0.9169076604508116
2926	120	0.9204903422639774
2927	70	1.398856423528845
2927	80	1.3363898370783682
2927	90	1.125472605661809
2927	100	1.010250393765711
2927	110	0.9630109156668223
2927	120	0.927270779097891
2928	70	2.934981565467169
2928	80	2.12029509484081
2928	90	1.593905207478472
2928	100	1.430977070919251
2928	110	1.3236313208417028
2928	120	1.2076685885996894
2929	70	2.027878819084682
2929	80	2.012380585570007
2929	90	1.8089297279826877
2929	100	1.3211001689423894
2929	110	1.2285751727893324
2929	120	1.161732102678823
2930	70	1.8531661890351434
2930	80	1.4121025414029826
2930	90	1.244585499535969
2930	100	1.1901986951963834
2930	110	1.1540027072050005
2930	120	1.1156622600641333
2931	70	0.8613914494608563
2931	80	0.8973068237458189
2931	90	0.8923693280556814
2931	100	0.9767675435075934
2931	110	0.963073260637651
2931	120	0.9350094655008695
2932	70	0.7093673902647842
2932	80	0.6146477751102154
2932	90	0.6989429093427451
2932	100	0.8401327894243342
2932	110	0.8722619899962845
2932	120	0.9072952535870665
2933	70	1.6380404107083735
2933	80	1.1232771964783406
2933	90	1.0324984819583625
2933	100	0.9662985532589918
2933	110	0.9393310442543137
2933	120	0.9622323665579008
2934	70	1.0644942855601078
2934	80	0.9460814702105153
2934	90	0.9401353109248589
2934	100	0.9662709490064505
2934	110	0.9514022917981247
2934	120	0.9115876531781902
2935	70	1.7376037914496925
2935	80	1.81422608084503
2935	90	1.3141463543476717
2935	100	1.1393482510018675
2935	110	1.073377853784616
2935	120	1.0386257423929517
2936	70	1.3260671924877776
2936	80	1.1381383519668429
2936	90	1.1613890966445508
2936	100	1.230790918542365
2936	110	1.2647862770647658
2936	120	1.245661829124006
2937	70	1.5055493793227723
2937	80	1.0293365144731486
2937	90	1.0259927593201559
2937	100	1.1629212150989916
2937	110	1.209024704685245
2937	120	1.2216047552863272
2938	70	0.6722374367182706
2938	80	1.065397210988834
2938	90	1.0423942804086201
2938	100	1.1423860916539437
2938	110	1.1550192359967
2938	120	1.152950021531885
2939	70	0.6474697727220372
2939	80	0.6048918843557459
2939	90	0.6729769354501351
2939	100	0.806849637607414
2939	110	0.8876263268675822
2939	120	0.9202239729911699
2940	70	0.5170818184203009
2940	80	0.6787759591134572
2940	90	0.8126957753885481
2940	100	0.8738516592749169
2940	110	0.8968926457307717
2940	120	0.900904189882291
2941	70	1.706941816129633
2941	80	1.4741501660123235
2941	90	1.381312148191263
2941	100	1.3522833931320266
2941	110	1.2318363381036663
2941	120	1.1622114182248096
2942	70	0.6954403956290246
2942	80	0.7834238213051463
2942	90	0.7569608446526948
2942	100	0.8370480732852993
2942	110	0.8957448428199225
2942	120	0.9203857095720929
2943	70	1.1463888629964005
2943	80	0.9836613226365487
2943	90	0.9329713628520796
2943	100	0.9140082740036227
2943	110	0.8919540898439868
2943	120	0.8789882276509089
2944	70	0.9127719955987316
2944	80	0.9244630926718234
2944	90	0.8521267553390316
2944	100	0.8837473967258576
2944	110	0.8879726285850198
2944	120	0.885916540091516
2945	70	0.34343289433128904
2945	80	0.5835052180214554
2945	90	0.8665304990573365
2945	100	0.9709366390263237
2945	110	1.0902993460099963
2945	120	1.1531042819631767
2946	70	0.4236851558118401
2946	80	0.646926625181766
2946	90	0.6015196169652459
2946	100	0.5631817965998417
2946	110	0.5844277918865571
2946	120	0.6297452085666209
2947	70	1.0585688896287575
2947	80	1.2493574647023034
2947	90	1.1258219357093522
2947	100	1.1335704920642418
2947	110	1.0882017713013665
2947	120	1.0681139594138167
2948	70	1.5066968249176418
2948	80	1.6762253998997694
2948	90	1.337639808970349
2948	100	1.3445254378913734
2948	110	1.2514134279889115
2948	120	1.1722764718487022
2949	70	1.1220542107865008
2949	80	0.8379821891849657
2949	90	0.7483026064467271
2949	100	0.7198614266110417
2949	110	0.7509167935371874
2949	120	0.7494691059219841
2950	70	1.5693134684264134
2950	80	1.094698264061651
2950	90	1.1548880959684034
2950	100	1.277365675269344
2950	110	1.2019421678346935
2950	120	1.1921821969195296
2951	70	1.9544357608490979
2951	80	2.1090014471942187
2951	90	1.3871154970968795
2951	100	1.1683700329455724
2951	110	1.1138233389264616
2951	120	1.0664983872241414
2952	70	1.121928541814392
2952	80	0.9654452465968659
2952	90	0.8783065775144339
2952	100	0.9876808796382036
2952	110	0.9612776309468848
2952	120	0.9407305564711997
2953	70	0.28844193811314023
2953	80	0.52007498385789
2953	90	0.6578886739532257
2953	100	0.7406935293645975
2953	110	0.8181854297666183
2953	120	0.8554133361606422
2954	70	1.215375691933046
2954	80	1.2352949149015087
2954	90	1.187857346522839
2954	100	0.9756770687977192
2954	110	0.9531212709199748
2954	120	0.9323285190415278
2955	70	0.8463183307886684
2955	80	0.7843093085043699
2955	90	0.9243986765411377
2955	100	0.8038692768042908
2955	110	0.8672962343418071
2955	120	0.8850767722674813
2956	70	0.5445871711172967
2956	80	0.6014552321800222
2956	90	0.63645005352361
2956	100	0.7137357792742985
2956	110	0.7315619072895756
2956	120	0.7653762818889079
2957	70	0.5170844652115089
2957	80	0.8791111872206269
2957	90	1.0394984046610556
2957	100	1.193908039921631
2957	110	1.2200964480727314
2957	120	1.2194570957441038
2958	70	1.6296950834696817
2958	80	1.1214530473746562
2958	90	0.8631927311018732
2958	100	0.8905653335564198
2958	110	0.9098258954808819
2958	120	0.9156480653094493
2959	70	0.5663080478895829
2959	80	0.6869676322572663
2959	90	0.6672056644729811
2959	100	0.8058678157474871
2959	110	0.8247438433287623
2959	120	0.8180177755202441
2960	70	3.1414522494307358
2960	80	1.672724395714989
2960	90	1.435586031892119
2960	100	1.1185551670482965
2960	110	1.0761875892179271
2960	120	1.0324549268542427
2961	70	1.2035912894968117
2961	80	0.8930498131387835
2961	90	0.8380583325031431
2961	100	0.8467754199034779
2961	110	0.8659004883334164
2961	120	0.9105042549116319
2962	70	0.6309336652920999
2962	80	0.7067128463709295
2962	90	0.5871234519343362
2962	100	0.6347618210954159
2962	110	0.6523575990320475
2962	120	0.6703017013205358
2963	70	0.8957248254011755
2963	80	1.1018926904444117
2963	90	0.9627281831224772
2963	100	0.986109850308704
2963	110	0.9874095030782045
2963	120	1.014337206070558
2964	70	2.0881364094515917
2964	80	1.818838527970669
2964	90	1.0755741406861694
2964	100	1.0311381187275552
2964	110	0.9857676693160332
2964	120	0.9578506001324404
2965	70	1.395202943255188
2965	80	1.2495313288070469
2965	90	0.8840934926085838
2965	100	0.8103816476133304
2965	110	0.8006755340284263
2965	120	0.7993755888453153
2966	70	3.2799987676358056
2966	80	1.5016559716732554
2966	90	1.2160695984604655
2966	100	1.2189439508287303
2966	110	1.1644257445622406
2966	120	1.1326165380346582
2967	70	1.2560037131053774
2967	80	1.0177769073978615
2967	90	0.9222512206860942
2967	100	0.9151159211592319
2967	110	0.9455814003929662
2967	120	0.9289382317340629
2968	70	0.9593965356708778
2968	80	0.8594049036868093
2968	90	0.8275740774501906
2968	100	0.7783130600795211
2968	110	0.7862481175482795
2968	120	0.8061028029275042
2969	70	0.9906960521510765
2969	80	1.0901168930870495
2969	90	1.112555174085608
2969	100	0.9961972711654923
2969	110	1.0015915928756842
2969	120	0.9909490401072228
2970	70	0.5332025089382316
2970	80	0.8751963652871735
2970	90	1.1494423832958842
2970	100	1.0762048596533393
2970	110	1.0818911876511983
2970	120	1.0869804666153913
2971	70	0.9058377520179227
2971	80	1.258091124813835
2971	90	1.0997121454986096
2971	100	1.049553994274507
2971	110	1.0246200923897313
2971	120	1.006136463553011
2972	70	1.5094272333666403
2972	80	0.9975204080090884
2972	90	0.8894148058148909
2972	100	0.8150931503056553
2972	110	0.8152076818355124
2972	120	0.7975828801000144
2973	70	0.5597339813557709
2973	80	0.9451673400637968
2973	90	1.0738982890711424
2973	100	1.0055095725206458
2973	110	0.9841402375729872
2973	120	0.9895995779880827
2974	70	1.4721219450212446
2974	80	1.4891774087086525
2974	90	1.3300213794245324
2974	100	1.3481287688706227
2974	110	1.2736073795048357
2974	120	1.2307158292055138
2975	70	0.9336603464306101
2975	80	0.9503857844413739
2975	90	1.137185369076604
2975	100	1.2707324207192916
2975	110	1.18873157565144
2975	120	1.1878460991300328
2976	70	0.40072544683446565
2976	80	0.5925698010186223
2976	90	0.7531397480939421
2976	100	0.9458473215233056
2976	110	0.9796475077138171
2976	120	1.0073229205887295
2977	70	0.5620434916650293
2977	80	0.826401046545144
2977	90	1.243571861028251
2977	100	1.1482650485842616
2977	110	1.1741210119489012
2977	120	1.1762851596029589
2978	70	0.6367817254273377
2978	80	0.8572974012460713
2978	90	0.9442571014797919
2978	100	0.8823155742096702
2978	110	0.8827658603035721
2978	120	0.9085709673462852
2979	70	2.825504204378822
2979	80	1.8358500288659434
2979	90	1.1651071453780497
2979	100	0.9994072606945404
2979	110	0.9485269583557566
2979	120	0.9173094508729732
2980	70	0.5301926182535046
2980	80	0.8401714240597217
2980	90	1.0862905240964975
2980	100	0.9502159664298107
2980	110	0.9799226393323918
2980	120	0.9955781844418432
2981	70	0.32818848198048944
2981	80	0.4958518482525073
2981	90	0.6782552305300676
2981	100	0.7929603711275763
2981	110	0.8422747121118298
2981	120	0.8801523521843073
2982	70	1.508262112037734
2982	80	1.1280147526703765
2982	90	0.8408612233045798
2982	100	0.8833283698509717
2982	110	0.879278201665051
2982	120	0.8595337679952868
2983	70	0.6000891826434304
2983	80	0.9395386671636954
2983	90	1.1076629643900877
2983	100	1.3190502700600157
2983	110	1.3325231193704856
2983	120	1.3137614850004575
2984	70	1.7118562335902652
2984	80	2.121449289064848
2984	90	1.966206269529981
2984	100	1.7171047259991152
2984	110	1.6426385050485817
2984	120	1.5221007339058477
2985	70	0.8641548378243625
2985	80	0.8889911795719242
2985	90	0.7969758203296793
2985	100	0.7975111633872132
2985	110	0.7849702443195525
2985	120	0.7956751050449985
2986	70	0.6422279651378544
2986	80	0.5632253131249446
2986	90	0.6721041291269328
2986	100	0.7879877860474461
2986	110	0.8586003102482551
2986	120	0.8856370057237749
2987	70	2.7519847082205073
2987	80	2.366390182381786
2987	90	1.7133206147081699
2987	100	1.3613841993214468
2987	110	1.2988437711090506
2987	120	1.222951145151756
2988	70	0.5986126593650932
2988	80	0.831884592197
2988	90	0.8210494827336068
2988	100	0.8541143475182709
2988	110	0.8870670109365203
2988	120	0.889945008096987
2989	70	0.646020449231461
2989	80	1.0478305453438006
2989	90	1.1560235593307226
2989	100	1.0992896348620043
2989	110	1.1632270028496599
2989	120	1.1786661984873468
2990	70	1.2081617099980275
2990	80	1.0076169172765101
2990	90	1.1628216208682474
2990	100	1.1027546904094134
2990	110	1.1294414047333807
2990	120	1.109716937023332
2991	70	1.5716635729212125
2991	80	1.2306396246293925
2991	90	1.1756267283713615
2991	100	1.0307992989246242
2991	110	1.002695147200861
2991	120	0.9645265389256579
2992	70	0.5606786442768703
2992	80	0.6200188825662805
2992	90	0.6911281455372976
2992	100	0.8991962608324932
2992	110	0.944254984294597
2992	120	0.9863211959258891
2993	70	1.2300334536974682
2993	80	0.8177258303942417
2993	90	0.7977566801369966
2993	100	0.7872126040712595
2993	110	0.7941975906791449
2993	120	0.8076726424223148
2994	70	1.6249892787556006
2994	80	1.261211369804897
2994	90	1.2408092406483766
2994	100	1.1482871069328435
2994	110	1.121091509268033
2994	120	1.1132825736643903
2995	70	1.53558620132803
2995	80	1.3343037148400623
2995	90	0.996693517480645
2995	100	1.0825590570395902
2995	110	1.0489770612739953
2995	120	0.9764718667137023
2996	70	0.9787337812032442
2996	80	1.0925764342834743
2996	90	0.8337588220106661
2996	100	0.8952169369227138
2996	110	0.9485600572445636
2996	120	0.942887623928662
2997	70	1.0233740254291093
2997	80	0.9236201287154941
2997	90	0.9698515582499831
2997	100	0.9378952816008002
2997	110	0.9874093928648071
2997	120	1.0019539544310023
2998	70	0.9353473178046147
2998	80	1.1198561785230763
2998	90	1.1012578599613327
2998	100	1.2116907423476497
2998	110	1.165199227647264
2998	120	1.1264232507574896
2999	70	1.9331826528539822
2999	80	1.6883793032175374
2999	90	1.1565755992148201
2999	100	0.9954753143987449
2999	110	0.9500263327014606
2999	120	0.9319670519509944
3000	70	2.069927099694971
3000	80	1.459534953626404
3000	90	1.4166529649616517
3000	100	1.3064390263471333
3000	110	1.1900725849201683
3000	120	1.186455123932205
3001	70	0.44117824228772584
3001	80	0.7469851886983737
3001	90	1.0378158654989222
3001	100	1.078795742102366
3001	110	1.098057847167959
3001	120	1.125061736557609
3002	70	2.2258553579827693
3002	80	2.0874600787218816
3002	90	1.570855724951731
3002	100	1.2950134673080278
3002	110	1.1375449556308175
3002	120	1.080763634255561
3003	70	0.443093571797609
3003	80	0.7430245304197365
3003	90	0.8557213624364588
3003	100	0.9619579910260017
3003	110	1.0307879556686805
3003	120	1.0589279652353287
3004	70	0.6895946536783609
3004	80	0.6137091011826628
3004	90	0.7070744938523505
3004	100	0.790635262034218
3004	110	0.8221538453220637
3004	120	0.8460758797906872
3005	70	0.6299782921668093
3005	80	0.6738314216009393
3005	90	0.7610868043586716
3005	100	0.8926983227528941
3005	110	0.9230903362337501
3005	120	0.9327830355896712
3006	70	0.39429489678344737
3006	80	0.5473751581805746
3006	90	0.7018349032504948
3006	100	0.8558603502304949
3006	110	0.8772869936484399
3006	120	0.8968741677931971
3007	70	1.5991931502365513
3007	80	1.3736598296388998
3007	90	1.2638666861478067
3007	100	1.1506137311282385
3007	110	1.180980795909485
3007	120	1.148002540114212
3008	70	0.4501929401063962
3008	80	0.5994300729124212
3008	90	0.8541615095682509
3008	100	0.82554326193071
3008	110	0.8611392235873201
3008	120	0.901319871321912
3009	70	2.5775178910262015
3009	80	1.620229771101836
3009	90	1.434972111833692
3009	100	1.1738926892654697
3009	110	1.0561126475232983
3009	120	1.0328676408052666
3010	70	1.0071705202586472
3010	80	0.6962675580136746
3010	90	0.6691039675408381
3010	100	0.7766103903079081
3010	110	0.8164474041165717
3010	120	0.8232620233593997
3011	70	1.884840614176129
3011	80	1.479017987232535
3011	90	1.0734767540889945
3011	100	1.0514460221272994
3011	110	1.0513663372450037
3011	120	1.0160521477443052
3012	70	1.1935298876922484
3012	80	1.1457623400812493
3012	90	1.027787227509005
3012	100	1.0261197204071013
3012	110	1.0044376993383959
3012	120	0.9870814437336449
3013	70	1.6800363597176524
3013	80	1.401995334036828
3013	90	1.2133671465083251
3013	100	1.2022224610263745
3013	110	1.1280690998215384
3013	120	1.088235953818168
3014	70	1.2064355434431522
3014	80	1.3123553335480125
3014	90	1.2505173998123864
3014	100	0.9893908226853068
3014	110	1.0161532245788587
3014	120	1.020838610339051
3015	70	0.8226524756429964
3015	80	0.9099068568116706
3015	90	0.8355707409595485
3015	100	0.8388187534760252
3015	110	0.8819196536548904
3015	120	0.8851941771250471
3016	70	0.5094310891383252
3016	80	0.8694324199803142
3016	90	1.0473554150643516
3016	100	1.173729408548801
3016	110	1.1471135006519118
3016	120	1.167220005894864
3017	70	4.219130656675377
3017	80	1.8673443141778798
3017	90	1.4988245889096177
3017	100	1.056100620519888
3017	110	0.9840024976259579
3017	120	0.9696992879559023
3018	70	1.1624835621611014
3018	80	0.9123323999262871
3018	90	0.9937174864160275
3018	100	1.0162820057917838
3018	110	0.9463143913130216
3018	120	0.9588667467408482
3019	70	1.3725516937746223
3019	80	0.935378219340268
3019	90	0.990539604137761
3019	100	1.0378467553880324
3019	110	1.0568249637814175
3019	120	1.0894598718970474
3020	70	2.0636647990500805
3020	80	1.1609313425595946
3020	90	0.8916038503914566
3020	100	0.9008588937128451
3020	110	0.858689580536065
3020	120	0.8406344427843792
3021	70	0.4925484926458717
3021	80	0.5926999374576253
3021	90	0.8000143603868463
3021	100	0.8556280336240941
3021	110	0.8689307747478041
3021	120	0.9257380365792124
3022	70	0.591523625685541
3022	80	0.6643608596461058
3022	90	0.7140682845828161
3022	100	0.7324579460843862
3022	110	0.8037016560928097
3022	120	0.8572714406972862
3023	70	0.6354876581365894
3023	80	0.6094946854234475
3023	90	0.8895043571741461
3023	100	0.8848445507698293
3023	110	0.9573218606876012
3023	120	0.966287380024527
3024	70	1.03942036634678
3024	80	0.9000575541104582
3024	90	1.0266599913838181
3024	100	0.9462408745694945
3024	110	0.9897965958586629
3024	120	1.0220509409606748
3025	70	0.5867845860962673
3025	80	0.735413253684166
3025	90	0.91526037613892
3025	100	1.1282525849020835
3025	110	1.1371748818863423
3025	120	1.1295804911922893
3026	70	0.5627602519066593
3026	80	0.6327646979484348
3026	90	0.8996013744539377
3026	100	0.9524835124973123
3026	110	0.9616955489666166
3026	120	1.0060194105604487
3027	70	1.1697196642456487
3027	80	0.7274481054505705
3027	90	0.7492923873413803
3027	100	0.8732755786933716
3027	110	0.8908822860141044
3027	120	0.8954465142667496
3028	70	0.46456707899960625
3028	80	0.5661245086995571
3028	90	0.7581372552075042
3028	100	0.9059864631933494
3028	110	0.931109227076975
3028	120	0.9535454347497752
3029	70	0.5833725012451686
3029	80	0.8823637797956227
3029	90	1.1131000232310826
3029	100	1.198583160550009
3029	110	1.1975632196958192
3029	120	1.1957777904549332
3030	70	0.8497294011493138
3030	80	0.9619542689713214
3030	90	0.8821161088668259
3030	100	0.9185383709536957
3030	110	0.8634786925108006
3030	120	0.8398572656195934
3031	70	0.5940030780969918
3031	80	0.722002624445053
3031	90	0.8594438153184155
3031	100	0.8359479844854787
3031	110	0.8584970514362391
3031	120	0.907708954542234
3032	70	0.5814472037709109
3032	80	0.7106325870182547
3032	90	0.8462633135711751
3032	100	0.9574257084452015
3032	110	0.9525631260809836
3032	120	0.9503196542665665
3033	70	0.6236734424432264
3033	80	0.6926375564256251
3033	90	0.7419941271037441
3033	100	0.9339503994881053
3033	110	0.9590609967666391
3033	120	0.979769233771543
3034	70	0.6858234111771818
3034	80	0.9915231288719683
3034	90	1.1607843143345995
3034	100	1.1973112608025838
3034	110	1.1993216776305897
3034	120	1.2130847818937045
3035	70	1.6957350650118732
3035	80	1.1641885432414418
3035	90	1.0837360286658158
3035	100	1.1708878834907173
3035	110	1.1569179576719086
3035	120	1.1395211340960913
3036	70	0.4071579825452329
3036	80	0.5896380820706014
3036	90	0.734178876479566
3036	100	0.8162830735679112
3036	110	0.8381990434157561
3036	120	0.8746760222392598
3037	70	2.308221657584715
3037	80	1.5072187808637407
3037	90	1.276783250151115
3037	100	1.3935195735097199
3037	110	1.3688189379883777
3037	120	1.3169807625948424
3038	70	1.7816557175210013
3038	80	1.4760387844819756
3038	90	1.206569639602084
3038	100	1.1947231211094682
3038	110	1.1084060063022594
3038	120	1.0766305236730658
3039	70	0.389650828520414
3039	80	0.49427460549315266
3039	90	0.7260718583777397
3039	100	0.8349603257054469
3039	110	0.9155980234533102
3039	120	0.9671897483625677
3040	70	1.0837640102159163
3040	80	0.932623931096575
3040	90	0.9674489974172394
3040	100	1.024075141170552
3040	110	1.0436706332881782
3040	120	1.0399834164816422
3041	70	0.3672345410987507
3041	80	0.486246911863338
3041	90	0.7126646937054143
3041	100	0.8928360701421352
3041	110	0.8786476180075451
3041	120	0.8994661778485901
3042	70	1.3770205845228691
3042	80	1.2478379641773356
3042	90	0.9578161949993487
3042	100	0.8860312284319375
3042	110	0.8535659076945441
3042	120	0.8624667262780148
3043	70	0.5392186683656193
3043	80	0.605933208777991
3043	90	0.6180037545989334
3043	100	0.8000269230164619
3043	110	0.8534823954565632
3043	120	0.8722750701905684
3044	70	2.2065153657121486
3044	80	1.6143455002754468
3044	90	1.2709113621917663
3044	100	1.1352716017124493
3044	110	1.0520466711188567
3044	120	1.0001233895557144
3045	70	0.6191128571946396
3045	80	0.8305284653421746
3045	90	0.73863490568777
3045	100	0.8866443095806178
3045	110	0.9027866632811387
3045	120	0.9213539346662276
3046	70	1.3885633734447593
3046	80	1.2282909401588655
3046	90	0.9329128344389983
3046	100	0.9876405191817198
3046	110	1.0020087268853592
3046	120	0.972928321459088
3047	70	1.4409819728827906
3047	80	1.0780285683551245
3047	90	0.8398326672078599
3047	100	0.8977803259721542
3047	110	0.8897975447774322
3047	120	0.8914689145957421
3048	70	1.2537650470938082
3048	80	1.0906360263804429
3048	90	1.177959868477785
3048	100	1.1111222484620862
3048	110	1.0997889405367056
3048	120	1.07908518664856
3049	70	1.6095416250994823
3049	80	1.7434581549613117
3049	90	1.5768879640320015
3049	100	1.2147602399553519
3049	110	1.1836761706651615
3049	120	1.158667212137953
3050	70	0.5157494710101095
3050	80	0.7627257306730587
3050	90	0.9027714462090077
3050	100	0.9562521289102249
3050	110	0.9897011401861492
3050	120	1.0045940502435584
3051	70	0.6892022533645477
3051	80	1.0169434873365817
3051	90	1.070853291781511
3051	100	1.0703806247167769
3051	110	1.0745034734480303
3051	120	1.088888496540012
3052	70	0.3281760208549779
3052	80	0.4396395779661991
3052	90	0.6540074987775533
3052	100	0.8579542409945399
3052	110	0.9649705981183928
3052	120	1.0292469276322285
3053	70	1.4905504749258667
3053	80	1.0286957416626339
3053	90	0.7783851211276744
3053	100	0.8015040518617327
3053	110	0.7941848049497997
3053	120	0.8052919071188945
3054	70	2.591899831838611
3054	80	2.078250465488102
3054	90	1.7398088847584428
3054	100	1.3402899354188622
3054	110	1.2175800681739648
3054	120	1.167446027087397
3055	70	0.5253946432873646
3055	80	0.77593912282551325
3055	90	0.8888914061984039
3055	100	0.896997572716727
3055	110	0.9127874780597323
3055	120	0.932001381009446
3056	70	1.3169702180195597
3056	80	1.0960533912431292
3056	90	1.0680693519407454
3056	100	1.0627163375289181
3056	110	1.0424060296111228
3056	120	1.032470819323472
3057	70	4.257267368668663
3057	80	1.7575344238993553
3057	90	1.284009224997543
3057	100	0.9895692314522123
3057	110	1.0122236881698732
3057	120	1.0013786813490184
3058	70	0.5447219041991176
3058	80	0.45756339545836966
3058	90	0.5003719749516793
3058	100	0.6060527275090846
3058	110	0.6549513310774236
3058	120	0.6917081643121878
3059	70	0.7488092774891736
3059	80	0.5835367220612645
3059	90	0.5841096735895561
3059	100	0.5737137475399349
3059	110	0.6228451542892997
3059	120	0.6644377819693185
3060	70	1.3656487002154971
3060	80	1.3171456287582393
3060	90	1.1843485976854518
3060	100	1.0951023801307957
3060	110	1.0128277857264905
3060	120	1.0052421792243664
3061	70	1.888137972431843
3061	80	1.8493413775707022
3061	90	1.7047982078191983
3061	100	1.38095240799176
3061	110	1.3612402596075446
3061	120	1.3064271843366329
3062	70	1.409829163147488
3062	80	1.2890841920205167
3062	90	1.2804198552783568
3062	100	1.227177170866046
3062	110	1.1768233738564968
3062	120	1.1808145639052352
3063	70	1.0973971724022793
3063	80	1.232303717341741
3063	90	1.0532721341161209
3063	100	1.0459867567330132
3063	110	0.9601588848048614
3063	120	0.9408353885646953
3064	70	0.5250116675918762
3064	80	0.5999442105727067
3064	90	0.6862252827145547
3064	100	0.814871999240254
3064	110	0.8524042138436118
3064	120	0.8851516518359245
3065	70	0.49346049505008405
3065	80	0.5573692443781783
3065	90	0.6629142381346576
3065	100	0.794199512157495
3065	110	0.8522087237488947
3065	120	0.9084781611178033
3066	70	0.6426287217649794
3066	80	0.8971424287550764
3066	90	0.9748641909222826
3066	100	1.0195172337656504
3066	110	1.041750354346458
3066	120	1.0720345006000145
3067	70	0.475936612230184
3067	80	0.6071671270718005
3067	90	0.8657566224288228
3067	100	1.0734632171575977
3067	110	1.0944785547200904
3067	120	1.1115805014928846
3068	70	1.6662243653634092
3068	80	1.3723118703187143
3068	90	1.0576475303695823
3068	100	1.0684977420640804
3068	110	1.0160560112286263
3068	120	0.9850181933995755
3069	70	0.36854518779781104
3069	80	0.524014596609909
3069	90	0.8150947073684235
3069	100	1.0049042244701287
3069	110	1.0186234319816916
3069	120	1.0586625121953914
3070	70	1.812743515012973
3070	80	1.8929381571362769
3070	90	1.2790740309595967
3070	100	1.1835262797074027
3070	110	1.1127931543572074
3070	120	1.1116871695834545
3071	70	0.7299335969390989
3071	80	0.9391957528835766
3071	90	1.0167673050759685
3071	100	0.9440163519093959
3071	110	0.959389181457205
3071	120	0.9807584675462024
3072	70	2.6649514486559926
3072	80	1.8512563878880492
3072	90	1.5591735147008097
3072	100	1.2428242100751712
3072	110	1.1953952956620304
3072	120	1.1542632114906857
3073	70	3.2977651153351193
3073	80	2.7751476078582926
3073	90	1.7883288806293216
3073	100	1.3860053834762147
3073	110	1.2753804122155343
3073	120	1.2076857937654137
3074	70	1.3957811620568534
3074	80	1.4675093789990294
3074	90	1.110983329715856
3074	100	1.157262687392181
3074	110	1.0789677197516765
3074	120	1.0456713836210525
3075	70	0.9219384411153634
3075	80	0.9914928934747349
3075	90	0.887172230765874
3075	100	0.8239654935411557
3075	110	0.8249654276929609
3075	120	0.8325285842166573
3076	70	2.053368411598912
3076	80	1.1788568438017135
3076	90	1.2190510768270537
3076	100	1.1366807039913303
3076	110	1.0891661282265699
3076	120	1.0710047933779263
3077	70	1.2357189759475276
3077	80	1.0032738724715402
3077	90	0.9263405124959575
3077	100	1.0112044065166703
3077	110	1.032989802387383
3077	120	1.022597789308613
3078	70	0.5014672837224378
3078	80	0.8159398729163762
3078	90	0.9407727929843894
3078	100	1.012196023776661
3078	110	1.0561117718576667
3078	120	1.0598782351941283
3079	70	0.4684137644943039
3079	80	0.49160937936737
3079	90	0.6944408525234528
3079	100	0.845099756092303
3079	110	0.9238123329881708
3079	120	0.9845334834938803
3080	70	1.8973509760006013
3080	80	1.6543685292810615
3080	90	1.129809155265766
3080	100	0.9549427310752314
3080	110	0.9156457475717122
3080	120	0.8873155388541636
3081	70	0.8083977873474487
3081	80	0.8741684231230066
3081	90	0.9074310961195425
3081	100	1.0698792283021177
3081	110	1.0522176303826427
3081	120	1.0631073671111761
3082	70	0.7244749835621835
3082	80	0.8261591501762081
3082	90	1.0523236957663709
3082	100	1.0570229403013502
3082	110	1.06563831028761
3082	120	1.07747760108558
3083	70	0.34130591633257606
3083	80	0.41703150645312026
3083	90	0.6203091551434472
3083	100	0.7380990479223061
3083	110	0.7646823763986861
3083	120	0.8331786295685408
3084	70	0.7683974220616033
3084	80	0.8315705299228182
3084	90	1.0247412945520602
3084	100	1.2007256084853555
3084	110	1.1899253656882263
3084	120	1.218161643973247
3085	70	0.517213270669341
3085	80	0.5053503494027541
3085	90	0.625649907681203
3085	100	0.6214430316316502
3085	110	0.6598445972853807
3085	120	0.6911724277006708
3086	70	1.7122014285215814
3086	80	1.160767055438991
3086	90	1.1097561863885081
3086	100	0.9630206168505853
3086	110	0.9386684469538981
3086	120	0.9480297459765119
3087	70	1.9417383765683458
3087	80	1.5357306631816232
3087	90	1.5611013752643808
3087	100	1.092927135382913
3087	110	1.0645208867226599
3087	120	1.0464179111141823
3088	70	1.401175890311567
3088	80	1.0477991645782139
3088	90	0.9416395204034851
3088	100	0.9980475119698927
3088	110	0.9710997540427215
3088	120	0.9400973182588864
3089	70	0.5306586011940709
3089	80	0.6623438905518754
3089	90	0.7534873274975152
3089	100	0.6994546012779042
3089	110	0.7488988693252986
3089	120	0.7663612367048532
3090	70	0.49649742321846896
3090	80	0.5596598627434572
3090	90	0.722814726560171
3090	100	0.8511124368689533
3090	110	0.8620486298942179
3090	120	0.9207510084253512
3091	70	0.5845498454921996
3091	80	0.7889793545419886
3091	90	0.7599084342200876
3091	100	0.8306229460468233
3091	110	0.8973592410223147
3091	120	0.9520292915577638
3092	70	1.824467242518088
3092	80	1.2977322488206804
3092	90	1.0043321185817335
3092	100	1.1492823250088906
3092	110	1.1298424599931913
3092	120	1.0902256423417414
3093	70	0.6291364691594581
3093	80	0.8752475094494282
3093	90	1.1374578628093674
3093	100	0.995358311650449
3093	110	1.0114731852819001
3093	120	1.049559192176307
3094	70	0.6499841576936362
3094	80	0.6860849503528516
3094	90	0.8123896510938909
3094	100	0.9045847741864045
3094	110	0.947000110517484
3094	120	0.9963844850739755
3095	70	1.018507037593157
3095	80	1.1402075026590115
3095	90	1.1511743184908394
3095	100	1.2348447505149296
3095	110	1.204646493958995
3095	120	1.2071029832653697
3096	70	2.5444212216201665
3096	80	1.2878248818651936
3096	90	1.0974114665906405
3096	100	1.0663982513806256
3096	110	1.0787745578551673
3096	120	1.0444006286294898
3097	70	0.5353641920948569
3097	80	0.7119899323130753
3097	90	0.8733707587418611
3097	100	0.9163317231748844
3097	110	0.9192553184405894
3097	120	0.9670847556483335
3098	70	0.8793432432724066
3098	80	1.2588144457638475
3098	90	1.315237659111401
3098	100	1.143107657288561
3098	110	1.1143995910607305
3098	120	1.1010545983806517
3099	70	1.706524854259105
3099	80	1.3373242913834416
3099	90	1.1432147124607324
3099	100	0.9902869511199085
3099	110	0.9717165964877795
3099	120	0.9748315613471427
3100	70	0.48188492092273566
3100	80	0.5323271682385865
3100	90	0.4989277040769907
3100	100	0.566024897014867
3100	110	0.6093819892779354
3100	120	0.6618032950535652
3101	70	0.5007306895346517
3101	80	0.6215084932113433
3101	90	0.688554297433072
3101	100	0.6702690152640784
3101	110	0.7351361684382096
3101	120	0.762909948689844
3102	70	1.624729485378084
3102	80	1.3219344062478195
3102	90	1.1567661691779543
3102	100	0.948584147081974
3102	110	0.8955322457380359
3102	120	0.8574598375958371
3103	70	0.5669405727136495
3103	80	0.6520815286216921
3103	90	0.7543347312595314
3103	100	0.8224343628238706
3103	110	0.8593066439583638
3103	120	0.8913946663817093
3104	70	1.8618913714167102
3104	80	1.4737050194015733
3104	90	1.0845166982902579
3104	100	1.1924458858128864
3104	110	1.1560622082944074
3104	120	1.115694320301262
3105	70	0.6072499511989482
3105	80	0.8989536832695865
3105	90	0.9378263670450108
3105	100	0.8354478512858665
3105	110	0.8598581155311287
3105	120	0.8937635448827448
3106	70	1.9945677315082053
3106	80	1.6224456630448711
3106	90	1.53731528505966
3106	100	1.2672624273093278
3106	110	1.2431892161998532
3106	120	1.172043420669974
3107	70	1.801658746650532
3107	80	1.1610306754122455
3107	90	1.042184706838145
3107	100	1.050734413781632
3107	110	1.0248653411343835
3107	120	1.0522535060650446
3108	70	0.3756038971222949
3108	80	0.5108180176068066
3108	90	0.6509160617995927
3108	100	0.8497442543880283
3108	110	0.8905827587742486
3108	120	0.9102396024292134
3109	70	2.584665814193713
3109	80	1.2727487516454086
3109	90	0.8837222309221197
3109	100	0.9605386783837214
3109	110	0.9418637265292232
3109	120	0.9306902745518835
3110	70	1.147779430458851
3110	80	1.3710221410395445
3110	90	1.444718786729909
3110	100	1.1510962895547654
3110	110	1.109069201110725
3110	120	1.0658185321737872
3111	70	1.125833382461019
3111	80	1.2395258265756621
3111	90	1.1434128544565971
3111	100	1.0492785732862364
3111	110	1.0587685451991615
3111	120	1.0457810424395713
3112	70	0.5328879318937947
3112	80	0.7881457679353925
3112	90	1.049952654425286
3112	100	0.9257251731218377
3112	110	0.9171774399997734
3112	120	0.9273340557291685
3113	70	2.1717819269272
3113	80	1.4753591757871918
3113	90	1.1524571805020374
3113	100	1.0213214213208732
3113	110	0.9891203912916442
3113	120	0.9690790847318185
3114	70	1.195210389386739
3114	80	0.9837564516703498
3114	90	0.9548811373106763
3114	100	0.8751034434338835
3114	110	0.9188665197453569
3114	120	0.9387660833603124
3115	70	1.4937990000016252
3115	80	1.176059835930177
3115	90	0.856880302762707
3115	100	0.8335266477263151
3115	110	0.8566625502500751
3115	120	0.8646113112334003
3116	70	1.2148864820703318
3116	80	1.0509591509922274
3116	90	0.9731401434483431
3116	100	1.042677997356532
3116	110	1.0839436739450081
3116	120	1.0783651116370372
3117	70	1.2869210350139255
3117	80	1.3656493844106947
3117	90	1.3728260956074063
3117	100	1.1428927928095496
3117	110	1.0875628354773597
3117	120	1.0526659242481409
3118	70	2.904578772363501
3118	80	1.502759247268388
3118	90	1.2445790582280634
3118	100	1.0537045664235443
3118	110	1.0035930239421686
3118	120	0.9748883780962232
3119	70	0.6401248570338904
3119	80	0.6183387220353654
3119	90	0.7140605436881128
3119	100	0.8123734815205752
3119	110	0.8640890661367213
3119	120	0.8997374844373883
3120	70	0.7322926074589732
3120	80	1.0315861891165763
3120	90	0.9554797617071942
3120	100	0.9048060876179693
3120	110	0.8988204547182022
3120	120	0.9070358159286237
3121	70	2.578127583923787
3121	80	1.4970711137927906
3121	90	1.0063084524574786
3121	100	1.1123316995903907
3121	110	1.0722638562683975
3121	120	1.0619775927239494
3122	70	1.2003358184811468
3122	80	1.339451739326687
3122	90	1.279613484148721
3122	100	1.2027223064394787
3122	110	1.1092414244920439
3122	120	1.0822831384738407
3123	70	1.8522016689741536
3123	80	1.3917008821633767
3123	90	1.2666108524305162
3123	100	1.3295638544253772
3123	110	1.1798224215600996
3123	120	1.1268966635780486
3124	70	1.6693410404597742
3124	80	1.7687867767638163
3124	90	1.4307173774092223
3124	100	1.0728758255594513
3124	110	1.0263601265050688
3124	120	0.9846240562361699
3125	70	0.5783694570744478
3125	80	0.644053975976509
3125	90	0.6362286125173553
3125	100	0.7989917718562927
3125	110	0.8217194314177633
3125	120	0.8418754214976089
3126	70	1.3268330885683395
3126	80	1.6466068807017564
3126	90	1.3501990313917993
3126	100	1.1304629499998924
3126	110	1.0401234065814133
3126	120	1.0064259428688414
3127	70	0.4823705294500019
3127	80	0.6696851172838268
3127	90	1.0017068052321039
3127	100	0.9858191115980439
3127	110	1.0679023889370614
3127	120	1.0953870669355752
3128	70	1.87311093748091
3128	80	1.161956108844589
3128	90	0.9830105599011636
3128	100	0.9338584524633959
3128	110	0.9480003142236723
3128	120	0.918494894831139
3129	70	0.4814851890988669
3129	80	0.6462285336573268
3129	90	0.9443771939924571
3129	100	0.9939854381661274
3129	110	1.0128414535271708
3129	120	1.0560898739869917
3130	70	0.6436893278793263
3130	80	0.6525366464685384
3130	90	0.7314674361519042
3130	100	0.8475185262205042
3130	110	0.8600285403144057
3130	120	0.9154511922252291
3131	70	0.6107307299299309
3131	80	0.739624865261347
3131	90	0.8783607364043976
3131	100	0.9714210313981103
3131	110	0.9794507204476793
3131	120	0.9773804472307736
3132	70	1.7943061207200155
3132	80	1.5862079671473595
3132	90	1.1428619542737593
3132	100	0.9804685591323246
3132	110	0.9742867004004723
3132	120	0.9610504293044811
3133	70	1.3901057287411516
3133	80	0.9659035627003444
3133	90	0.778462982352787
3133	100	0.8466927926138421
3133	110	0.8570086271102623
3133	120	0.8380820268898532
3134	70	0.7373155638211422
3134	80	0.7351192330624007
3134	90	0.7939343281014392
3134	100	0.836449971393255
3134	110	0.8891027490290195
3134	120	0.923640876155103
3135	70	1.4383831373571254
3135	80	1.4421112199049506
3135	90	1.0252980974010955
3135	100	0.9967546054964664
3135	110	1.0295773399520507
3135	120	1.0221955375718317
3136	70	0.5601130774699399
3136	80	0.6562885680246976
3136	90	0.7410639296181613
3136	100	0.8622711447443463
3136	110	0.9018239375501246
3136	120	0.9499610406076295
3137	70	1.2745031186695062
3137	80	1.161469625804464
3137	90	1.0109994236276711
3137	100	1.004409940217835
3137	110	0.9737037518837064
3137	120	0.9751388972544701
3138	70	1.0859935271411978
3138	80	1.2600100122499567
3138	90	1.1304553975255185
3138	100	1.1306326680605496
3138	110	1.0949872959889915
3138	120	1.0750366338975372
3139	70	2.1285578071468376
3139	80	1.127923955923253
3139	90	1.1605915744459727
3139	100	1.2918726656368602
3139	110	1.262394074301403
3139	120	1.267424080502413
3140	70	1.8271505516417825
3140	80	1.3474825034730893
3140	90	1.1437977270185877
3140	100	1.1579170642441037
3140	110	1.1561294020420638
3140	120	1.1237043833665714
3141	70	1.9912993679235
3141	80	1.3861292507279361
3141	90	1.2274662911649483
3141	100	0.9811707483452271
3141	110	0.971353877538219
3141	120	0.9329088504346013
3142	70	0.5197491029926062
3142	80	0.46819159273418864
3142	90	0.5777947676776716
3142	100	0.7184626545198778
3142	110	0.7737779811256054
3142	120	0.8338217597493552
3143	70	0.9826201615569908
3143	80	0.6332811613273449
3143	90	0.6329467502681654
3143	100	0.7460487125165902
3143	110	0.7440925785803859
3143	120	0.7728764083679946
3144	70	0.7672550322276244
3144	80	0.754583937839544
3144	90	0.67113630075267094
3144	100	0.7243818254009237
3144	110	0.7657173274229416
3144	120	0.8141504595222117
3145	70	1.4557267477886109
3145	80	0.9234167083573683
3145	90	1.0785686203754807
3145	100	1.079506076390896
3145	110	1.110538410756187
3145	120	1.122480254269267
3146	70	0.6703129550347279
3146	80	0.8270993470192315
3146	90	0.991323992226383
3146	100	1.1637570348815278
3146	110	1.1791064382760905
3146	120	1.1862197975670028
3147	70	1.4666005354139111
3147	80	1.2283221441376808
3147	90	1.1743722203960458
3147	100	1.2810670323117384
3147	110	1.2777353834850989
3147	120	1.2602322900085792
3148	70	0.45592415756255034
3148	80	0.5540658753282927
3148	90	0.7298970033225811
3148	100	0.9085910501134671
3148	110	0.9335402942145865
3148	120	0.9530876496774626
3149	70	1.660964863659112
3149	80	1.0002099092603134
3149	90	0.8210625018415176
3149	100	0.9554370669202384
3149	110	0.9276185330527739
3149	120	0.9185712591477319
3150	70	0.8570646959395564
3150	80	0.9170381932225645
3150	90	0.8923317663965894
3150	100	0.8290100058939891
3150	110	0.8557515000082352
3150	120	0.8775564710551323
3151	70	3.0619965454520295
3151	80	1.7379391936413988
3151	90	1.1975438278782164
3151	100	1.1684494452312952
3151	110	1.1367901654872632
3151	120	1.0873498349672095
3152	70	1.5135270479874157
3152	80	1.159855288178226
3152	90	1.2041208438712268
3152	100	1.0467732942169115
3152	110	1.0227055848631113
3152	120	1.0322141080918004
3153	70	0.4270324516445823
3153	80	0.5735899385703257
3153	90	0.7884613898991267
3153	100	0.8729226664316675
3153	110	0.8855968130945716
3153	120	0.9055215605266652
3154	70	0.5794562449174671
3154	80	0.9617188144212677
3154	90	1.3097113482290281
3154	100	1.226282449945956
3154	110	1.2390528671296641
3154	120	1.2214986921255984
3155	70	0.6010007081465504
3155	80	0.7178467420011518
3155	90	0.9605132779959827
3155	100	0.9306734105662383
3155	110	0.9729497002718485
3155	120	0.9705336283723354
3156	70	1.1587917803897545
3156	80	0.7122213507140506
3156	90	0.8034275465090386
3156	100	0.8973276336976416
3156	110	0.905122319779746
3156	120	0.9207597306235031
3157	70	1.7283525876842347
3157	80	1.5796390978796397
3157	90	1.1736867389633543
3157	100	1.0535378282250665
3157	110	0.9544412810245227
3157	120	0.9397729725312327
3158	70	0.566801361200316
3158	80	0.7733866486775064
3158	90	0.9506004826375445
3158	100	0.9552863369652631
3158	110	0.9877397631970407
3158	120	1.043758615661549
3159	70	1.1181383188660345
3159	80	1.168092805779702
3159	90	1.2745707281637861
3159	100	0.994055467270698
3159	110	0.9526155273847713
3159	120	0.9416241265373052
3160	70	1.2498881789356056
3160	80	1.28843625719354
3160	90	1.1185581934843514
3160	100	1.225613382421845
3160	110	1.190749119306289
3160	120	1.1505202018827432
3161	70	2.748497738319084
3161	80	2.4176588497143934
3161	90	1.9625963536385256
3161	100	1.570116708015587
3161	110	1.4738897073430244
3161	120	1.402147783214563
3162	70	0.937118765209678
3162	80	1.03773022911563
3162	90	1.2379454454373982
3162	100	1.1792307869038154
3162	110	1.0909019042999708
3162	120	1.0928817811441494
3163	70	1.026500893427427
3163	80	0.9682192612925188
3163	90	1.0397353464717165
3163	100	0.9557165515657275
3163	110	0.957623084519248
3163	120	0.9330641509318822
3164	70	0.5918946795986799
3164	80	0.6417567634918987
3164	90	0.7741182857630008
3164	100	0.7649119752133107
3164	110	0.7804280530892878
3164	120	0.799940363288629
3165	70	1.6663232394828071
3165	80	1.6680726142444229
3165	90	1.3761827950391998
3165	100	1.2363864508182922
3165	110	1.2157021520176314
3165	120	1.1706316148013909
3166	70	0.8104245972417543
3166	80	0.7635072301081337
3166	90	0.9149489019476992
3166	100	1.0531289953230827
3166	110	1.0471035609411898
3166	120	1.0254061891806423
3167	70	1.2044719501607903
3167	80	0.8218593676745428
3167	90	0.7357276765573942
3167	100	0.7447999242105876
3167	110	0.7816266383939457
3167	120	0.795844613970533
3168	70	1.2482372899496201
3168	80	1.0385882603946743
3168	90	1.0696646988404523
3168	100	1.023059494494375
3168	110	1.0102955937446503
3168	120	0.9805249067071636
3169	70	0.36069172020764023
3169	80	0.4971003435053665
3169	90	0.7311579443936221
3169	100	0.685433934301449
3169	110	0.7670586578481194
3169	120	0.8105410349967275
3170	70	0.7873632301727498
3170	80	1.1603644302744172
3170	90	1.4199011564533353
3170	100	1.4841226309782167
3170	110	1.4316411555443163
3170	120	1.3951701021785692
3171	70	0.5959275178136682
3171	80	0.8786757845179817
3171	90	0.8669836358251531
3171	100	1.0253750107140256
3171	110	0.9736351329233089
3171	120	0.9615275241669604
3172	70	1.264991009341032
3172	80	1.387215822116965
3172	90	1.388539735771017
3172	100	1.188621441228268
3172	110	1.2038723670743037
3172	120	1.203255633539147
3173	70	1.2069776630630829
3173	80	1.0995852181107117
3173	90	0.9963061655103196
3173	100	0.8162590598085021
3173	110	0.8136139071064094
3173	120	0.7925716862876483
3174	70	0.46665850102064127
3174	80	0.5290067365844778
3174	90	0.5730027964624689
3174	100	0.6086429268046005
3174	110	0.6849629678356631
3174	120	0.7378683299863624
3175	70	0.36459005671410044
3175	80	0.658343146868173
3175	90	0.8074406679058593
3175	100	0.928786665879018
3175	110	0.971090823592228
3175	120	0.9993955655293186
3176	70	1.8583058314694907
3176	80	1.9009279997254762
3176	90	1.8849654799157582
3176	100	1.5970515162470493
3176	110	1.4376545183448308
3176	120	1.4034022095235026
3177	70	1.3177076084744013
3177	80	1.0080924415284447
3177	90	0.9628327911457237
3177	100	0.9121504815902974
3177	110	0.9191837278396683
3177	120	0.904946542147846
3178	70	0.6072663227747972
3178	80	0.5760679053349874
3178	90	0.6599559508138065
3178	100	0.7465791242076953
3178	110	0.7686733002341058
3178	120	0.8126955546033303
3179	70	1.2283523479377665
3179	80	1.0516803471312313
3179	90	1.0229117944376571
3179	100	0.947162573665375
3179	110	0.9445010595157143
3179	120	0.9657489975165198
3180	70	2.2947020643171037
3180	80	1.4586959401886226
3180	90	0.9684849907577993
3180	100	0.9976631215452008
3180	110	0.938534443001218
3180	120	0.9214934758115416
3181	70	0.6499605717300033
3181	80	0.8068590286165718
3181	90	0.79244197017477
3181	100	0.8850806295809683
3181	110	0.9461118229184788
3181	120	0.9553970519768755
3182	70	0.522882131594859
3182	80	0.6053502775460876
3182	90	0.8013308369190808
3182	100	0.8538547502190076
3182	110	0.9023991306398156
3182	120	0.9742729371280283
3183	70	1.1214519647398862
3183	80	1.1086209781066148
3183	90	0.9909909014754603
3183	100	0.9359959569620027
3183	110	0.9280826775468268
3183	120	0.9213082248205162
3184	70	0.4999657923105254
3184	80	0.7766335087478586
3184	90	0.8305704052942117
3184	100	0.9694094311350845
3184	110	1.009222712667333
3184	120	1.016929337410376
3185	70	0.42385583315638037
3185	80	0.6382418324639717
3185	90	0.771414709419126
3185	100	0.9563927551357645
3185	110	0.9955571061663617
3185	120	1.0252147167830792
3186	70	0.9770794869449458
3186	80	1.1973141697523209
3186	90	1.2952912447238072
3186	100	1.4326195224284757
3186	110	1.4462288805163588
3186	120	1.399203892210708
3187	70	0.6757722097175314
3187	80	0.7579222569668265
3187	90	0.7880243870618585
3187	100	0.9516919583975487
3187	110	0.9631688137817139
3187	120	0.9460410196719135
3188	70	0.9479245691819835
3188	80	1.070678227950489
3188	90	1.2655256664818728
3188	100	1.2857673338624795
3188	110	1.2179335442179622
3188	120	1.2034421084796774
3189	70	0.4531013005891015
3189	80	0.45361037339119087
3189	90	0.6198569567131726
3189	100	0.6520040866350635
3189	110	0.7335047203078378
3189	120	0.7951571868202824
3190	70	0.6204408208263502
3190	80	0.6719088510808731
3190	90	0.7670931420253752
3190	100	0.9790113589180932
3190	110	1.0238955535833874
3190	120	1.051958504767721
3191	70	0.6039086864148292
3191	80	0.6952186091598184
3191	90	0.7789196605021621
3191	100	0.867166349092343
3191	110	0.9140710406267003
3191	120	0.958882256700231
3192	70	2.4155301997976997
3192	80	2.0578383818880375
3192	90	1.8341362541665596
3192	100	1.3795802736121696
3192	110	1.322066325873315
3192	120	1.2563050429295206
3193	70	0.5615937278069834
3193	80	0.5681398806037609
3193	90	0.762332438110753
3193	100	0.7148785759416715
3193	110	0.7954257085040194
3193	120	0.8408163520031486
3194	70	1.4386177312837127
3194	80	1.1564161617525148
3194	90	1.1552176687565918
3194	100	1.2389690472337767
3194	110	1.219511064363859
3194	120	1.189767119750286
3195	70	0.6565239490804081
3195	80	0.8816178425471878
3195	90	1.039807541551608
3195	100	1.0939544595511541
3195	110	1.1561498861364277
3195	120	1.1820562544219846
3196	70	2.011186947030566
3196	80	1.992850692211578
3196	90	1.6197846334376726
3196	100	1.2074509686151385
3196	110	1.0952395438629263
3196	120	1.0597134364454892
3197	70	2.3929807733994886
3197	80	1.2999919161391778
3197	90	1.1477219386729534
3197	100	1.1046056804387294
3197	110	1.0979275700625295
3197	120	1.0516173351141427
3198	70	2.2638192666558394
3198	80	1.272340010149883
3198	90	1.136968293070501
3198	100	1.0523825933758124
3198	110	1.0104471978903617
3198	120	0.9968686482624354
3199	70	3.531796940218861
3199	80	1.9005244005746895
3199	90	1.5075346926753752
3199	100	1.2618419678924393
3199	110	1.254268748571095
3199	120	1.2023850286149285
3200	70	0.5769980981220361
3200	80	0.5357289648298177
3200	90	0.719721760871665
3200	100	0.8792734575823248
3200	110	0.9484171824720468
3200	120	0.9739585762656048
3201	70	1.907827673315539
3201	80	1.9298791591956117
3201	90	1.488706706346078
3201	100	1.3005944552082567
3201	110	1.1848623942836587
3201	120	1.1212042093374357
3202	70	1.1081545077987092
3202	80	1.0666967816761237
3202	90	1.1022187566655735
3202	100	1.2262358259974973
3202	110	1.1796439147648419
3202	120	1.1314935072121428
3203	70	1.6771259682313375
3203	80	1.5185612777963813
3203	90	1.1587663561022754
3203	100	1.1992823907092738
3203	110	1.1187409409696514
3203	120	1.0707301574387411
3204	70	0.6042214296145372
3204	80	0.7601238848369022
3204	90	0.9052008127595371
3204	100	1.050415759838353
3204	110	1.0736922274857124
3204	120	1.1213263268418714
3205	70	0.4990383743357654
3205	80	0.7957946149459476
3205	90	1.035844166869231
3205	100	0.9886128232126796
3205	110	1.018660534762574
3205	120	0.9941262264446894
3206	70	0.392399825878455
3206	80	0.5077663762978146
3206	90	0.5624365217292658
3206	100	0.7400448413577169
3206	110	0.8117252927117417
3206	120	0.846864765479732
3207	70	0.4093051530925567
3207	80	0.465199978455705
3207	90	0.6547771947333877
3207	100	0.7852002810413378
3207	110	0.8327003848034265
3207	120	0.8944084400519237
3208	70	0.2944068343658439
3208	80	0.3820485681010131
3208	90	0.6619747642547026
3208	100	0.8674419078109464
3208	110	0.9096194664223008
3208	120	0.9612527082447143
3209	70	1.0789331579787247
3209	80	0.8743780153589985
3209	90	0.936061815672698
3209	100	1.0291591931979804
3209	110	1.0644522342924327
3209	120	1.0811221667899862
3210	70	0.5550328649509165
3210	80	0.6092890938023118
3210	90	0.6608739619474804
3210	100	0.7336404388761896
3210	110	0.8013079518808145
3210	120	0.8371451731214016
3211	70	0.9100239192747505
3211	80	1.1036762788020213
3211	90	1.3141208423318504
3211	100	1.3069173004986567
3211	110	1.2648248312824986
3211	120	1.2373138564802801
3212	70	1.928601419843415
3212	80	1.3325974820664657
3212	90	1.244517853548438
3212	100	1.0566284584809549
3212	110	1.036586162758339
3212	120	1.0178700550589943
3213	70	1.4955549598880562
3213	80	1.0087200157303786
3213	90	0.8545397168196718
3213	100	0.853699007570647
3213	110	0.8562747332363873
3213	120	0.8420483677725954
3214	70	1.7377501514879152
3214	80	0.9925949161564633
3214	90	0.9732707822391699
3214	100	0.9510994887212276
3214	110	0.9368288341762997
3214	120	0.9522476659790043
3215	70	2.6897293389318784
3215	80	2.29524006080028
3215	90	1.3471390739011437
3215	100	1.2678066618365529
3215	110	1.202885868921588
3215	120	1.178936986858211
3216	70	2.5828726775375324
3216	80	2.1834273122857337
3216	90	1.3470684848675416
3216	100	1.140772315793119
3216	110	1.0591280227395008
3216	120	0.9950250653907614
3217	70	1.1150879714042916
3217	80	0.7816117417817409
3217	90	0.8101986576153908
3217	100	0.7817663536873031
3217	110	0.7908481026849212
3217	120	0.7898327349392987
3218	70	0.7168875757003328
3218	80	0.7953797102733106
3218	90	1.0293838533317594
3218	100	0.986136245786229
3218	110	0.9712033019177361
3218	120	0.9974262732727162
3219	70	1.7537182368882807
3219	80	1.289493232425659
3219	90	1.0429753962114372
3219	100	0.8814599924024497
3219	110	0.9225471472575288
3219	120	0.9310012418751374
3220	70	3.5126404498546475
3220	80	3.7845381171105252
3220	90	2.0672379123229203
3220	100	1.7478150796675926
3220	110	1.633655338634548
3220	120	1.4648471176767532
3221	70	0.5714910415962178
3221	80	0.5684120940071095
3221	90	0.6732987961398977
3221	100	0.7938265930690899
3221	110	0.8319041646395874
3221	120	0.8952601346862137
3222	70	1.243245120867849
3222	80	1.2246061144224356
3222	90	1.1398467740518876
3222	100	1.004493557343808
3222	110	1.0289303797971732
3222	120	1.0329109764966409
3223	70	0.5326668603787309
3223	80	0.6869417706583892
3223	90	0.7226490865952189
3223	100	0.8955698424158106
3223	110	0.9408357319522626
3223	120	0.9546194257066013
3224	70	2.2558078406084605
3224	80	1.8998840957447882
3224	90	1.2620941798107608
3224	100	1.159793566143715
3224	110	1.1234929774167648
3224	120	1.042499474115428
3225	70	0.6083921692106669
3225	80	0.7260783529944188
3225	90	0.7469543796969269
3225	100	0.8353571329756889
3225	110	0.8592330459614789
3225	120	0.8804774728171036
3226	70	0.4091953571518943
3226	80	0.6116674758682983
3226	90	0.7898025827253226
3226	100	0.8703646133285967
3226	110	0.9214163754355136
3226	120	0.9821015050349354
3227	70	1.7784357313438723
3227	80	1.6277243425035612
3227	90	1.4018127400832072
3227	100	1.1653665690562751
3227	110	1.1193048932279561
3227	120	1.063992266140385
3228	70	0.6858310246399367
3228	80	0.8385833758548377
3228	90	0.8508754033502434
3228	100	0.7737832515959073
3228	110	0.8308016157328992
3228	120	0.8465814728660479
3229	70	0.6984606421334973
3229	80	0.9540188708702738
3229	90	0.9706487177465396
3229	100	0.9170418437700876
3229	110	0.9266206290481461
3229	120	0.9371770553688362
3230	70	2.1126589512882883
3230	80	1.5211996593106403
3230	90	1.3181935897145898
3230	100	1.0746680701902507
3230	110	1.039212549526995
3230	120	1.0203020954640103
3231	70	1.2856797839269345
3231	80	1.364236622714121
3231	90	1.229563534223014
3231	100	1.1421995356934174
3231	110	1.0945064659886001
3231	120	1.0435467793539304
3232	70	0.4653438620815041
3232	80	0.6866167296130097
3232	90	0.754623185750005
3232	100	0.8647752750224829
3232	110	0.935674207791898
3232	120	0.9532260790144672
3233	70	1.5678056754282714
3233	80	1.207810103446074
3233	90	1.099057505614588
3233	100	1.1682119152825514
3233	110	1.1219763631648974
3233	120	1.0999021148736585
3234	70	1.5276839183141013
3234	80	1.87708292415183
3234	90	2.0965550478907624
3234	100	1.551172764916212
3234	110	1.5421930678117508
3234	120	1.4496129060469776
3235	70	0.4997746185414271
3235	80	0.6744056238935198
3235	90	0.7318669984032695
3235	100	0.8827009672045771
3235	110	0.9217100738054629
3235	120	0.9391860207395675
3236	70	0.8708397950860761
3236	80	0.9618840275033215
3236	90	0.8489973976296431
3236	100	0.8862797343613736
3236	110	0.8406101339619331
3236	120	0.8483761470394161
3237	70	0.5302256601706573
3237	80	0.6532783390021519
3237	90	0.8673478842152608
3237	100	0.8891301294789273
3237	110	0.9806102555232186
3237	120	1.0112077515607025
3238	70	0.639026304985282
3238	80	0.8732688611105788
3238	90	0.7434235304133671
3238	100	0.7884173363577691
3238	110	0.8189606007060756
3238	120	0.8272768208826777
3239	70	2.171500749834752
3239	80	1.403537849328656
3239	90	1.0324319544042833
3239	100	1.1436852124094101
3239	110	1.0501796710839888
3239	120	1.0407482000554698
3240	70	0.7972341698116422
3240	80	0.8259860145606217
3240	90	1.0980913395875271
3240	100	1.1043541149118379
3240	110	1.1031137152900334
3240	120	1.153138970202619
3241	70	1.224187233468641
3241	80	1.1624435779824445
3241	90	1.3002794851488948
3241	100	1.041082528245092
3241	110	1.0569135848151003
3241	120	1.0181431605150535
3242	70	0.6964709921165684
3242	80	0.6667437599852253
3242	90	0.7467210225807985
3242	100	0.801284760677584
3242	110	0.8251831086403305
3242	120	0.8537190150534828
3243	70	1.0991288249325863
3243	80	1.148761959825965
3243	90	1.213652830860181
3243	100	0.9904278503155899
3243	110	0.9552538980569256
3243	120	0.9425857669119305
3244	70	0.8530412220422322
3244	80	1.2540649159852093
3244	90	1.4490384921395503
3244	100	1.1202840769620157
3244	110	1.09188507171828
3244	120	1.120569610953054
3245	70	1.5637342228201396
3245	80	1.1223295535171598
3245	90	0.9992140688223906
3245	100	1.1256535998949189
3245	110	1.0876787442034688
3245	120	1.0370507159897933
3246	70	0.45667942457917676
3246	80	0.6521219040049786
3246	90	0.7846992266436694
3246	100	0.8999530066718385
3246	110	0.9713855212024551
3246	120	0.9927017258083871
3247	70	0.7298376708017643
3247	80	0.6090480125447618
3247	90	0.6434429524758399
3247	100	0.8216409952806976
3247	110	0.8456081015305471
3247	120	0.8823616412679322
3248	70	0.5562435212097981
3248	80	0.7295440187682796
3248	90	0.9864101461336847
3248	100	0.8798578300701942
3248	110	0.9056675396154165
3248	120	0.9090258962366203
3249	70	1.8141292814137642
3249	80	1.588139335078517
3249	90	1.0414384383028437
3249	100	1.0725030727033669
3249	110	1.034516972355476
3249	120	1.0011502842442375
3250	70	1.1628640740292053
3250	80	1.0164309833112515
3250	90	1.0369833541645839
3250	100	0.9999558329662404
3250	110	0.9790148281255613
3250	120	0.9489485748211921
3251	70	1.119169773401409
3251	80	1.1929826643853736
3251	90	1.1841592593530186
3251	100	1.0437727238113776
3251	110	1.036845852188985
3251	120	1.0009838813240324
3252	70	0.5577320178721968
3252	80	0.770947359171333
3252	90	1.0715465729670461
3252	100	1.1610402748174078
3252	110	1.1783962662735215
3252	120	1.1711799846170177
3253	70	2.2162859436810978
3253	80	2.412569142155306
3253	90	2.0789044619805646
3253	100	1.5968764726106626
3253	110	1.462046744327175
3253	120	1.3487321948492283
3254	70	1.299144780137715
3254	80	1.1492956889339305
3254	90	1.1086726617270695
3254	100	1.076248961376225
3254	110	1.0084004497874395
3254	120	0.9737569683702979
3255	70	0.8289454734079539
3255	80	0.6246707528151503
3255	90	0.7412102424637461
3255	100	0.8242962583501263
3255	110	0.8322792559827819
3255	120	0.8510861280798513
3256	70	1.5480502069381181
3256	80	1.7659445603231563
3256	90	1.2513402814587062
3256	100	1.0362290276790194
3256	110	0.9740665767031114
3256	120	0.9237451076776115
3257	70	0.5565907607817417
3257	80	0.7999589379040479
3257	90	0.9709383673823595
3257	100	0.9123125403053071
3257	110	0.9273581724346494
3257	120	0.9533792008044352
3258	70	2.3518499912535886
3258	80	1.4446314818296633
3258	90	1.2080414226753426
3258	100	1.1594029272363213
3258	110	1.1706934557497204
3258	120	1.1584821879133576
3259	70	1.3263712985805245
3259	80	0.9367565917014112
3259	90	0.773458439292637
3259	100	0.849462468636988
3259	110	0.8263289341434615
3259	120	0.8266748254663457
3260	70	1.6408149292766177
3260	80	1.6479046472463148
3260	90	1.3705047864402231
3260	100	1.173570471491249
3260	110	1.054068375834974
3260	120	1.0302225308749484
3261	70	2.319403084175837
3261	80	1.708245309614938
3261	90	1.5308732853022105
3261	100	1.318666258292871
3261	110	1.2082424706772685
3261	120	1.1856872075818896
3262	70	2.1256538137001786
3262	80	1.476766772868541
3262	90	1.1659535028846664
3262	100	0.9403317129299317
3262	110	0.9120260184353538
3262	120	0.8833134747077598
3263	70	2.242576490258644
3263	80	1.1983907284932902
3263	90	1.102827560786593
3263	100	0.9444464253655386
3263	110	0.9478655841645309
3263	120	0.9216596281382371
3264	70	0.5978202057023246
3264	80	0.5240696015241563
3264	90	0.6169421947047449
3264	100	0.8062807844193474
3264	110	0.8382597156993062
3264	120	0.8782016386972188
3265	70	0.7345764775109362
3265	80	0.6817729576973454
3265	90	0.8879690893267189
3265	100	0.9259514426834644
3265	110	0.9985242965502438
3265	120	1.0439938837230214
3266	70	0.7438157365902461
3266	80	0.8948125769693059
3266	90	0.9196829562856994
3266	100	0.8675235368605445
3266	110	0.8968418524157228
3266	120	0.9191364355810012
3267	70	1.5012660846488866
3267	80	1.5841480740507214
3267	90	1.7466334071000977
3267	100	1.5403319793303514
3267	110	1.425178488817103
3267	120	1.3481865416536016
3268	70	0.5916842793978185
3268	80	0.7612147864174202
3268	90	0.8874174849682825
3268	100	0.9830805802864065
3268	110	1.0485568398162763
3268	120	1.0765180366680391
3269	70	0.9085274524200677
3269	80	0.8300559614998426
3269	90	0.8621410562258874
3269	100	0.7549130916114613
3269	110	0.7861446824720008
3269	120	0.8278783772734852
3270	70	0.9494272912476397
3270	80	1.1938781949936172
3270	90	1.2643738820517405
3270	100	1.0232410861373984
3270	110	1.028458792748058
3270	120	1.0179331236586207
3271	70	0.4223551768875743
3271	80	0.5464934862377286
3271	90	0.7927039027436764
3271	100	0.7989686087136452
3271	110	0.8836300621632025
3271	120	0.9427748662194919
3272	70	0.4478710020698164
3272	80	0.6328381154629933
3272	90	0.8066185235394843
3272	100	0.9742709080615798
3272	110	1.0025950634899954
3272	120	1.0145621617395963
3273	70	2.08006678341351
3273	80	1.2546189724511412
3273	90	1.1601077217172364
3273	100	0.8913064368378537
3273	110	0.9253319071532949
3273	120	0.9369011369153727
3274	70	1.9610294377524091
3274	80	1.7238090537098318
3274	90	1.403991773107651
3274	100	1.167655062428774
3274	110	1.109398671508857
3274	120	1.0667795228834123
3275	70	1.7152492226600753
3275	80	1.4608021624132466
3275	90	1.400514372608577
3275	100	1.174208742649345
3275	110	1.1041297154836136
3275	120	1.0447306000668009
3276	70	0.7290428593330273
3276	80	0.8195334591489444
3276	90	0.9206765070485456
3276	100	1.077230698171019
3276	110	1.0713690969872962
3276	120	1.067524324321813
3277	70	0.7876501263321122
3277	80	0.8861182351481294
3277	90	1.0357689593616861
3277	100	1.1545034424338732
3277	110	1.1523360096265798
3277	120	1.154228201395713
3278	70	1.3097139128145556
3278	80	1.2183031864219716
3278	90	1.2273473389430196
3278	100	1.1003291831099329
3278	110	1.0683571461925183
3278	120	1.0409724310920212
3279	70	1.461550299847315
3279	80	1.4784945353682504
3279	90	1.3318499950977354
3279	100	1.211255047450597
3279	110	1.1269769658113564
3279	120	1.1261373616897998
3280	70	1.6525516002768816
3280	80	1.5462204632683048
3280	90	1.3094293654527824
3280	100	1.2226053449824985
3280	110	1.195012353480579
3280	120	1.1579912828830912
3281	70	1.1505835264897546
3281	80	1.0689566441662053
3281	90	1.1537342376364652
3281	100	1.054658539570928
3281	110	0.9622034321103182
3281	120	0.9141904714133501
3282	70	0.7725341049243297
3282	80	0.8150341493629765
3282	90	0.9235357184926712
3282	100	0.95420728129816
3282	110	1.0036253777695237
3282	120	1.0091388465350974
3283	70	0.31115730995937885
3283	80	0.4783049313519886
3283	90	0.7352141729450858
3283	100	0.9495278383170694
3283	110	1.0165549072401516
3283	120	1.054845087708469
3284	70	4.959538772792546
3284	80	3.1333536913118896
3284	90	1.7063408897903742
3284	100	1.445391005842159
3284	110	1.3200169845674843
3284	120	1.2261206535880764
3285	70	1.7677311509905662
3285	80	1.1773816674092905
3285	90	1.18030459477494
3285	100	1.118216463419884
3285	110	1.1323182119423383
3285	120	1.135729698715539
3286	70	0.6407242689992703
3286	80	0.8347995943917207
3286	90	0.9122106124158552
3286	100	1.0147265148052524
3286	110	1.0626639325510727
3286	120	1.048366052930068
3287	70	0.6775390370954943
3287	80	0.7124153906367532
3287	90	0.7574721909002287
3287	100	0.9456206027202575
3287	110	0.9569393379743858
3287	120	0.9821397077239022
3288	70	0.6961989080159896
3288	80	0.7171635809973521
3288	90	0.691759799582634
3288	100	0.717140986551578
3288	110	0.7292134218267353
3288	120	0.7514263637193379
3289	70	3.2880713658519682
3289	80	3.1474094718141
3289	90	1.6610671158838097
3289	100	1.2225719849408887
3289	110	1.0779628380542152
3289	120	1.0238856577577988
3290	70	1.4589506370885916
3290	80	1.4473765103352543
3290	90	1.4681410613203631
3290	100	1.3991636009658863
3290	110	1.297939650049348
3290	120	1.268947896098485
3291	70	1.3943371097540596
3291	80	1.403525346041442
3291	90	0.916752692525349
3291	100	0.9421369920421584
3291	110	0.9216873685525924
3291	120	0.9104671627005401
3292	70	0.6102917686636413
3292	80	0.8839921313867086
3292	90	0.8076256095629022
3292	100	0.8801384853265234
3292	110	0.8725338425940138
3292	120	0.9073289476584199
3293	70	0.7133306525780118
3293	80	0.8677840136772244
3293	90	1.1026215074994794
3293	100	1.1066214994788877
3293	110	1.1183388741464932
3293	120	1.107801270314741
3294	70	1.8485583468549336
3294	80	1.8044538876662504
3294	90	1.4383491925439902
3294	100	1.433280175049391
3294	110	1.3519235403047478
3294	120	1.2438303771540271
3295	70	0.4338289747458237
3295	80	0.7183389070487705
3295	90	0.9605560255493204
3295	100	1.0991182660832608
3295	110	1.110382786809841
3295	120	1.1408103207841322
3296	70	0.6127319222252093
3296	80	0.7053329617275459
3296	90	0.6519918221125013
3296	100	0.6734868600811229
3296	110	0.7017108049498184
3296	120	0.7296974893771517
3297	70	1.530783610998131
3297	80	1.1727298926979064
3297	90	0.992395009588127
3297	100	1.041192562598312
3297	110	1.0583760687471864
3297	120	1.0474832950411506
3298	70	0.401388847723489
3298	80	0.3752409967424213
3298	90	0.4638376297488348
3298	100	0.6439470090663444
3298	110	0.6936289112034271
3298	120	0.7531604896973307
3299	70	1.5974034803971002
3299	80	1.1548005580066663
3299	90	1.2038795310881922
3299	100	1.2319298087894885
3299	110	1.2282515397941145
3299	120	1.217434019193148
3300	70	0.8785008678022478
3300	80	0.7911598717424537
3300	90	0.9038975101492962
3300	100	1.059234394518284
3300	110	1.066699191494896
3300	120	1.0789147129429328
3301	70	1.6871589016576964
3301	80	1.3348695488275064
3301	90	1.0323815289493639
3301	100	1.1911881262631892
3301	110	1.148858743732744
3301	120	1.1326951784252215
3302	70	0.6767199750356798
3302	80	0.8213740381233214
3302	90	0.9208754528094762
3302	100	0.9883939138537687
3302	110	0.9968037391953516
3302	120	1.0089676185551386
3303	70	1.684305030410831
3303	80	1.4626867500042835
3303	90	1.2001148473009249
3303	100	1.1349513184547455
3303	110	1.1086720961415286
3303	120	1.0798976784611667
3304	70	0.3905153568689381
3304	80	0.6609903694837297
3304	90	0.9322176755241279
3304	100	1.015794552469033
3304	110	1.0881837922105877
3304	120	1.1335718052012709
3305	70	1.3478130596831048
3305	80	1.3207094267007062
3305	90	1.3967107627170186
3305	100	1.2431349729890249
3305	110	1.1944273896352708
3305	120	1.1062602836394497
3306	70	1.5479975747397512
3306	80	1.4165210262412031
3306	90	0.935182540643663
3306	100	1.0329366993602158
3306	110	0.9933967264179543
3306	120	0.9592767886723539
3307	70	1.113878433292604
3307	80	0.872401770481108
3307	90	0.829419599077355
3307	100	0.8897088782198715
3307	110	0.8677290452602225
3307	120	0.9035147189295764
3308	70	0.868426865703891
3308	80	1.085453653712054
3308	90	0.9639926982908409
3308	100	1.0596805206567999
3308	110	1.0257378844186382
3308	120	1.0167475596082416
3309	70	1.4644862044526217
3309	80	1.3459151224611814
3309	90	1.0967902973324102
3309	100	0.9790826949380671
3309	110	0.9145893195459791
3309	120	0.9204086179388179
3310	70	0.826282153560807
3310	80	1.0463199166082437
3310	90	1.1125807765272837
3310	100	1.1231617382628893
3310	110	1.1296460776774657
3310	120	1.137830910923986
3311	70	1.7918697736444669
3311	80	1.0723297434566026
3311	90	0.9582147099107786
3311	100	0.9586390266879525
3311	110	0.9721914327004011
3311	120	0.9554290115137171
3312	70	2.6897861562654612
3312	80	2.192175830433619
3312	90	1.8870670974753954
3312	100	1.6355333174286961
3312	110	1.6337106793003449
3312	120	1.5152048581140523
3313	70	0.6313685511239988
3313	80	0.8109134536124233
3313	90	0.9031784155690091
3313	100	0.8779822499624098
3313	110	0.8917228063779337
3313	120	0.8996159101007253
3314	70	1.8689217660970308
3314	80	1.3275086950959156
3314	90	0.8285767413552421
3314	100	0.8312598034070976
3314	110	0.8132236228959214
3314	120	0.8046890434409341
3315	70	0.6632284094938005
3315	80	0.5928801859553359
3315	90	0.5662708745909163
3315	100	0.7401470942871492
3315	110	0.7920376404588265
3315	120	0.8092235899061048
3316	70	0.44880593232061766
3316	80	0.6360384332747888
3316	90	0.9103954965478034
3316	100	1.0171557053764309
3316	110	0.9963315008427904
3316	120	0.9968516995264382
3317	70	1.4625004944479831
3317	80	0.9216101867966905
3317	90	0.7628566434929023
3317	100	0.8355874875520055
3317	110	0.820304179650908
3317	120	0.8223954003593733
3318	70	1.2602250942164983
3318	80	1.3942499282716574
3318	90	1.3201192428523327
3318	100	1.2413782581487156
3318	110	1.168106758563659
3318	120	1.114764192773457
3319	70	0.62112514005717
3319	80	0.7571339387564203
3319	90	1.0164498815984186
3319	100	0.9911840762588637
3319	110	1.0485122518842238
3319	120	1.0460818988908471
3320	70	1.5881356887458962
3320	80	1.1372657601320793
3320	90	0.9228169289482853
3320	100	0.8557340904871489
3320	110	0.8519800385848703
3320	120	0.8574086234414543
3321	70	1.7861661681551912
3321	80	1.983848688456972
3321	90	1.625701424724738
3321	100	1.5641043783074116
3321	110	1.5099215150790273
3321	120	1.4072746290989304
3322	70	0.3254919786947418
3322	80	0.4905963655145014
3322	90	0.6694170731853776
3322	100	0.6872718161425053
3322	110	0.765259638959968
3322	120	0.7993821938643829
3323	70	0.7520018202881705
3323	80	0.7807971058254397
3323	90	0.8534584869567369
3323	100	0.7228661417386397
3323	110	0.7660422947915727
3323	120	0.781779859098761
3324	70	1.5177831145519733
3324	80	1.4666547406228563
3324	90	1.2747841964613453
3324	100	1.0062249444474607
3324	110	0.9833032170441885
3324	120	0.9857028017934545
3325	70	1.4309085719844667
3325	80	1.71186147869527
3325	90	1.5166089931146713
3325	100	1.3932392924473052
3325	110	1.406183744753642
3325	120	1.352488128181959
3326	70	0.5484921081510453
3326	80	0.743346503991263
3326	90	1.015305410989392
3326	100	0.9623297088931065
3326	110	1.0171173201105355
3326	120	0.9960562990943662
3327	70	0.4488827277065129
3327	80	0.5369101358578143
3327	90	0.6341680011864032
3327	100	0.717364349793824
3327	110	0.7855434409981468
3327	120	0.8313755961125893
3328	70	0.7919765773681987
3328	80	0.7733823146603369
3328	90	0.7787026380589862
3328	100	0.9191602269882352
3328	110	0.9897871925600777
3328	120	1.018493818923214
3329	70	1.6956722855812434
3329	80	1.5886132247868627
3329	90	1.132136902196202
3329	100	1.199486941440142
3329	110	1.106249927030859
3329	120	1.0350736006300918
3330	70	1.0490971299366338
3330	80	0.7187259676238867
3330	90	0.7713229277122678
3330	100	0.78836462016437
3330	110	0.7768115550831483
3330	120	0.7897735068425089
3331	70	1.5816804744845874
3331	80	1.3347183681799613
3331	90	1.291531048409929
3331	100	1.047655335265234
3331	110	1.0428344182732645
3331	120	1.008856976513959
3332	70	0.7253906885551916
3332	80	0.6988198503919487
3332	90	0.6443676428084798
3332	100	0.6911777229325018
3332	110	0.7299934595747524
3332	120	0.787716401513299
3333	70	0.8412559906834716
3333	80	0.8052366142166745
3333	90	1.0020582507882467
3333	100	0.8590236336492844
3333	110	0.9077260456132987
3333	120	0.9391810393538749
3334	70	1.1948797610287873
3334	80	1.3027317114307655
3334	90	1.0166306733986572
3334	100	0.9605669806231789
3334	110	0.9175085518052287
3334	120	0.9196560143306628
3335	70	0.5787065553524084
3335	80	0.6102139370980137
3335	90	0.5801757963920592
3335	100	0.7035647876286759
3335	110	0.7417128479822342
3335	120	0.7771707449537397
3336	70	0.4481229579664331
3336	80	0.6589450388011213
3336	90	0.7795239782506533
3336	100	0.9216443318398236
3336	110	0.9700657864748972
3336	120	0.9958288942339579
3337	70	1.846526484544772
3337	80	1.3254140392294027
3337	90	1.0693990170604053
3337	100	1.211759407182563
3337	110	1.2167942515809624
3337	120	1.1974999783335594
3338	70	0.6104609231684346
3338	80	0.7582855995267301
3338	90	0.985695828192359
3338	100	1.070349175823234
3338	110	1.0745298816359528
3338	120	1.0736973515122046
3339	70	0.6495439636277354
3339	80	0.6306686379343847
3339	90	0.7190628873926431
3339	100	0.8429054237253374
3339	110	0.9389221856599348
3339	120	0.9992418332965927
3340	70	0.3925211390611791
3340	80	0.6366602719922321
3340	90	0.7316780597117265
3340	100	0.8523920268888718
3340	110	0.8953171600676372
3340	120	0.9274342056697816
3341	70	0.6354618118499631
3341	80	0.8564486442960798
3341	90	1.1534356618322767
3341	100	1.124665855053575
3341	110	1.1915016798975886
3341	120	1.1956719231136486
3342	70	0.5926856142380159
3342	80	0.6534440840039061
3342	90	0.6727756959701547
3342	100	0.7410468761684
3342	110	0.8223480851290145
3342	120	0.8680918599603413
3343	70	0.8008080884429088
3343	80	1.143076570334267
3343	90	1.313363409524499
3343	100	1.1972551921840788
3343	110	1.241286373475908
3343	120	1.2551154598997707
3344	70	0.4650041775653131
3344	80	0.7510208287541316
3344	90	1.0260602048961343
3344	100	1.0606097193159685
3344	110	1.104326971674543
3344	120	1.149824296587785
3345	70	2.474733540202019
3345	80	1.6806470138368068
3345	90	1.2825698555882181
3345	100	0.9641663564354352
3345	110	0.9964379248764584
3345	120	0.9880655170079757
3346	70	1.8735629915470169
3346	80	1.4071242900782344
3346	90	1.1028235782827276
3346	100	0.9912041931277947
3346	110	0.9984848601908672
3346	120	0.9902105054926155
3347	70	2.139882672775627
3347	80	1.7862352400464407
3347	90	1.1080364776526823
3347	100	1.0792397974374441
3347	110	0.9942512627294333
3347	120	0.9868801174547356
3348	70	1.671149133037573
3348	80	1.6230805384990552
3348	90	1.5865639701033927
3348	100	1.2226221237612866
3348	110	1.154301252076425
3348	120	1.1112373610537716
3349	70	0.4080728233450802
3349	80	0.5846868550922585
3349	90	0.7409871393326193
3349	100	0.8100092119356174
3349	110	0.8743544388740953
3349	120	0.9060283738609033
3350	70	0.5916570983591106
3350	80	0.8111831678351964
3350	90	0.8643067348323074
3350	100	0.8873198598950606
3350	110	0.8951957576120706
3350	120	0.9049709625688386
3351	70	0.8492885659535171
3351	80	0.8223066680809382
3351	90	0.9471058969584191
3351	100	0.9841450268859976
3351	110	0.9645727524468608
3351	120	0.940075940132637
3352	70	1.2861931616434106
3352	80	0.9090294214082749
3352	90	1.0567782844165394
3352	100	1.1933551906899607
3352	110	1.1623117321389547
3352	120	1.159749795472924
3353	70	0.46328590275274556
3353	80	0.6343576267751644
3353	90	0.6674028252095678
3353	100	0.8342341788032265
3353	110	0.8374593604921213
3353	120	0.8965256302263649
3354	70	1.4030105339566454
3354	80	1.5492684746448298
3354	90	1.3233121363872637
3354	100	1.0593612306647617
3354	110	1.001243534772214
3354	120	0.9653646616058622
3355	70	2.3106674821323767
3355	80	1.8831914112200696
3355	90	1.7072154962513804
3355	100	1.266469030232166
3355	110	1.1259390583784297
3355	120	1.0719412718827828
3356	70	0.5048972635142476
3356	80	0.46624002359565
3356	90	0.6087181766699401
3356	100	0.7058656584521616
3356	110	0.7892010846113964
3356	120	0.8378389397105024
3357	70	0.7986074958253543
3357	80	0.8544421445275026
3357	90	0.8812948615170956
3357	100	0.9937242710907334
3357	110	0.9554053462625219
3357	120	0.9521649970090561
3358	70	1.1254996263472918
3358	80	0.7829361757320757
3358	90	0.8414828455551194
3358	100	0.8859910064115415
3358	110	0.8752674872591004
3358	120	0.8859442022936594
3359	70	3.499950692916821
3359	80	1.8020328436802315
3359	90	1.0978337561965283
3359	100	1.1934741174560501
3359	110	1.11002393975274
3359	120	1.07181119489764
3360	70	0.8326772715824848
3360	80	0.7533047120354179
3360	90	0.7885758997749828
3360	100	0.8709791870714488
3360	110	0.8717794280924187
3360	120	0.8760062573718049
3361	70	1.3803310347021829
3361	80	1.6549012130096754
3361	90	1.1923827726580762
3361	100	0.9017804732173219
3361	110	0.8926614918617547
3361	120	0.8963670318067385
3362	70	2.4280975811871146
3362	80	1.4422147895052324
3362	90	0.9525172455236318
3362	100	1.013340355962829
3362	110	0.9761199646865917
3362	120	0.938458474261943
3363	70	0.4733210668294086
3363	80	0.7580388159744338
3363	90	0.8355651591116554
3363	100	0.9578525776621257
3363	110	0.9813955528584619
3363	120	1.010011342684912
3364	70	1.830329761985264
3364	80	1.3490366351775673
3364	90	1.4863391053327193
3364	100	1.1475211191889108
3364	110	1.1118940258748937
3364	120	1.1243351799823869
3365	70	0.6738001273869036
3365	80	0.9675211186375973
3365	90	1.1184762588494537
3365	100	1.1157457665076191
3365	110	1.0998343618145339
3365	120	1.1017410816893638
3366	70	0.43748566982164727
3366	80	0.7542245851279004
3366	90	0.9231397907254768
3366	100	0.9699567477165277
3366	110	0.9810484839705726
3366	120	1.0155583207181305
3367	70	1.7156976058176479
3367	80	1.423894086596445
3367	90	1.230793418507223
3367	100	1.1634247900028165
3367	110	1.1167343080842405
3367	120	1.0876188967120901
3368	70	0.4700977047720491
3368	80	0.7220006025349127
3368	90	0.9064640013185009
3368	100	0.8864017241667709
3368	110	0.8978277838862457
3368	120	0.9250266196059975
3369	70	0.8371117401657094
3369	80	0.6505653755524551
3369	90	0.7864774743502203
3369	100	0.9522425404983684
3369	110	0.9814815370341711
3369	120	0.9976665604447331
3370	70	1.2783028171839061
3370	80	0.986498445079902
3370	90	0.9634287139822485
3370	100	0.9217901351067563
3370	110	0.9133624758954207
3370	120	0.9333478548671267
3371	70	0.7327460102447881
3371	80	0.8138238683946079
3371	90	0.9430582423005767
3371	100	1.0711799734103888
3371	110	1.135488101921715
3371	120	1.1857760855437296
3372	70	1.1651486877045016
3372	80	1.38146449819619
3372	90	1.1466095840145463
3372	100	1.0412833566374509
3372	110	1.0322262381839769
3372	120	1.0092825421513485
3373	70	1.7574605366598193
3373	80	1.0861521126364788
3373	90	0.9831933370756935
3373	100	0.944225577628443
3373	110	0.975425757571872
3373	120	0.9787460379990488
3374	70	0.8571025223876586
3374	80	0.9440442322760448
3374	90	0.9858256492091007
3374	100	0.92955023709253
3374	110	0.9687756501196035
3374	120	0.9725329191204509
3375	70	1.5545531585841903
3375	80	1.2103813588433427
3375	90	1.0751712252958814
3375	100	1.17978232963273
3375	110	1.1622550141525572
3375	120	1.1285376252069381
3376	70	0.49184648671575326
3376	80	0.6745289306530446
3376	90	0.9038525885079373
3376	100	0.9274272445606109
3376	110	0.9597489594727476
3376	120	1.0168882367024883
3377	70	0.6225282665319217
3377	80	0.9103057251785359
3377	90	1.1542276643971523
3377	100	1.2753768037233455
3377	110	1.2818258998025793
3377	120	1.302463322347541
3378	70	0.6923248397394919
3378	80	0.9149875688819423
3378	90	0.9935072427313373
3378	100	0.9687239914396677
3378	110	0.9712150253954744
3378	120	0.982182039818446
3379	70	1.3957848840532312
3379	80	1.1234886325917812
3379	90	0.9167504016763097
3379	100	0.8610975709596166
3379	110	0.864312339069035
3379	120	0.8564557208435264
3380	70	2.1651890667716662
3380	80	2.4599079815758
3380	90	1.6802014659810285
3380	100	1.5323333598979918
3380	110	1.3443542234318782
3380	120	1.240779789929967
3381	70	0.775651101477827
3381	80	0.8827089741543792
3381	90	0.8754005764403899
3381	100	0.8402729381050426
3381	110	0.9159651337606608
3381	120	0.9334993536309728
3382	70	1.0363241946386164
3382	80	1.0689577916826016
3382	90	0.9380714622878948
3382	100	0.8758391830710318
3382	110	0.8936640329731441
3382	120	0.8925688731804502
3383	70	1.3360386062811662
3383	80	1.5629894467474112
3383	90	1.1803178299078387
3383	100	1.2126770296490472
3383	110	1.123308907638796
3383	120	1.0358964738120802
3384	70	0.6305557605269867
3384	80	0.6655297192542172
3384	90	0.7983371992908218
3384	100	0.834889051531423
3384	110	0.8807001553616022
3384	120	0.942415969180629
3385	70	1.1454614446342515
3385	80	1.0579967713930674
3385	90	0.987530385055221
3385	100	0.9970511065246587
3385	110	0.9114850086000453
3385	120	0.8848329306974201
3386	70	0.54427898985208
3386	80	0.6189239995166357
3386	90	0.6031604208326039
3386	100	0.726557441961326
3386	110	0.807131413406569
3386	120	0.8582735921086304
3387	70	0.6785170155906433
3387	80	0.6702965705202557
3387	90	0.7614607897675222
3387	100	0.8597211237965556
3387	110	0.8495553949566145
3387	120	0.8957020086764361
3388	70	1.5036702494684226
3388	80	1.2701101949524627
3388	90	1.0489754054112952
3388	100	0.8366301065586598
3388	110	0.8121247302051381
3388	120	0.7900598305628781
3389	70	1.434386949758955
3389	80	1.0491435762079042
3389	90	0.9433173986048441
3389	100	0.8686076832931083
3389	110	0.8845469653366883
3389	120	0.8863797511494669
3390	70	1.2651501986057225
3390	80	1.2707757866966134
3390	90	1.1967228504566672
3390	100	1.2380061737914454
3390	110	1.1748394422298865
3390	120	1.1469238157988864
3391	70	0.8385440382293369
3391	80	0.661321330592695
3391	90	0.7146751756279713
3391	100	0.8270677092493196
3391	110	0.8875928193939434
3391	120	0.9100757682563612
3392	70	0.6240505682447212
3392	80	0.8410666787305948
3392	90	1.025375786597742
3392	100	1.120493529513541
3392	110	1.1732610353642459
3392	120	1.1748749540341248
3393	70	1.152154489537646
3393	80	0.7701847102622378
3393	90	0.8232100110055972
3393	100	0.945495695257876
3393	110	0.9123926372605683
3393	120	0.9070570774297236
3394	70	1.69769630348172
3394	80	1.2456758603386273
3394	90	1.143860668519131
3394	100	1.2305149746597845
3394	110	1.233011474837373
3394	120	1.2124026536926868
3395	70	1.170039663483169
3395	80	1.220700405743356
3395	90	1.4005723317032084
3395	100	1.3599162258696345
3395	110	1.248675316478586
3395	120	1.2358577172565808
3396	70	0.6105294979444268
3396	80	0.6079581326292011
3396	90	0.7753573490588929
3396	100	0.8661414760765757
3396	110	0.9138165251772791
3396	120	0.9747298706330714
3397	70	0.6436844945200934
3397	80	0.78286267629347706
3397	90	0.8092794306668541
3397	100	0.8456970800374531
3397	110	0.9000789299845301
3397	120	0.9058129150878751
3398	70	1.2097158014396863
3398	80	1.001721954953851
3398	90	0.8576709554593716
3398	100	0.8733092189844096
3398	110	0.8168862997452212
3398	120	0.8207962078335609
3399	70	0.4109457691438154
3399	80	0.6393780081868422
3399	90	0.9001386682712451
3399	100	0.9376719836188394
3399	110	1.0050331659469343
3399	120	1.0351022454272352
3400	70	0.38546810345016264
3400	80	0.6471236639080767
3400	90	0.8129880768620754
3400	100	0.8759341240018602
3400	110	0.9264816863411027
3400	120	0.9848069862193871
3401	70	1.6320123384799823
3401	80	1.4135450745034037
3401	90	0.9438683665556805
3401	100	1.0481699897553494
3401	110	1.0333334725260914
3401	120	1.0067393194171905
3402	70	0.5187839086933528
3402	80	0.667602661059227
3402	90	0.8975332455446212
3402	100	0.8553741483311965
3402	110	0.8987246297886973
3402	120	0.8940392737514802
3403	70	1.6715751876912768
3403	80	1.2679324597039865
3403	90	1.2746002788381867
3403	100	0.9694705919490927
3403	110	0.9738437037865959
3403	120	0.9838683759719857
3404	70	0.6592969234679936
3404	80	0.8392489131962675
3404	90	0.986934543195814
3404	100	1.00807989785019
3404	110	0.9581737689322367
3404	120	0.9921748362032248
3405	70	0.4711497031997752
3405	80	0.46111564861830584
3405	90	0.6433893155758224
3405	100	0.7991464751991244
3405	110	0.8908389761286277
3405	120	0.9491596479950244
3406	70	1.572133279400375
3406	80	1.3651303211528052
3406	90	1.3306594857108882
3406	100	1.3412270600429028
3406	110	1.3156796806429105
3406	120	1.297385008994312
3407	70	0.9296361830595785
3407	80	0.8834809217674151
3407	90	1.2043384608211913
3407	100	1.0046722171892035
3407	110	1.0026051482622726
3407	120	1.0182939867437297
3408	70	0.46806612961488947
3408	80	0.6501903902471329
3408	90	0.7238485300902323
3408	100	0.896908213295545
3408	110	0.9482598458087543
3408	120	0.9499421118930973
3409	70	1.1606812847471717
3409	80	0.8015767055156477
3409	90	0.9168704505574985
3409	100	1.0098481741535996
3409	110	1.0273932704072242
3409	120	1.01577555592513
3410	70	0.4847007010319019
3410	80	0.48311567954437995
3410	90	0.6188213133571461
3410	100	0.7818245208640107
3410	110	0.8286501555657616
3410	120	0.858284708207466
3411	70	1.0859527873236337
3411	80	1.0911676313460081
3411	90	1.1240181965964935
3411	100	1.195440351771278
3411	110	1.1983363052136318
3411	120	1.1970911024299975
3412	70	0.8790045352038609
3412	80	0.7550214151925774
3412	90	0.7117359566152021
3412	100	0.8223218963204362
3412	110	0.861191055058128
3412	120	0.8897754176675109
3413	70	1.542824870411995
3413	80	1.1659793011955952
3413	90	1.0605419815246924
3413	100	1.084192989763978
3413	110	1.0304673471233303
3413	120	1.039076165913947
3414	70	1.6789819061781126
3414	80	1.1243860692586973
3414	90	1.0658408264118813
3414	100	1.0701793332386826
3414	110	1.075087552428868
3414	120	1.0542484711126672
3415	70	1.481073858467696
3415	80	0.965956395040325
3415	90	0.922752852772928
3415	100	0.8465167931900688
3415	110	0.8306816483474998
3415	120	0.8269347321989435
3416	70	1.2243807243325777
3416	80	1.311767070647624
3416	90	1.249167549417912
3416	100	1.2275002653002567
3416	110	1.2169335574051405
3416	120	1.1669514658488152
3417	70	2.6518754382048377
3417	80	1.4783248644336289
3417	90	1.320766053602651
3417	100	1.1809519848900112
3417	110	1.1263187295395811
3417	120	1.101682374646506
3418	70	0.7215246354189105
3418	80	0.6407679840606352
3418	90	0.7459521068111328
3418	100	0.6921777059927778
3418	110	0.7078465315759864
3418	120	0.7499151882843271
3419	70	2.556888472607316
3419	80	1.997893539890154
3419	90	1.2136393830118715
3419	100	1.033986359488907
3419	110	1.0277694445752568
3419	120	1.0184099748825348
3420	70	1.1563362914049673
3420	80	1.0080818730645003
3420	90	0.7835392859910213
3420	100	0.7611020983724519
3420	110	0.7714910405579611
3420	120	0.7631169983491065
3421	70	0.3811697918996193
3421	80	0.5535715832472788
3421	90	0.7408446678534308
3421	100	0.7369474443579577
3421	110	0.7545064615395737
3421	120	0.7733707069385819
3422	70	0.44352873771764595
3422	80	0.6866821620066209
3422	90	0.7810940441789451
3422	100	0.9611920903402548
3422	110	1.0138177311330618
3422	120	1.039791869418594
3423	70	0.6338080683419106
3423	80	0.7520833625938786
3423	90	0.9023787325027355
3423	100	1.0710956422338689
3423	110	1.1290876610581262
3423	120	1.1737578096468955
3424	70	1.7306092030575457
3424	80	1.414026752331549
3424	90	1.49869387781278
3424	100	1.2087351225518304
3424	110	1.1272583392180633
3424	120	1.1161376948778345
3425	70	0.7172119154283024
3425	80	0.7488619924656809
3425	90	0.9444737155022241
3425	100	0.9628544211733467
3425	110	0.9520277572600878
3425	120	0.9678688653006675
3426	70	0.7052220505143796
3426	80	0.9378547004501954
3426	90	1.024912767508456
3426	100	1.0646842969132733
3426	110	1.102768009170154
3426	120	1.1199045690272404
3427	70	0.48558923287623984
3427	80	0.5125766123807001
3427	90	0.7060358791964002
3427	100	0.7223726625406932
3427	110	0.8176914495487686
3427	120	0.8617236506599916
3428	70	0.5972220434032051
3428	80	0.7021377643461341
3428	90	0.8455236734710339
3428	100	0.872363616386607
3428	110	0.9288426958327264
3428	120	0.9414553844347541
3429	70	0.6245544177761463
3429	80	0.5279974426943771
3429	90	0.6634513352128854
3429	100	0.8036686613134596
3429	110	0.8494788595853968
3429	120	0.8603280654155638
3430	70	1.7274832431021816
3430	80	1.1151225154969018
3430	90	1.1689870450432067
3430	100	1.1974505581584547
3430	110	1.1862077185360809
3430	120	1.1468024449596996
3431	70	1.8936760091839855
3431	80	1.3017013132195316
3431	90	1.0965038417240636
3431	100	0.9297236673599483
3431	110	0.9089581233137426
3431	120	0.9141840793794299
3432	70	0.30363875203731333
3432	80	0.5191328321444619
3432	90	0.8064642658432242
3432	100	1.007172922302717
3432	110	1.018713323259516
3432	120	1.0541498297967546
3433	70	1.676319082440094
3433	80	1.3300373283145426
3433	90	1.4300904698689196
3433	100	1.4434295910228048
3433	110	1.3955567392761805
3433	120	1.372986998206721
3434	70	0.6699977787704577
3434	80	0.9852457592612669
3434	90	1.0449528980918548
3434	100	1.1034191698668188
3434	110	1.105082757009976
3434	120	1.1080723469603084
3435	70	1.1774126203589925
3435	80	1.1508540269737244
3435	90	0.9377478117177628
3435	100	0.9041322203851687
3435	110	0.8681772664398787
3435	120	0.8351275766532933
3436	70	1.488394030932413
3436	80	1.0726198576872212
3436	90	0.9342223809686258
3436	100	0.9185398438064064
3436	110	0.9232623004695033
3436	120	0.9351640753553312
3437	70	0.5948672662115998
3437	80	0.801050074539856
3437	90	0.9423422864647898
3437	100	0.9850329768088621
3437	110	1.0251816871603139
3437	120	1.0370639040773026
3438	70	1.6429352251903577
3438	80	1.3482080921157347
3438	90	1.1864233062126817
3438	100	0.9980047623227233
3438	110	0.9689484406430905
3438	120	0.9538137242176684
3439	70	0.9125418743743139
3439	80	0.8634895258600596
3439	90	0.9892361587820221
3439	100	1.0104463447564842
3439	110	1.0529956517769523
3439	120	1.0567013662921703
3440	70	1.7707493655007238
3440	80	1.377096470204982
3440	90	1.2335286448700291
3440	100	1.1581593768488787
3440	110	1.098529655762195
3440	120	1.052515045226223
3441	70	1.5803175507128364
3441	80	1.703942419053035
3441	90	1.6236346920409448
3441	100	1.5284656274648267
3441	110	1.4339999405014652
3441	120	1.390903696194177
3442	70	0.7629913500661595
3442	80	0.8670766439482878
3442	90	0.8869709647103508
3442	100	0.8478473655331359
3442	110	0.8474603893638881
3442	120	0.8583434754798105
3443	70	0.5594114884819605
3443	80	0.7732722264042167
3443	90	0.9108565498991545
3443	100	0.9364008861531703
3443	110	0.972603599140576
3443	120	0.969709757975556
3444	70	0.7538053912397119
3444	80	0.7137227369586101
3444	90	0.9503456822348523
3444	100	0.9279301854852694
3444	110	0.951802516016899
3444	120	1.0095666583268577
3445	70	0.577895162979695
3445	80	0.8188855042476041
3445	90	0.9337379337476169
3445	100	1.0367983749355931
3445	110	1.0755460469458777
3445	120	1.1013744237983563
3446	70	0.45465806643125184
3446	80	0.68267584399653
3446	90	0.9002628336329794
3446	100	0.8979455144274121
3446	110	0.9171600542795767
3446	120	0.9556563961431839
3447	70	1.1972567942108598
3447	80	0.9067948794783771
3447	90	0.7802440279195133
3447	100	0.8340571816284237
3447	110	0.8176974051139669
3447	120	0.8297912194507227
3448	70	1.3906985064987225
3448	80	1.4338077263284896
3448	90	1.1556654401380322
3448	100	1.1490846980783869
3448	110	1.1253513643901498
3448	120	1.087362007150091
3449	70	0.7861745210656589
3449	80	0.8804407177089603
3449	90	1.0104693469117447
3449	100	0.9605191723957758
3449	110	0.9588189251680397
3449	120	0.9652476767501122
3450	70	1.6126794282236765
3450	80	1.3529467818124663
3450	90	1.3024361461968958
3450	100	1.2546979897608672
3450	110	1.2173980347372475
3450	120	1.1738648621915146
3451	70	3.3920606787270176
3451	80	1.7148143110331682
3451	90	1.2425186981574003
3451	100	1.2213737428049873
3451	110	1.1042626878506772
3451	120	1.0535771380690135
3452	70	1.099100130150991
3452	80	0.9708143142512283
3452	90	1.1177598290573487
3452	100	1.1569261457349511
3452	110	1.1234185559746772
3452	120	1.0980611731332333
3453	70	3.679954229591263
3453	80	2.038477259940412
3453	90	1.5654453700466913
3453	100	1.2172399153577442
3453	110	1.124331383060514
3453	120	1.070774227333998
3454	70	0.63067352554258
3454	80	0.9978244067922918
3454	90	0.9908007930481602
3454	100	1.0023466350130397
3454	110	1.0330446922520666
3454	120	1.043211375846068
3455	70	1.365539397909185
3455	80	1.4313747045503078
3455	90	1.1485055362205463
3455	100	1.013439809219501
3455	110	0.9511144943529743
3455	120	0.9528804493307682
3456	70	0.6253560637658323
3456	80	0.5682739758466675
3456	90	0.6841630484143391
3456	100	0.7532399430915695
3456	110	0.808668299940767
3456	120	0.8333894073042847
3457	70	1.55149373365494
3457	80	1.43666484206706
3457	90	1.2505399729728779
3457	100	1.2693714619273597
3457	110	1.1968874508829284
3457	120	1.154275973291442
3458	70	2.1943539201914835
3458	80	1.4303864333237348
3458	90	1.0392236883748118
3458	100	0.9767804739226641
3458	110	0.9841346475732784
3458	120	0.9858354720570974
3459	70	1.5464731342566322
3459	80	1.2154435348281014
3459	90	1.2729484618580922
3459	100	1.183834376269656
3459	110	1.1315575260413773
3459	120	1.1061697163994693
3460	70	1.8877709629577792
3460	80	1.4774958696999967
3460	90	1.1996397977672608
3460	100	1.10837274657483
3460	110	1.093393366725241
3460	120	1.0789020172603263
3461	70	0.8642187513997458
3461	80	0.831954984769976
3461	90	0.8297242081981393
3461	100	0.884937316602788
3461	110	0.8853961564982021
3461	120	0.9086059809418292
3462	70	1.5946964306843336
3462	80	1.8311084449889412
3462	90	1.5539316711039532
3462	100	1.4104642626853077
3462	110	1.334215555951771
3462	120	1.2834633770008383
3463	70	1.5936788216038467
3463	80	1.1541023681072269
3463	90	1.141290328082061
3463	100	1.2181139445257163
3463	110	1.2205468220639621
3463	120	1.1845725269506404
3464	70	0.6397407353697324
3464	80	0.7157480542015539
3464	90	0.9432103616426046
3464	100	0.8959115418201924
3464	110	0.9658482581294193
3464	120	1.0110732050135587
3465	70	1.841633738548087
3465	80	1.2891232522671385
3465	90	1.369806362804512
3465	100	1.110441479336289
3465	110	1.080451016761577
3465	120	1.098405078696612
3466	70	0.6591625152087699
3466	80	0.8563481948363723
3466	90	0.9223856978709256
3466	100	1.0232175364589444
3466	110	1.0403654331230519
3466	120	1.000224404680241
3467	70	1.2768309865471372
3467	80	1.0516810413015365
3467	90	1.0460163370072277
3467	100	1.0414463746974698
3467	110	1.0257851809549217
3467	120	1.0364259268874065
3468	70	0.607381600531231
3468	80	0.9417833417230083
3468	90	1.0097127958539662
3468	100	1.1612428148846299
3468	110	1.1414799258411155
3468	120	1.148487913033959
3469	70	2.183264041761239
3469	80	1.884276111327845
3469	90	1.6861137691178447
3469	100	1.316506600649882
3469	110	1.241063160662802
3469	120	1.1841435586390368
3470	70	0.6092120760061722
3470	80	0.8198105998571595
3470	90	0.7871950979066483
3470	100	0.7854331247390374
3470	110	0.7837663558645455
3470	120	0.7932889501486133
3471	70	1.1613221256460897
3471	80	0.8923099896169296
3471	90	0.8161122017785601
3471	100	0.8798964938528516
3471	110	0.9164704987309722
3471	120	0.9401790412091315
3472	70	0.4797886696996597
3472	80	0.7598472066135192
3472	90	0.7849681642913462
3472	100	0.8863025976089445
3472	110	0.9129198477538936
3472	120	0.9473654858911545
3473	70	1.1294433803991175
3473	80	0.7618162312090744
3473	90	0.9009990117987192
3473	100	0.9053137909797419
3473	110	0.9055145198829402
3473	120	0.9188136641969079
3474	70	0.7170664229302136
3474	80	0.8499680903768818
3474	90	0.8723009114402136
3474	100	0.8291042055301514
3474	110	0.8471074775247017
3474	120	0.8684941611116485
3475	70	1.3468227514224504
3475	80	1.2828559950855705
3475	90	1.5661413788276803
3475	100	1.2208247527586356
3475	110	1.2294552112514554
3475	120	1.1795637142776143
3476	70	0.9432106055778754
3476	80	0.9745228120094847
3476	90	1.0180819935426642
3476	100	0.992699829207412
3476	110	0.9766382708816034
3476	120	0.9935174482687876
3477	70	0.5628048274467504
3477	80	0.6057707169383704
3477	90	0.7456113308374659
3477	100	0.8001422558587894
3477	110	0.8221589075555263
3477	120	0.8494148535461236
3478	70	0.6510857907403811
3478	80	0.9972733984619406
3478	90	1.3175796027885585
3478	100	1.2354640165732511
3478	110	1.2184713570330483
3478	120	1.2509499613444421
3479	70	0.7856031990882517
3479	80	0.9752324399427781
3479	90	0.95788162172731
3479	100	1.0824380904397641
3479	110	1.036215834093041
3479	120	0.9992657414415931
3480	70	1.295307998778598
3480	80	1.274300672989433
3480	90	1.0934055431317917
3480	100	1.133444552512454
3480	110	1.1283647283214515
3480	120	1.0935737186976495
3481	70	1.9177705197049058
3481	80	1.5447191284801036
3481	90	1.4158776967484077
3481	100	1.0609906761628567
3481	110	1.0354130149283711
3481	120	1.056116746663441
3482	70	0.6978651170050653
3482	80	0.6567354561757327
3482	90	0.794499381185288
3482	100	0.8345417506645691
3482	110	0.8225015249613213
3482	120	0.8418399474615885
3483	70	1.4544411265539865
3483	80	1.5079385824936495
3483	90	1.3391152978915468
3483	100	1.1636270138592117
3483	110	1.079608221693055
3483	120	1.0643807042199878
3484	70	1.2227999422074864
3484	80	0.9452860339798933
3484	90	0.8771722204073147
3484	100	0.9340537398253304
3484	110	0.9409385876007839
3484	120	0.9208322915547178
3485	70	1.2301206812383014
3485	80	0.928739729545009
3485	90	1.0006962615336137
3485	100	0.9244703797400776
3485	110	0.9065756232058048
3485	120	0.9199168720301523
3486	70	1.3946367753834203
3486	80	1.3136735672168145
3486	90	1.0825758295875005
3486	100	1.1841521811981939
3486	110	1.1145457849331122
3486	120	1.0582748263878001
3487	70	1.7238803766952533
3487	80	1.2747334060129845
3487	90	1.175719165598817
3487	100	0.9553953075123639
3487	110	0.9732423939069917
3487	120	0.963118834302903
3488	70	0.8290969629965091
3488	80	0.6676944558251189
3488	90	0.6914082870846019
3488	100	0.755995555828796
3488	110	0.8036566932324574
3488	120	0.8221819154466122
3489	70	2.07197124190993
3489	80	1.7959296494846198
3489	90	1.268078007500278
3489	100	1.2108283334794807
3489	110	1.1288062295645584
3489	120	1.0737026397513445
3490	70	0.5775725048507675
3490	80	0.6498537121479576
3490	90	0.7140998299368336
3490	100	0.6922741251419358
3490	110	0.7393674303887753
3490	120	0.7924593941167761
3491	70	0.6396835906259569
3491	80	0.7205147716975566
3491	90	0.8182389459483002
3491	100	0.8391718342619946
3491	110	0.8314230309720554
3491	120	0.842518964194397
3492	70	0.5481258702254127
3492	80	0.7427648342490064
3492	90	0.8508497770125463
3492	100	0.8298558209610485
3492	110	0.8746786388412862
3492	120	0.9048804586655846
3493	70	1.881250862704556
3493	80	1.4637521873753816
3493	90	1.199797985096512
3493	100	1.0616450306775016
3493	110	1.0201301884924994
3493	120	0.9967015697436266
3494	70	0.5679594034597493
3494	80	0.6027388858258357
3494	90	0.6270267576109717
3494	100	0.8264112065539786
3494	110	0.8521291370656363
3494	120	0.8844738265081666
3495	70	0.6903197575740635
3495	80	0.6244719877955703
3495	90	0.7402542243615174
3495	100	0.930330144601383
3495	110	0.988401482048361
3495	120	1.0487042456659956
3496	70	0.33163854259800624
3496	80	0.4451682861015758
3496	90	0.667813196650009
3496	100	0.7996083849474132
3496	110	0.8549049190153323
3496	120	0.8875495748130338
3497	70	1.0472736162690028
3497	80	0.9268366517025574
3497	90	0.9604421305700886
3497	100	0.9684485407613325
3497	110	0.9576519592452638
3497	120	0.9625619424101284
3498	70	0.45437608078077985
3498	80	0.6383850296991186
3498	90	0.790321343849697
3498	100	0.8678207919160489
3498	110	0.9223257831013574
3498	120	0.914956978412342
3499	70	0.21941411998481467
3499	80	0.3416046591015203
3499	90	0.5871185801336019
3499	100	0.6540214547181646
3499	110	0.7264365126056682
3499	120	0.8104831536293501
3500	70	0.49185548766068277
3500	80	0.4593586193243699
3500	90	0.568908602316978
3500	100	0.6999657945866065
3500	110	0.772930972806883
3500	120	0.8180431931527639
3501	70	2.195542424899203
3501	80	1.1055924995165476
3501	90	0.9825707296906212
3501	100	0.9455446655577723
3501	110	0.9692495804379373
3501	120	0.9653494452708944
3502	70	1.478256030826084
3502	80	1.177202794532008
3502	90	1.0007105749916996
3502	100	1.065366919214096
3502	110	1.032988092795167
3502	120	1.0180491912674174
3503	70	1.102821926989815
3503	80	0.6957617920442275
3503	90	0.637327452244788
3503	100	0.7750509998293154
3503	110	0.8093335347583519
3503	120	0.8147815359407227
3504	70	1.511067049320469
3504	80	1.3872837703918421
3504	90	1.3507741731154872
3504	100	1.256481334414547
3504	110	1.1454102718926154
3504	120	1.088731334655179
3505	70	0.5294908747740755
3505	80	0.6823231328836463
3505	90	0.7541286395601186
3505	100	0.8112761289337891
3505	110	0.8645117757785741
3505	120	0.8851593721839573
3506	70	0.34881735689249405
3506	80	0.5823946575301265
3506	90	0.716481724402861
3506	100	0.8347084638608667
3506	110	0.8183834875642099
3506	120	0.8464730070373352
3507	70	2.9526299181119464
3507	80	1.8172408209358915
3507	90	1.3642895332223164
3507	100	1.213525213666137
3507	110	1.1935585294115756
3507	120	1.166799950379402
3508	70	1.1375078727598973
3508	80	1.5503248516384163
3508	90	1.751321823089943
3508	100	1.2890406581068925
3508	110	1.2178784726400966
3508	120	1.196106123376488
3509	70	0.6550427470076657
3509	80	0.7902901267627512
3509	90	0.8437793999648335
3509	100	1.00099435206217
3509	110	1.0239798366183261
3509	120	1.0389522889713736
3510	70	4.572551424900796
3510	80	2.512742370860581
3510	90	1.8777412025204094
3510	100	1.4582902784256828
3510	110	1.4244109830256453
3510	120	1.3285449521451977
3511	70	0.8170554615589547
3511	80	0.7204960583228557
3511	90	0.8785072424682792
3511	100	1.0421750101212268
3511	110	1.0738007760554493
3511	120	1.1106103873703281
3512	70	2.666649196483346
3512	80	2.2041531427931202
3512	90	1.48702035800571
3512	100	1.3029856439717515
3512	110	1.2191657322292926
3512	120	1.1381170261468867
3513	70	0.6932066158181044
3513	80	0.6807558537459433
3513	90	0.6673735309508445
3513	100	0.7361626678917782
3513	110	0.7834112928721856
3513	120	0.8218404159520531
3514	70	2.383190302859663
3514	80	2.2197555491444274
3514	90	1.7910069343754138
3514	100	1.3531539212874464
3514	110	1.2744515948811
3514	120	1.2190591362469112
3515	70	0.3489813609937026
3515	80	0.4137161595878769
3515	90	0.49854385152997166
3515	100	0.6575861180180744
3515	110	0.6703737274942072
3515	120	0.7268164535219693
3516	70	0.5354152044596772
3516	80	0.6497726626104956
3516	90	0.6234834269474306
3516	100	0.649489334799129
3516	110	0.6865999431084076
3516	120	0.7229843772424773
3517	70	1.3660939586080447
3517	80	1.6463799395671375
3517	90	1.2003227730179729
3517	100	1.2456530834610433
3517	110	1.2319182253747163
3517	120	1.1704333076963427
3518	70	1.5756067515189334
3518	80	1.1574416786262187
3518	90	1.2078988408506526
3518	100	1.0563073914935193
3518	110	1.0073093997075198
3518	120	0.994450809354517
3519	70	3.146019713789895
3519	80	2.033258075565453
3519	90	1.514103871610933
3519	100	1.1224816171021283
3519	110	1.023082913607355
3519	120	0.9595611053250943
3520	70	0.9720630756331666
3520	80	0.8688757575301181
3520	90	0.854027828038373
3520	100	0.9227080360568676
3520	110	0.9511229119001517
3520	120	1.0036624539182908
3521	70	1.201642225402383
3521	80	1.1887029866467234
3521	90	1.269465232633481
3521	100	0.9982189658848462
3521	110	0.9923239580271642
3521	120	0.983595424079152
3522	70	0.33462495265443426
3522	80	0.4788489850447345
3522	90	0.6648745294067666
3522	100	0.7299809618115637
3522	110	0.7954666154478651
3522	120	0.8259543690898468
3523	70	0.6635906973545443
3523	80	0.6490973515756867
3523	90	0.7871314153392089
3523	100	0.9088892694639206
3523	110	0.9122116542844718
3523	120	0.9182621429090151
3524	70	0.5621375133640579
3524	80	0.4645291160833432
3524	90	0.6709867287853604
3524	100	0.7788129314813079
3524	110	0.7860121972128579
3524	120	0.8346395420621119
3525	70	1.1101326934542586
3525	80	0.7024008807239973
3525	90	0.719834342790358
3525	100	0.7635856933986148
3525	110	0.7580809957071791
3525	120	0.7779685111231305
3526	70	1.2016446948940178
3526	80	1.1520953485507903
3526	90	1.1199929701213063
3526	100	0.9535939201861084
3526	110	0.9605304066025654
3526	120	0.9426540420053141
3527	70	2.2208603483380087
3527	80	1.5132129270296448
3527	90	1.0602335957576436
3527	100	1.0523772376104839
3527	110	0.9797638699385885
3527	120	0.9398139542537761
3528	70	0.5444685506534447
3528	80	0.6463753699692095
3528	90	0.8538724261081899
3528	100	0.848966522752855
3528	110	0.8845331113199613
3528	120	0.9238929074483483
3529	70	0.5616862762051574
3529	80	0.829038412543997
3529	90	0.8993193631364688
3529	100	0.7491084295660745
3529	110	0.7766081020115979
3529	120	0.7990042206066932
3530	70	0.5418560495883338
3530	80	0.49257278739302585
3530	90	0.5532027764802057
3530	100	0.6817715850346374
3530	110	0.7441860437879861
3530	120	0.7702617738986511
3531	70	0.7978863859843726
3531	80	1.0917805118225643
3531	90	1.2928409313150822
3531	100	1.192378258011928
3531	110	1.1749421836355856
3531	120	1.1589619021707092
3532	70	2.266578339501926
3532	80	1.7255543264923685
3532	90	1.3546773696835366
3532	100	1.1597594868649346
3532	110	1.0631924090889384
3532	120	1.01381745857555
3533	70	0.4908338847821917
3533	80	0.6718229835624542
3533	90	0.8035683427412235
3533	100	0.910638004332851
3533	110	0.9688609095454876
3533	120	1.0066279029180685
3534	70	0.6657649296135931
3534	80	0.8679345328043587
3534	90	1.10635287248386
3534	100	1.1436239492199678
3534	110	1.1471467547788388
3534	120	1.1676715323061533
3535	70	1.053139161521888
3535	80	0.8995172098054756
3535	90	0.8535582886040344
3535	100	0.85280738026609
3535	110	0.8611902396922204
3535	120	0.8654487309420701
3536	70	1.636547918766729
3536	80	1.2372421618138958
3536	90	1.0572860043543215
3536	100	0.8705577869821498
3536	110	0.8836469805684701
3536	120	0.8995880976004227
3537	70	0.5090164545691317
3537	80	0.45849199040556693
3537	90	0.5890875901904267
3537	100	0.7725945903369559
3537	110	0.8142831508214992
3537	120	0.8540474882381563
3538	70	1.6668309016885141
3538	80	1.786884712811806
3538	90	1.3622632975203095
3538	100	1.4437133897221037
3538	110	1.3865585780512806
3538	120	1.2969416748686953
3539	70	0.9022600245544145
3539	80	0.9950839871670122
3539	90	0.9558381626853142
3539	100	1.0436415523656335
3539	110	1.0310728170027872
3539	120	1.0504478751763056
3540	70	0.49335462419681475
3540	80	0.5851840046603582
3540	90	0.7288881936416345
3540	100	0.736289757398395
3540	110	0.7822428501732615
3540	120	0.8210277822795129
3541	70	1.0958152370997412
3541	80	0.657130942247928
3541	90	0.7351796409813567
3541	100	0.7931198001688455
3541	110	0.7751185802723283
3541	120	0.792414915595577
3542	70	1.3557147493590527
3542	80	1.5333503742372174
3542	90	1.0797495600019866
3542	100	1.0207390428362015
3542	110	1.0280311234012338
3542	120	1.0014111051065897
3543	70	0.6424477189954191
3543	80	0.8027242277771571
3543	90	0.8707536275635795
3543	100	0.7947973339675702
3543	110	0.7858137640626138
3543	120	0.8086994610778082
3544	70	0.5734278907629894
3544	80	0.7410779038624582
3544	90	0.8673474291802665
3544	100	0.9087043943075602
3544	110	0.9295383633464773
3544	120	0.9423297470112413
3545	70	2.1369083042894137
3545	80	1.4030564937376528
3545	90	1.3783504410246714
3545	100	1.1153480057105676
3545	110	1.1072912414927243
3545	120	1.092266722491284
3546	70	1.6098162454518765
3546	80	1.5018717765971974
3546	90	0.9972440311265982
3546	100	1.0180777605917304
3546	110	0.978043783028381
3546	120	0.9554034406247127
3547	70	0.5109024221549832
3547	80	0.6581231075704435
3547	90	0.8539073960262703
3547	100	0.9317522360356693
3547	110	0.9450076457673591
3547	120	0.9632559640770713
3548	70	0.5231412067143708
3548	80	0.7962849034904969
3548	90	0.8172860688235253
3548	100	0.9519399894167828
3548	110	1.009190852844588
3548	120	1.0155770244601554
3549	70	0.6681610339068068
3549	80	0.5222201333381093
3549	90	0.6381170882893027
3549	100	0.7127905845487813
3549	110	0.7543967233712014
3549	120	0.8055421181921656
3550	70	0.7941668376615867
3550	80	0.7463434414250363
3550	90	0.9052581467756108
3550	100	1.024080822076992
3550	110	1.0219866237305073
3550	120	1.0451948772358284
3551	70	2.2188012007787443
3551	80	1.8458866979282245
3551	90	1.241223026101538
3551	100	1.1306486326959932
3551	110	1.0389040380599996
3551	120	0.9923046500248844
3552	70	2.326866360466672
3552	80	1.7418908656318808
3552	90	1.4133820223385083
3552	100	1.2570317431596674
3552	110	1.2138453114827519
3552	120	1.1456087967799549
3553	70	0.7092386226483387
3553	80	0.7591642869505556
3553	90	0.7374312590056311
3553	100	0.7658343818866925
3553	110	0.8315611819628798
3553	120	0.8580657385340956
3554	70	0.6383455631274383
3554	80	0.6937322646393511
3554	90	0.9664880512885445
3554	100	0.9349660725049369
3554	110	0.9334089623733468
3554	120	0.9875899945041519
3555	70	1.150757567811985
3555	80	1.3659434914722395
3555	90	1.1618080535570943
3555	100	1.2780220986137707
3555	110	1.2253849065341684
3555	120	1.184687526594618
3556	70	1.2407550003608134
3556	80	1.5252045373244896
3556	90	1.6237712385451064
3556	100	1.283939628614112
3556	110	1.2618180457279595
3556	120	1.2072974462576793
3557	70	0.5080696801831125
3557	80	0.573523917882301
3557	90	0.773344419140066
3557	100	0.9800550961362825
3557	110	1.069919086046406
3557	120	1.1176379829264074
3558	70	1.1350928087888115
3558	80	0.9097031342973942
3558	90	1.0841566332662986
3558	100	1.1859578652749942
3558	110	1.1495033318930459
3558	120	1.1453409955503642
3559	70	1.139925376767284
3559	80	1.1151714549427776
3559	90	1.1241239421707445
3559	100	1.0702241297735915
3559	110	1.054303824787812
3559	120	1.0174753609381366
3560	70	0.5233510414847623
3560	80	0.6843022905782716
3560	90	1.0857394095880666
3560	100	0.9904472157010215
3560	110	1.034866083210728
3560	120	1.0500650769373305
3561	70	0.469662812602882
3561	80	0.7054553298972717
3561	90	0.9688383843131064
3561	100	1.0325872945876056
3561	110	1.1177427817762542
3561	120	1.1677791971848217
3562	70	1.8953668678729785
3562	80	1.8025312875771509
3562	90	1.4366821883782468
3562	100	1.4311944947751685
3562	110	1.3162607495628726
3562	120	1.3015104744390744
3563	70	1.350482309797178
3563	80	1.1153698090055075
3563	90	1.0026715621333833
3563	100	1.0421340434188338
3563	110	1.0676728829824762
3563	120	1.054603556701736
3564	70	0.751755496120005
3564	80	0.8706218440091539
3564	90	0.8755953254731308
3564	100	0.9910956902271848
3564	110	0.9862345709795834
3564	120	0.9745817722583744
3565	70	1.1425997959863328
3565	80	0.8033598977913868
3565	90	0.8517506297157272
3565	100	0.9540143452796299
3565	110	0.9067783436346946
3565	120	0.9253436617398728
3566	70	1.1972755818167287
3566	80	0.9387977324133828
3566	90	0.8784252379689667
3566	100	0.935040487162857
3566	110	0.9483591503868609
3566	120	0.9855133615165967
3567	70	0.5977604809604431
3567	80	0.6383155607620379
3567	90	0.6841807190829629
3567	100	0.8175419065166928
3567	110	0.8889273263577019
3567	120	0.9633972787914241
3568	70	0.43584221773656745
3568	80	0.5718816995468379
3568	90	0.7668071270649237
3568	100	0.8700184847237523
3568	110	0.9662868778451328
3568	120	1.0102262376103581
3569	70	1.6658234870770379
3569	80	1.3433769038509868
3569	90	1.2643687868418818
3569	100	1.162148431002623
3569	110	1.1250176098748488
3569	120	1.0759173615101003
3570	70	1.325967593095557
3570	80	1.6307454165952113
3570	90	1.868207931707451
3570	100	1.428424016771213
3570	110	1.4356934633047458
3570	120	1.35933599105857
3571	70	1.5394037282647024
3571	80	1.1543591341698602
3571	90	0.9947607235245443
3571	100	1.0765557121847953
3571	110	0.9824200005397926
3571	120	0.9646960364483348
3572	70	0.5486442763166369
3572	80	0.8822540387960478
3572	90	0.8805966691334619
3572	100	0.9197148578480496
3572	110	0.9426017960459393
3572	120	0.9526542283909389
3573	70	1.5011484626365152
3573	80	1.634126745458727
3573	90	1.5912733816197617
3573	100	1.360147271143731
3573	110	1.2878189919715384
3573	120	1.2562227008083775
3574	70	4.4855693435073185
3574	80	2.765649507836295
3574	90	1.6023272293366482
3574	100	1.1357763569652748
3574	110	1.0586035382039207
3574	120	0.9945438601540953
3575	70	2.8144280133416983
3575	80	1.5607304842662568
3575	90	1.0829803320418667
3575	100	0.9735595023512644
3575	110	0.9866002702067346
3575	120	0.9549834911524159
3576	70	4.356915298270069
3576	80	1.5660915737007428
3576	90	0.9650986225964913
3576	100	0.9080158478484566
3576	110	0.8731273160398217
3576	120	0.8497468758394815
3577	70	1.9735351828816399
3577	80	1.5104270239820297
3577	90	1.025955643055409
3577	100	1.0537815256280054
3577	110	1.0649582595012874
3577	120	1.0271464132165833
3578	70	1.5631627136085806
3578	80	1.582380857780023
3578	90	1.284522215556172
3578	100	1.1589688298966099
3578	110	1.1083452595893704
3578	120	1.0437228478042282
3579	70	0.5704260831368504
3579	80	0.9085279738409474
3579	90	0.9564107393860491
3579	100	0.9802030728477111
3579	110	1.0124664275777961
3579	120	1.0379173954267804
3580	70	2.0255175440168647
3580	80	1.506439073184268
3580	90	1.005265130250875
3580	100	0.90575587003445035
3580	110	0.896028777326689
3580	120	0.8628342056836904
3581	70	0.4219476078656705
3581	80	0.725130175458751
3581	90	0.7390348132317869
3581	100	0.787974362629095
3581	110	0.8269430571869556
3581	120	0.8418290473366467
3582	70	1.6749281224185613
3582	80	2.0142874544158795
3582	90	1.8276651161343398
3582	100	1.6035532830099632
3582	110	1.4836905508457552
3582	120	1.3880499202144538
3583	70	0.44992471453644456
3583	80	0.49965823795392783
3583	90	0.6443659336593713
3583	100	0.7077072080990943
3583	110	0.7693643409328632
3583	120	0.8368732170458446
3584	70	1.3149263185768667
3584	80	1.135612108035783
3584	90	1.1257531311999769
3584	100	1.2289548472548972
3584	110	1.1756875510896527
3584	120	1.134717605994845
3585	70	3.3369417009728846
3585	80	1.9070263817415383
3585	90	1.488241402802663
3585	100	1.1571799795822684
3585	110	1.1020678159292936
3585	120	1.0867088531852889
3586	70	1.8384825196338501
3586	80	1.4531553848179601
3586	90	1.37519362254346
3586	100	1.1323613705922897
3586	110	1.1467507600244555
3586	120	1.1106944360777278
3587	70	2.0268463775072147
3587	80	1.324443992489085
3587	90	1.118301929529453
3587	100	0.9991971813985701
3587	110	0.9082212830690611
3587	120	0.9035978335893923
3588	70	1.6836069707071244
3588	80	1.363726013243508
3588	90	1.2925354092007981
3588	100	1.1203320152767684
3588	110	1.0526903221498798
3588	120	1.0443001613825262
3589	70	0.47938423445510964
3589	80	0.513316076023376
3589	90	0.614313418269584
3589	100	0.6989140125924967
3589	110	0.744715335801177
3589	120	0.7841464690268517
3590	70	0.5810509147947279
3590	80	0.7339311180415791
3590	90	0.7530738019333115
3590	100	0.9222959744525147
3590	110	0.9277075444016827
3590	120	0.9025549209190055
3591	70	0.4431028432789781
3591	80	0.5718346836526103
3591	90	0.827494149883642
3591	100	1.00895098610657
3591	110	1.0425593994899227
3591	120	1.0806101328938338
3592	70	4.036207062216039
3592	80	1.653348176709734
3592	90	1.01091157765579
3592	100	1.093103718029224
3592	110	1.0148364093493407
3592	120	0.9492857053797352
3593	70	1.2032178469232366
3593	80	1.1201254211311014
3593	90	1.0968829372807651
3593	100	1.1015814288319694
3593	110	1.1021627700404768
3593	120	1.0679942760544878
3594	70	0.5380438710600394
3594	80	0.8729860929682856
3594	90	1.0884835343526593
3594	100	0.8773602375927416
3594	110	0.9149405636574339
3594	120	0.9554606605680052
3595	70	0.6102648933950189
3595	80	0.6777471059216003
3595	90	0.7894302984648154
3595	100	0.9197529615454222
3595	110	0.9485636542307925
3595	120	0.978780263692007
3596	70	1.5883759609299446
3596	80	1.2481960573815891
3596	90	1.2567915138320864
3596	100	1.2441714787521478
3596	110	1.1567877526325505
3596	120	1.1506983650066958
3597	70	0.45662389728676617
3597	80	0.6866191681095389
3597	90	0.8861128821761489
3597	100	0.9913546553382988
3597	110	0.985326847796787
3597	120	1.0151356097690916
3598	70	0.5130413736807956
3598	80	0.5625884839019808
3598	90	0.6246399689529183
3598	100	0.6625500886070483
3598	110	0.6947872439228843
3598	120	0.7373749835782015
3599	70	0.5841118373309724
3599	80	0.7843443783894865
3599	90	0.9325736496564638
3599	100	1.0512449899598035
3599	110	1.0740085577280698
3599	120	1.0962014876005932
3600	70	1.5229357958269512
3600	80	1.7523134290009503
3600	90	1.5025894770034838
3600	100	1.4511801832944227
3600	110	1.333436244421315
3600	120	1.2656594409102253
3601	70	1.2673146675173397
3601	80	1.5185679383200898
3601	90	1.2579011296103597
3601	100	0.9623806820798037
3601	110	0.9205754614477268
3601	120	0.9095967329685639
3602	70	2.092189735018207
3602	80	1.110680081822251
3602	90	0.9416121155383821
3602	100	1.0686477671535468
3602	110	1.0339198612108598
3602	120	1.0255950653709127
3603	70	1.6305895412808287
3603	80	1.3726766346441215
3603	90	1.1241261106484608
3603	100	1.1066584283973129
3603	110	1.0976035255401324
3603	120	1.0534622707771464
3604	70	0.627333096489957
3604	80	0.7146316408208364
3604	90	0.8822382365270355
3604	100	0.9241257894255323
3604	110	0.9701315429952648
3604	120	0.973935820715683
3605	70	0.9916141246610968
3605	80	0.845820424086626
3605	90	0.8979787803264283
3605	100	1.029183884460876
3605	110	0.9904858487341076
3605	120	0.9791460327433785
3606	70	0.7665330874478484
3606	80	0.679484775288448
3606	90	0.7907433415291222
3606	100	0.8508711149038004
3606	110	0.9155020074052871
3606	120	0.9363688497018078
3607	70	2.525741826511012
3607	80	1.86444257962849
3607	90	1.4827613655459362
3607	100	1.3950017321701131
3607	110	1.4171675771143648
3607	120	1.373359929415783
3608	70	1.4515626157804433
3608	80	1.1538526401349756
3608	90	0.9500399254835783
3608	100	0.9881275044907248
3608	110	0.9950955479484999
3608	120	0.9865018880136328
3609	70	0.795516617350483
3609	80	0.7934782096887171
3609	90	1.0819125824571822
3609	100	1.0543678522725066
3609	110	1.0637840579357467
3609	120	1.0500176656563456
3610	70	0.6307117098151449
3610	80	0.749478006931068
3610	90	0.7289370159516455
3610	100	0.807722552897356
3610	110	0.8432967611484161
3610	120	0.838033373975487
3611	70	0.519182039755384
3611	80	0.6515825055892178
3611	90	0.8474600419849283
3611	100	0.8784428458558119
3611	110	0.9157894888387027
3611	120	0.9481833462148171
3612	70	0.6264414821448258
3612	80	0.8440364203182903
3612	90	0.9681266797324259
3612	100	1.0557985675642378
3612	110	1.1081230905050612
3612	120	1.1101759769649315
3613	70	0.5839398998747595
3613	80	0.8482598461692191
3613	90	0.9108197486255742
3613	100	0.8742033642341163
3613	110	0.8586525270846214
3613	120	0.8716954018737304
3614	70	0.6547831097391572
3614	80	0.6107823108734135
3614	90	0.7041725256666679
3614	100	0.7485375637072984
3614	110	0.7518357525610708
3614	120	0.7881241400313438
3615	70	1.7416517438396868
3615	80	1.392785154566039
3615	90	1.2957464473778029
3615	100	1.2591809487836207
3615	110	1.1849249826802697
3615	120	1.1242268145163987
3616	70	2.0991077939262346
3616	80	1.8971593428020799
3616	90	1.4744449986236419
3616	100	1.3005985580807895
3616	110	1.2486713635840392
3616	120	1.168167082667323
3617	70	1.4453411579878275
3617	80	1.1744497702884407
3617	90	1.13928539632691
3617	100	1.1568250609135025
3617	110	1.1207394642271622
3617	120	1.101679890727494
3618	70	1.4600877111857777
3618	80	1.337771661940982
3618	90	1.37734544158806
3618	100	1.3004381033916361
3618	110	1.2832993254007898
3618	120	1.2843275586816778
3619	70	1.0906781588677286
3619	80	0.9627418198485205
3619	90	1.0160895545672846
3619	100	0.8533232216072772
3619	110	0.8464596911199288
3619	120	0.8547760828599245
3620	70	1.9479392349013367
3620	80	1.3994499927458537
3620	90	1.308208856718147
3620	100	1.268701397408332
3620	110	1.2072916134337544
3620	120	1.173347232523853
3621	70	1.471228382865858
3621	80	1.0264298802352096
3621	90	1.0316538198209135
3621	100	1.0146011639301489
3621	110	1.0271153765712504
3621	120	0.9884207782548494
3622	70	0.8677854653580834
3622	80	1.0611982496885948
3622	90	1.0483518420213331
3622	100	0.9292796344079534
3622	110	0.9517554275399644
3622	120	0.9546842885774103
3623	70	0.5133336273810736
3623	80	0.5076488425133513
3623	90	0.7032260422669476
3623	100	0.7270460169918368
3623	110	0.8117756140600966
3623	120	0.8578741149393277
3624	70	1.740168645662291
3624	80	1.9506303570731636
3624	90	1.348309727544017
3624	100	1.2563593711484629
3624	110	1.1775803667938178
3624	120	1.1249232881012319
3625	70	1.2328164036820484
3625	80	0.8593099405109035
3625	90	0.9770711949665271
3625	100	1.033129204085019
3625	110	1.0819847453958982
3625	120	1.0729162053143169
3626	70	1.900872912681987
3626	80	1.1546041408288203
3626	90	1.0184398220495539
3626	100	1.056736042413622
3626	110	1.0965013561315275
3626	120	1.0853384635334067
3627	70	1.245326687184639
3627	80	1.3071689441071204
3627	90	1.1508179093874351
3627	100	0.8897693679722122
3627	110	0.8929609279480628
3627	120	0.8971436561036263
3628	70	0.5211621346056408
3628	80	0.7413212757216663
3628	90	0.8849883247690183
3628	100	0.9210474759217054
3628	110	0.9473097831446958
3628	120	0.9674519828918701
3629	70	1.6993277105344036
3629	80	1.7452548954598173
3629	90	1.2705709971221664
3629	100	1.0961517073524494
3629	110	1.0351998315796902
3629	120	0.9802232059353885
3630	70	0.554688160941727
3630	80	0.5136279005172274
3630	90	0.5477497888700434
3630	100	0.7125324873460999
3630	110	0.7664688688472302
3630	120	0.782503020371569
3631	70	1.7327291934866915
3631	80	1.3513612016664225
3631	90	1.1502002142756391
3631	100	0.899135404754926
3631	110	0.9116341858268054
3631	120	0.9027820262214026
3632	70	1.3825990951098146
3632	80	1.4707614561329063
3632	90	1.2678895447912564
3632	100	1.1452753350360774
3632	110	1.0614001505980384
3632	120	1.038365682715117
3633	70	1.7117055956603455
3633	80	1.3554844554780825
3633	90	1.0010999111229004
3633	100	1.026927738881808
3633	110	0.9783776535938254
3633	120	0.9459045618391204
3634	70	1.0208576055389904
3634	80	1.113793584825007
3634	90	1.12315151443008
3634	100	1.0204697941421539
3634	110	0.9597452424760692
3634	120	0.9781772021537903
3635	70	1.0199971465723254
3635	80	0.8391704050752796
3635	90	0.7973729203333418
3635	100	0.932664365119766
3635	110	0.9479906485800831
3635	120	0.9462247010263557
3636	70	1.0073364271514502
3636	80	0.8461990661703999
3636	90	0.8891732048246039
3636	100	0.8805988130861412
3636	110	0.9328502702406465
3636	120	0.9843537139579082
3637	70	1.6260515758711624
3637	80	1.0750584962618392
3637	90	1.211796680294495
3637	100	1.0600843703858378
3637	110	1.0677595275522633
3637	120	1.0694359477153887
3638	70	1.4667204781892096
3638	80	1.532675534717824
3638	90	1.422979887582138
3638	100	1.3721304612023213
3638	110	1.2793739789830114
3638	120	1.1861960556220164
3639	70	0.38143290005872166
3639	80	0.42261455968313927
3639	90	0.5688984261893308
3639	100	0.6146483182925396
3639	110	0.667125928137335
3639	120	0.7195210005934922
3640	70	0.4690146154644374
3640	80	0.5918602997779794
3640	90	0.8830547260582515
3640	100	0.9450031802107818
3640	110	1.0336974471806488
3640	120	1.0770914288793265
3641	70	1.5664012099732187
3641	80	1.4204172839549958
3641	90	1.0136265542848668
3641	100	1.0532123574288117
3641	110	1.0134794594013843
3641	120	0.9698626741556711
3642	70	0.6452807695892423
3642	80	0.9947321336506142
3642	90	1.11910604965141
3642	100	0.9753023767921868
3642	110	1.0205319203834624
3642	120	1.0506173306137232
3643	70	1.6379820786371826
3643	80	1.1968675581434445
3643	90	1.019330569021449
3643	100	1.028255569749894
3643	110	0.9932365495697304
3643	120	0.973818942884774
3644	70	1.8138387920006962
3644	80	1.341542288528595
3644	90	1.2523708815471404
3644	100	1.0708089991975744
3644	110	1.040153200931303
3644	120	1.0331254635625868
3645	70	2.5518782516579743
3645	80	1.9045992624453378
3645	90	1.5397170442305668
3645	100	1.6287180209741223
3645	110	1.534291219236524
3645	120	1.4151584565067832
3646	70	0.703758238026765
3646	80	0.7896167269464097
3646	90	0.7947810787496676
3646	100	0.8010243869079432
3646	110	0.8304569713624673
3646	120	0.8409375470170881
3647	70	1.5331182296626829
3647	80	1.1148376248936733
3647	90	0.9386926786735992
3647	100	1.0212773440590193
3647	110	0.9623764803814184
3647	120	0.9260417484616805
3648	70	1.9446312153123189
3648	80	1.1714846959545206
3648	90	0.7958083329811525
3648	100	0.7493034416422232
3648	110	0.7241948768822724
3648	120	0.712432302228177
3649	70	0.43652174059023646
3649	80	0.671961690529731
3649	90	0.7734322234609913
3649	100	0.7428481931361357
3649	110	0.7369419766104145
3649	120	0.7588061801110029
3650	70	0.5487701683431359
3650	80	0.551498863829862
3650	90	0.6584569981396754
3650	100	0.823397393559568
3650	110	0.8458746664723408
3650	120	0.8965479668657658
3651	70	1.6726575033516606
3651	80	1.8078462376365392
3651	90	1.7668411461232238
3651	100	1.337149532945105
3651	110	1.2576158532783273
3651	120	1.202177415494716
3652	70	1.4478736591581647
3652	80	1.5748533365210031
3652	90	1.119804561170329
3652	100	0.9249610106172647
3652	110	0.9418934034601925
3652	120	0.9245616672770055
3653	70	1.5270537246759606
3653	80	1.1423350045056124
3653	90	0.8337700412281852
3653	100	0.7770833288023804
3653	110	0.7657262496089707
3653	120	0.7749912561409033
3654	70	0.45780213792150604
3654	80	0.5297255270363879
3654	90	0.6018918451502974
3654	100	0.8019549459119267
3654	110	0.8557909401269581
3654	120	0.9024110903328817
3655	70	0.30808180315034295
3655	80	0.5100496025230903
3655	90	0.7228430657006468
3655	100	0.9020026178682956
3655	110	0.9565181290936658
3655	120	1.0105146110872096
3656	70	1.657049791040764
3656	80	1.3327296775399853
3656	90	1.4910582460254618
3656	100	1.3517823366985828
3656	110	1.3836630798491143
3656	120	1.3554151141917443
3657	70	1.6835652961886132
3657	80	1.895214131336206
3657	90	1.493822031538589
3657	100	1.3692046415993557
3657	110	1.2783004679866379
3657	120	1.2204913867956129
3658	70	1.7428636125489836
3658	80	1.7360046266284919
3658	90	1.0754276526708548
3658	100	1.0461709475700063
3658	110	0.998990957746239
3658	120	0.9712096848428147
3659	70	1.6180258606030478
3659	80	1.6547139098866988
3659	90	1.2653647301472055
3659	100	1.2427767022785234
3659	110	1.2093880688482246
3659	120	1.1683689082469442
3660	70	0.7533295969928598
3660	80	1.0314705980478471
3660	90	1.0932208543783177
3660	100	1.1649365624648091
3660	110	1.177610628472749
3660	120	1.1903397578213764
3661	70	2.003046446509308
3661	80	1.4655563113579366
3661	90	1.4303325672656049
3661	100	1.1550757184636455
3661	110	1.0738621149865093
3661	120	1.0234802150478173
3662	70	0.6075533064158121
3662	80	0.6274732337343571
3662	90	0.7311107968869346
3662	100	0.8363281458069316
3662	110	0.8857227567517171
3662	120	0.9189286451851149
3663	70	0.4546473985517642
3663	80	0.7244549905500457
3663	90	0.9546513031583105
3663	100	0.8946876141851247
3663	110	0.9285365643871979
3663	120	0.9612263316979656
3664	70	0.6156480181105071
3664	80	0.958641090964554
3664	90	1.126078707025099
3664	100	1.2059937411081696
3664	110	1.2624351996840582
3664	120	1.2361791958216382
3665	70	1.5738022979673483
3665	80	1.6957517582668815
3665	90	1.577516040036601
3665	100	1.480922657489931
3665	110	1.2925820454607564
3665	120	1.2345851172845332
3666	70	1.8513891677989083
3666	80	1.9290708140795672
3666	90	1.6982763085843418
3666	100	1.7197148837093053
3666	110	1.5472995100082425
3666	120	1.4603629014119608
3667	70	0.4036833818408214
3667	80	0.6099439801474079
3667	90	0.8024251724180621
3667	100	0.818186127756504
3667	110	0.8508703352505328
3667	120	0.8897354616981071
3668	70	2.1845744558892553
3668	80	1.4340629968601404
3668	90	1.097978091784222
3668	100	1.1571009795982656
3668	110	1.1584365257046614
3668	120	1.120820620512238
3669	70	0.9643151664674007
3669	80	0.7511227507437546
3669	90	0.8021960502048286
3669	100	0.8720603957429715
3669	110	0.8572938763861778
3669	120	0.9008063424431328
3670	70	1.433462735245444
3670	80	1.4973269442833645
3670	90	1.4747877497791546
3670	100	1.1808437999447117
3670	110	1.1327670775050422
3670	120	1.1059489108151872
3671	70	1.2633832400266893
3671	80	1.508902157317109
3671	90	1.2354132798530246
3671	100	1.2341438818612291
3671	110	1.170461003108226
3671	120	1.1239810439768338
3672	70	1.165013330247053
3672	80	1.2663906212138998
3672	90	1.023455024343348
3672	100	1.0540646231796242
3672	110	1.0191623485627423
3672	120	1.0221662814553678
3673	70	0.6419596121504404
3673	80	0.6593458973547448
3673	90	0.7609269112095691
3673	100	0.937446847755481
3673	110	0.9229635247700501
3673	120	0.9712511422989929
3674	70	0.5310370131336836
3674	80	0.7881436714149057
3674	90	0.9159776830601316
3674	100	0.9766001085492176
3674	110	1.0257719227221025
3674	120	1.0484847950994198
3675	70	0.8406649316865489
3675	80	0.9374921958285249
3675	90	1.025286989628784
3675	100	1.0035742543935284
3675	110	1.0121232668156253
3675	120	1.009173191515864
3676	70	0.2715106472956143
3676	80	0.4047947247536152
3676	90	0.6387244776799569
3676	100	0.8127563629516301
3676	110	0.8797295239468736
3676	120	0.9022535793415264
3677	70	1.0082382043521418
3677	80	1.1280054592151374
3677	90	1.2925198893567271
3677	100	1.1243246631436123
3677	110	1.1124245096780079
3677	120	1.1395485240483028
3678	70	1.8618964222491126
3678	80	1.8119299694628543
3678	90	1.5204383848652634
3678	100	1.545158615598921
3678	110	1.493040754921977
3678	120	1.4326471455694425
3679	70	2.976300510682689
3679	80	1.3456510783872295
3679	90	1.099033381898489
3679	100	0.9583070739055747
3679	110	0.9291804888076887
3679	120	0.9179210103536384
3680	70	0.3716700595827131
3680	80	0.5565124486250513
3680	90	0.7449272910383704
3680	100	0.7852781197612705
3680	110	0.819883482547755
3680	120	0.8383795458963516
3681	70	1.132878418674706
3681	80	1.2582715998753065
3681	90	1.1724948985745363
3681	100	1.1204652099737242
3681	110	1.0588448002884532
3681	120	1.0536080185465955
3682	70	0.6366552633189176
3682	80	0.7648769852195586
3682	90	0.7210783764139466
3682	100	0.7888167299189945
3682	110	0.8223358587437186
3682	120	0.8496705258222158
3683	70	1.2533476842303461
3683	80	1.2765068838356375
3683	90	0.9904747272013935
3683	100	1.0236249859542188
3683	110	0.9727976834319674
3683	120	0.9610732712922372
3684	70	1.595585794422516
3684	80	1.181514275368462
3684	90	1.0089705771263242
3684	100	0.8328091965028965
3684	110	0.8234695605379918
3684	120	0.8247405554621737
3685	70	1.2870205102708197
3685	80	0.9759869680553839
3685	90	0.9414764456693119
3685	100	1.0952029132693306
3685	110	1.061788361505304
3685	120	1.0764196645017747
3686	70	0.5009538852376747
3686	80	0.7685352283117309
3686	90	0.7745008278221822
3686	100	0.8458932508189367
3686	110	0.8767766008217144
3686	120	0.9155028242688109
3687	70	2.2052477933115266
3687	80	1.5594268704138496
3687	90	1.0282881234305097
3687	100	1.0929389859114078
3687	110	1.0611274696829378
3687	120	0.9927337144493468
3688	70	1.5352460511795731
3688	80	1.7935934798346689
3688	90	1.6465079092990083
3688	100	1.4526880195076932
3688	110	1.421776550564558
3688	120	1.37186867483628
3689	70	1.4710262314001599
3689	80	1.2664326015604135
3689	90	0.980040309123613
3689	100	0.8948170774330758
3689	110	0.8796823009831771
3689	120	0.8636083650935982
3690	70	2.2314471635423883
3690	80	1.410704373565178
3690	90	1.198400356661949
3690	100	0.9880861627992095
3690	110	0.9711487401962157
3690	120	0.9787478959426283
3691	70	1.5994852010077192
3691	80	1.1211845225975516
3691	90	0.8958743471484769
3691	100	0.9327632216131673
3691	110	0.9067901729557024
3691	120	0.9104863957059279
3692	70	1.1252298632417166
3692	80	1.0303476657197888
3692	90	1.046181054808517
3692	100	0.8555620105449999
3692	110	0.8690394910835136
3692	120	0.8562077746388564
3693	70	1.2806066211602039
3693	80	1.272273015252337
3693	90	1.1273440639324614
3693	100	1.258579850496277
3693	110	1.186718342129397
3693	120	1.1128419712170412
3694	70	1.6516496707949067
3694	80	1.3222108397424777
3694	90	0.9734174858380512
3694	100	1.0952661483373025
3694	110	1.0215678468350735
3694	120	1.0117312863494172
3695	70	0.41197126475039075
3695	80	0.42579438273692904
3695	90	0.6166331410887927
3695	100	0.7051437352109877
3695	110	0.7734736451030271
3695	120	0.8036679784197717
3696	70	0.46178989785373104
3696	80	0.49769217403560856
3696	90	0.5353706796066123
3696	100	0.6513926487049119
3696	110	0.6846347592301815
3696	120	0.7329711845580681
3697	70	1.1683928023063772
3697	80	1.1972629027823367
3697	90	1.3015780760566855
3697	100	1.0883432973954885
3697	110	1.1092906770953124
3697	120	1.0912901360186236
3698	70	0.5877034961198234
3698	80	0.9117404012256592
3698	90	1.1110745661424621
3698	100	1.0351633246516005
3698	110	1.0568058588451343
3698	120	1.0559210528410858
3699	70	1.9065388656806252
3699	80	1.3706488595874662
3699	90	0.9389571943663445
3699	100	0.9460321991716526
3699	110	0.9167574029752097
3699	120	0.9211375561816607
3700	70	0.5720326223235295
3700	80	0.7779176222278097
3700	90	0.87962116518822
3700	100	1.0511430257411292
3700	110	1.0736005462700622
3700	120	1.069183230482847
3701	70	1.5340384153103128
3701	80	0.9230802303974445
3701	90	0.7483460248575666
3701	100	0.7855037430597153
3701	110	0.7962092532165782
3701	120	0.8109563702548132
3702	70	2.038072057695209
3702	80	1.9297836632336949
3702	90	1.1387616132160947
3702	100	0.9839914556458964
3702	110	0.9372745409189123
3702	120	0.8984064243242909
3703	70	0.3833520473029162
3703	80	0.5530410894022051
3703	90	0.7998932953064319
3703	100	0.8154996716873292
3703	110	0.862386145268817
3703	120	0.897936767568781
3704	70	1.3131276046080136
3704	80	0.9123145494331526
3704	90	0.8676052522159333
3704	100	0.8020230023753568
3704	110	0.8184696705775395
3704	120	0.8074205022793124
3705	70	0.8610316758148031
3705	80	0.9255960304622669
3705	90	0.7668957385389474
3705	100	0.9142311304858042
3705	110	0.8750458115493295
3705	120	0.8772047018935105
3706	70	0.9806939839479782
3706	80	1.1344732033179252
3706	90	1.2094983884262773
3706	100	1.229210021327498
3706	110	1.221955865933834
3706	120	1.172316361623714
3707	70	1.6139526089090157
3707	80	1.3816796402297227
3707	90	1.2826149024305897
3707	100	1.3794300466065765
3707	110	1.2391272880751465
3707	120	1.2258898338238917
3708	70	0.651908863003202
3708	80	0.7663236344705976
3708	90	0.6955154423989568
3708	100	0.67418707689739
3708	110	0.683061774378361
3708	120	0.7138375867281624
3709	70	2.3997884907734695
3709	80	2.3940755546467676
3709	90	1.9031369819249782
3709	100	1.3846932864576342
3709	110	1.336341849714777
3709	120	1.261119965359116
3710	70	1.9550238281335657
3710	80	1.4824866902134393
3710	90	1.1061326479609699
3710	100	1.2047947089914155
3710	110	1.1455382856943876
3710	120	1.0859386074043154
3711	70	0.8843556820016771
3711	80	1.0965925346803205
3711	90	1.4669480348396584
3711	100	1.4352017201427016
3711	110	1.4466174286850135
3711	120	1.4209052964410824
3712	70	2.067047033607125
3712	80	2.277356678451307
3712	90	2.1678998753771963
3712	100	1.861616251761935
3712	110	1.770355626365676
3712	120	1.6303194433135515
3713	70	1.3855822556400363
3713	80	1.072588917811639
3713	90	1.0948450907556904
3713	100	0.9111413938687597
3713	110	0.8966280538957311
3713	120	0.9238261223760903
3714	70	1.8573550005996116
3714	80	1.8635693547616137
3714	90	1.552564600081235
3714	100	1.2843986050212806
3714	110	1.2574039660135696
3714	120	1.2149189847743815
3715	70	0.5347318704196253
3715	80	0.7084828124285679
3715	90	0.9062025645980286
3715	100	0.9625007761985603
3715	110	0.9311379165942162
3715	120	0.9383919834565148
3716	70	2.075202141989835
3716	80	1.2530024005382858
3716	90	0.9045752822281758
3716	100	0.8624021974778736
3716	110	0.8830418602172863
3716	120	0.8990742957793437
3717	70	1.8516370791834258
3717	80	1.178045836427798
3717	90	1.0510109705997792
3717	100	1.1544609829081511
3717	110	1.0536182628955042
3717	120	1.0272380929085663
3718	70	0.6701279132586305
3718	80	0.9595778615816986
3718	90	0.9071579929940599
3718	100	0.8998567949811074
3718	110	0.9649288297981922
3718	120	0.9828945445534241
3719	70	0.6100589257999816
3719	80	0.6807505569081911
3719	90	0.6478871486467788
3719	100	0.7095647275599477
3719	110	0.7209606034609034
3719	120	0.7579473814232947
3720	70	0.5093364609612389
3720	80	0.6549531893886341
3720	90	0.7851333191907558
3720	100	0.950410207138063
3720	110	0.9123932540346413
3720	120	0.9339295376525838
3721	70	1.2531705076021644
3721	80	1.204591856857506
3721	90	1.107115788648496
3721	100	1.1297519515469365
3721	110	1.0861023209946674
3721	120	1.0435025236891187
3722	70	1.125368827025524
3722	80	1.3505025376061663
3722	90	1.138758380600415
3722	100	1.0917972161523564
3722	110	1.0401672312962909
3722	120	1.0002436184554548
3723	70	1.7190312993665633
3723	80	1.5258444970624923
3723	90	1.329521864175073
3723	100	1.2556637062354574
3723	110	1.1673902941673762
3723	120	1.1530574817490566
3724	70	0.4477091374282933
3724	80	0.6857037563469076
3724	90	0.8832553798873544
3724	100	0.9545974349680554
3724	110	0.9315922778291712
3724	120	0.9548507936921234
3725	70	0.49055461052100446
3725	80	0.5833038399780243
3725	90	0.7245000121870326
3725	100	0.8055440885995565
3725	110	0.8168458181918382
3725	120	0.8573682418604219
3726	70	1.6312563936825797
3726	80	1.348221299288752
3726	90	1.5015995198694156
3726	100	1.2155073781871804
3726	110	1.1289218434577282
3726	120	1.1226082263597439
3727	70	0.6334432043963083
3727	80	0.7566046427319323
3727	90	0.8456098939645208
3727	100	0.9688186598444187
3727	110	1.0523583104218253
3727	120	1.075839816312097
3728	70	1.614060081226539
3728	80	1.4959320803034877
3728	90	1.7947609776519922
3728	100	1.5637388005235953
3728	110	1.4118767549855409
3728	120	1.3145677680370498
3729	70	1.5526214093542954
3729	80	1.2183897937299342
3729	90	1.0941278402514818
3729	100	1.019393414276273
3729	110	0.9881958336645238
3729	120	0.966784319500345
3730	70	1.1335374903121538
3730	80	1.1981053660427476
3730	90	1.3477488219405114
3730	100	1.1536004527550592
3730	110	1.1488931334069372
3730	120	1.134849781953655
3731	70	0.42794478890150517
3731	80	0.4896572983307209
3731	90	0.6202380186613888
3731	100	0.8054976084575625
3731	110	0.8292996328089152
3731	120	0.8649216274071829
3732	70	2.235129123136238
3732	80	1.5782872860389343
3732	90	1.0725150162279506
3732	100	0.9300072647608556
3732	110	0.8693505564388142
3732	120	0.8576020994181581
3733	70	1.6348322847442858
3733	80	1.5045572842254067
3733	90	1.3608360783606694
3733	100	1.28656567498146
3733	110	1.184210226295605
3733	120	1.1270716761274095
3734	70	0.46499732635638985
3734	80	0.7583426651101169
3734	90	0.8996286201067911
3734	100	0.9928269873844929
3734	110	1.017347306091064
3734	120	1.0360075000359177
3735	70	0.7568250571302796
3735	80	0.5761219611895393
3735	90	0.6933652174173184
3735	100	0.8693998765455772
3735	110	0.9342304488966617
3735	120	0.9828094308465178
3736	70	0.6799475181589623
3736	80	0.6000756527342863
3736	90	0.7222439962563849
3736	100	0.8741895435524245
3736	110	0.926898682107971
3736	120	0.9387926945532608
3737	70	1.5660194601439583
3737	80	1.6589103994567864
3737	90	1.192911625715811
3737	100	1.2848794404232484
3737	110	1.1946241147265593
3737	120	1.1239709409917544
3738	70	1.0588838599271606
3738	80	1.1863758995793476
3738	90	1.1412804828982313
3738	100	1.1418465675035008
3738	110	1.107236627565323
3738	120	1.0762183121570712
3739	70	0.8290767541597921
3739	80	0.6811326686815555
3739	90	0.868932766254263
3739	100	1.021966780084669
3739	110	0.9933017431382495
3739	120	1.0348597567106756
3740	70	2.0371204494768778
3740	80	1.2081077340321387
3740	90	1.0823176747786671
3740	100	1.0868627781543498
3740	110	1.064402129871077
3740	120	1.0606302746778293
3741	70	0.41872799620710566
3741	80	0.6229646275340759
3741	90	0.7425084183938359
3741	100	0.9246433111415088
3741	110	0.938722236056383
3741	120	0.9710705905519964
3742	70	1.155555389803585
3742	80	1.260340486006637
3742	90	1.2944642616487374
3742	100	1.1873762621004873
3742	110	1.1880847471035367
3742	120	1.1597335648192983
3743	70	1.5611714406194852
3743	80	1.5091089831399165
3743	90	1.1763463671022651
3743	100	1.2639754104495236
3743	110	1.186171321255602
3743	120	1.1091434474004196
3744	70	0.9021816301199679
3744	80	1.073810121998992
3744	90	1.0647066350250363
3744	100	1.0662059759550586
3744	110	1.0252681632839353
3744	120	1.0307540210610624
3745	70	1.469431875258447
3745	80	1.1473899441363722
3745	90	1.0789167404532587
3745	100	1.0545828447913252
3745	110	1.0624124764432372
3745	120	1.046178547930477
3746	70	0.9702666835741539
3746	80	1.1874900639915
3746	90	1.0628595778163288
3746	100	1.1657516596814306
3746	110	1.1026622658377103
3746	120	1.0558843199390917
3747	70	1.1693240667123792
3747	80	1.0519752043003454
3747	90	1.1701764273879816
3747	100	1.1686423644495474
3747	110	1.107505235057085
3747	120	1.0783017194954996
3748	70	0.963321659228837
3748	80	1.0956873190988101
3748	90	0.8712894858757878
3748	100	1.0138905712366695
3748	110	1.0041853421276343
3748	120	1.0045411723876745
3749	70	1.402101432932889
3749	80	1.628638290177151
3749	90	1.1048900597111435
3749	100	1.22072418376931
3749	110	1.1711202670837628
3749	120	1.1191138727051182
3750	70	1.4272776250014956
3750	80	1.1013331972684661
3750	90	1.1264985952674944
3750	100	1.054799348471944
3750	110	1.0610386965861318
3750	120	1.0899439662295742
3751	70	1.5834647451368824
3751	80	1.2380890366815502
3751	90	1.089893035671937
3751	100	1.1688764713880848
3751	110	1.1595351657391892
3751	120	1.107461693278898
3752	70	1.0415154218523153
3752	80	0.7481440500068917
3752	90	0.7434963378262053
3752	100	0.6776382380988484
3752	110	0.689523802009678
3752	120	0.7070936881225641
3753	70	2.0980368039651283
3753	80	1.1082678233743959
3753	90	0.9054576046009126
3753	100	1.006597761171596
3753	110	0.9634106259745462
3753	120	0.9539191432908781
3754	70	0.6269443379921744
3754	80	1.0201430813367436
3754	90	1.0171510531374717
3754	100	0.9462002698586804
3754	110	0.9310382281360797
3754	120	0.9545007850760903
3755	70	1.1310831793519533
3755	80	1.1620545386071868
3755	90	1.319342327000465
3755	100	1.4576890105302525
3755	110	1.3940239238490388
3755	120	1.3972000724760973
3756	70	0.5943462116640843
3756	80	0.6759407302726796
3756	90	0.9111143174423862
3756	100	0.992605583541894
3756	110	1.0710068145492524
3756	120	1.1140431371874384
3757	70	2.0050775432479977
3757	80	1.415340391675112
3757	90	1.2121759374179373
3757	100	1.1291720408752264
3757	110	1.0569557237800886
3757	120	1.0103832301937161
3758	70	1.6179242672260525
3758	80	1.1353489436988893
3758	90	0.9733965541675796
3758	100	1.042433003679657
3758	110	1.039369470317181
3758	120	1.0258428316472479
3759	70	1.5734981454410393
3759	80	1.0271595588525546
3759	90	0.9154858730208578
3759	100	0.960950569083963
3759	110	0.9273258756724292
3759	120	0.9263100055979692
3760	70	1.0091255174961686
3760	80	0.9317572811612039
3760	90	1.093080110635096
3760	100	1.0121400775314828
3760	110	0.9822778768794406
3760	120	0.9600058125646687
3761	70	1.4806477672339118
3761	80	1.4610752556987652
3761	90	1.2211987438835255
3761	100	1.293985936382197
3761	110	1.1690178957565232
3761	120	1.1282002797410204
3762	70	1.2374873738921435
3762	80	0.8799365230986788
3762	90	0.9623907198575068
3762	100	0.8069733550146795
3762	110	0.7967214532757272
3762	120	0.8068104492666134
3763	70	0.644374095435792
3763	80	0.7130703504088222
3763	90	0.8895681317977776
3763	100	0.9204290002907641
3763	110	0.9463246898690407
3763	120	0.9598849400580985
3764	70	0.5504950419549495
3764	80	0.7924519963455985
3764	90	0.9532797809581179
3764	100	0.8525052539329487
3764	110	0.9192262958300284
3764	120	0.9532125358541949
3765	70	0.5929588236861141
3765	80	0.6077059750926441
3765	90	0.7175809496923935
3765	100	0.6760912716300573
3765	110	0.7016456469020034
3765	120	0.7616552803751155
3766	70	0.47547177842099875
3766	80	0.5517845029684073
3766	90	0.6303186207256207
3766	100	0.8291556584579616
3766	110	0.8980376356251886
3766	120	0.9252853320522278
3767	70	1.8250718741845586
3767	80	1.0992785721841374
3767	90	0.9086147087290883
3767	100	0.8417879384091528
3767	110	0.8267508453111694
3767	120	0.8152258571297231
3768	70	2.4589445301460544
3768	80	2.1819429334505673
3768	90	1.52922379373832
3768	100	1.1168438713574695
3768	110	1.1095846675193661
3768	120	1.0645575819596644
3769	70	0.40572824521008966
3769	80	0.6643243033443381
3769	90	0.7474456473462532
3769	100	0.8070793292643699
3769	110	0.839089217826495
3769	120	0.8394316732477123
3770	70	2.2171346279210566
3770	80	1.7032341455651578
3770	90	1.0781002447875256
3770	100	1.1255302549206043
3770	110	1.1298489643475667
3770	120	1.092434326870667
3771	70	2.6737239379776536
3771	80	1.7970297614341177
3771	90	1.1524373421580894
3771	100	1.0659904537754954
3771	110	1.0511527585744431
3771	120	1.0130800278350602
3772	70	1.5337333749760327
3772	80	1.6974609911646787
3772	90	1.5499260362959595
3772	100	1.4035136304432225
3772	110	1.4059087152551648
3772	120	1.354043903559463
3773	70	0.5587097258057698
3773	80	0.6460135478186849
3773	90	0.6677566516762038
3773	100	0.7083924533986923
3773	110	0.7371959923472494
3773	120	0.7610070847445662
3774	70	0.4427116324097881
3774	80	0.5783854873542984
3774	90	0.7729395429298099
3774	100	0.8948638704302531
3774	110	0.9601201257068579
3774	120	0.98850274140742
3775	70	0.9586310982858783
3775	80	1.141110257822918
3775	90	1.3440901857978587
3775	100	1.171432542036256
3775	110	1.115343367279062
3775	120	1.092932864912014
3776	70	0.6218646467124687
3776	80	0.8065873677738412
3776	90	1.195751522499894
3776	100	1.0704204390708414
3776	110	1.1400366002077365
3776	120	1.1504601686834273
3777	70	1.5685104469687192
3777	80	1.507222353553225
3777	90	1.3593577314450946
3777	100	1.1482922756886431
3777	110	1.1262205904634766
3777	120	1.0967673971916623
3778	70	0.4776502900501438
3778	80	0.7188405629051812
3778	90	0.9359209028060566
3778	100	1.0385907601217184
3778	110	1.0755067732959511
3778	120	1.0675645625697257
3779	70	0.6417828186138756
3779	80	0.8230421862404907
3779	90	0.8065392266200583
3779	100	0.800648013410147
3779	110	0.8176461400197674
3779	120	0.85401636686984606
3780	70	0.5122249617401865
3780	80	0.739815329378264
3780	90	0.8775547482220378
3780	100	0.8930637321624317
3780	110	0.9179312222030708
3780	120	0.9304181082068507
3781	70	0.4097207923690567
3781	80	0.39197629996020755
3781	90	0.5870660899537707
3781	100	0.7449344799942649
3781	110	0.787019436062019
3781	120	0.8374956566712042
3782	70	0.5505154929793147
3782	80	0.6036694831053955
3782	90	0.6810570961170861
3782	100	0.7332607691458817
3782	110	0.8091961471398353
3782	120	0.8672674127880632
3783	70	2.5216358179583445
3783	80	2.05149094623093
3783	90	1.6312536924890513
3783	100	1.3346472141657286
3783	110	1.23282922765157
3783	120	1.1512860256353816
3784	70	0.41396954588923063
3784	80	0.5682049735907434
3784	90	0.6728093379252391
3784	100	0.7816265362958215
3784	110	0.7920900756300234
3784	120	0.8258485932286032
3785	70	0.6423766124907333
3785	80	1.0582230467853264
3785	90	1.2736255477237253
3785	100	1.1636322800457668
3785	110	1.113847878055277
3785	120	1.102534711154271
3786	70	0.4768164379244309
3786	80	0.5707650319295192
3786	90	0.7287929624167301
3786	100	0.8148264506891231
3786	110	0.8455529170260765
3786	120	0.8668082797415108
3787	70	0.7066888468209932
3787	80	0.5980916012481371
3787	90	0.7488255786277929
3787	100	0.7760822582153979
3787	110	0.8237661150988992
3787	120	0.8718257589723265
3788	70	1.2429820172415396
3788	80	1.4838368818485883
3788	90	1.323786807111246
3788	100	1.2986020939422394
3788	110	1.1829318592313034
3788	120	1.1449870052458002
3789	70	0.5907229414503605
3789	80	0.5075963751944601
3789	90	0.6708340023009346
3789	100	0.6929000926051962
3789	110	0.7194229687759244
3789	120	0.7879960211507594
3790	70	1.2552674461766584
3790	80	0.8466433233311991
3790	90	0.8256541189483968
3790	100	0.7628968317349628
3790	110	0.7324581777377009
3790	120	0.7389603245448543
3791	70	1.3417416739560106
3791	80	1.3120653154288118
3791	90	1.0124617632421904
3791	100	0.9745141855362637
3791	110	0.9576322279385588
3791	120	0.9358416887518856
3792	70	1.771848382504752
3792	80	1.2926480044730078
3792	90	0.9843015717791458
3792	100	0.9792812172033452
3792	110	0.9220598203343968
3792	120	0.8867546656919681
3793	70	2.4713878075529534
3793	80	2.131455345766557
3793	90	1.6080971005387197
3793	100	1.5289025760270436
3793	110	1.34153100259503
3793	120	1.2924370401852239
3794	70	2.337599597445366
3794	80	2.6356969508940127
3794	90	1.785148476065214
3794	100	1.5556862720522233
3794	110	1.433541615209005
3794	120	1.3054212115325907
3795	70	1.111183268236714
3795	80	0.7949940821772029
3795	90	0.7372700896306095
3795	100	0.8718883870684546
3795	110	0.8676664844389765
3795	120	0.853602008911008
3796	70	1.4901153490203713
3796	80	1.1100423111110396
3796	90	0.8965729411409012
3796	100	0.9195651542773106
3796	110	0.9097399950729693
3796	120	0.9247696289455493
3797	70	1.507289156926408
3797	80	1.0465259493648598
3797	90	0.9075171986091486
3797	100	0.9241391205879631
3797	110	0.9527347167091413
3797	120	0.9634932778971877
3798	70	0.40929132965449777
3798	80	0.602980774567273
3798	90	0.7883621691590736
3798	100	0.8568876105681492
3798	110	0.8768707125315471
3798	120	0.9055439301966555
3799	70	1.0654528397134237
3799	80	1.1220577285910953
3799	90	1.3090504446466589
3799	100	1.0108538723551235
3799	110	1.0025857148050166
3799	120	0.9916638076607711
3800	70	1.4018961136349752
3800	80	1.566020038791177
3800	90	1.4317987066772426
3800	100	1.340847162617954
3800	110	1.3062916930247708
3800	120	1.2706220405850694
3801	70	1.5598125025735636
3801	80	1.1494875279772716
3801	90	1.1330236658410433
3801	100	1.2742299393687215
3801	110	1.276613644628236
3801	120	1.259936548575359
3802	70	0.47414624948291406
3802	80	0.8286434560069276
3802	90	1.0052216939991854
3802	100	1.1495952961634954
3802	110	1.1864243362151699
3802	120	1.2099893823350254
3803	70	1.8995586170812573
3803	80	1.374284602760773
3803	90	1.0801686029958173
3803	100	1.041263685765543
3803	110	0.9677369033932058
3803	120	0.9515683778545566
3804	70	2.1043936925154614
3804	80	1.35538906422998
3804	90	0.885412459060551
3804	100	0.9016363700163443
3804	110	0.9035461178029951
3804	120	0.8788772673301934
3805	70	0.5277134241766381
3805	80	0.5731960759996945
3805	90	0.764353595190715
3805	100	0.8461697380464058
3805	110	0.9108248152037752
3805	120	0.9531093121771489
3806	70	0.8151893002836561
3806	80	1.2197273948515999
3806	90	1.5018590747378617
3806	100	1.3154720600340937
3806	110	1.308810210826359
3806	120	1.3047182303675364
3807	70	0.8908321039579897
3807	80	0.8633262487039469
3807	90	0.9432723237599349
3807	100	1.0748715306014056
3807	110	1.0482430602199508
3807	120	1.0282664782326236
3808	70	0.7348635810987652
3808	80	0.9989451986126222
3808	90	0.8118506085571124
3808	100	0.8998068280713923
3808	110	0.9467734830103672
3808	120	0.9666913082759349
3809	70	1.18810812757941
3809	80	1.187611960936162
3809	90	1.277715022479139
3809	100	1.4208011043234798
3809	110	1.34933302315169
3809	120	1.3042986103963274
3810	70	1.0987817448800723
3810	80	1.1889488432891508
3810	90	1.0764622901856515
3810	100	1.1079675581874584
3810	110	1.0379443025911579
3810	120	1.0392385396020003
3811	70	1.4770194504022096
3811	80	1.69141307985676
3811	90	1.43545230284469
3811	100	1.2503248560393807
3811	110	1.1999836587042136
3811	120	1.1705132179142221
3812	70	0.5648011777466351
3812	80	0.6478719476039981
3812	90	0.736303074174169
3812	100	0.907005709708579
3812	110	0.9156436379734838
3812	120	0.9369093735301178
3813	70	1.6387486739725614
3813	80	1.2877114494469217
3813	90	1.1118619674381514
3813	100	0.888376853131578
3813	110	0.870976001576706
3813	120	0.8614754066836824
3814	70	2.571954386333291
3814	80	1.9794153792863856
3814	90	1.6174772372735453
3814	100	1.1947921354032198
3814	110	1.072531791486801
3814	120	1.0162381095414081
3815	70	0.6501096843646633
3815	80	1.0507956795057372
3815	90	1.1002553658188132
3815	100	1.0887525794553687
3815	110	1.165750572548422
3815	120	1.1658985347602193
3816	70	0.9606408215985311
3816	80	1.1934218048093377
3816	90	1.275425558215824
3816	100	1.3954721559640577
3816	110	1.378399930466891
3816	120	1.2946356314014167
3817	70	2.4714019061400196
3817	80	2.5392626483220826
3817	90	1.6277489983987568
3817	100	1.4549859594281256
3817	110	1.3754848013728933
3817	120	1.285066355553418
3818	70	0.4192369350641054
3818	80	0.5612580989111948
3818	90	0.6919699521365265
3818	100	0.6896589246011533
3818	110	0.7056624770349458
3818	120	0.7566129655997099
3819	70	0.6716135309958117
3819	80	0.8467056918090848
3819	90	0.810080565383837
3819	100	0.8933339481716502
3819	110	0.9398963234099419
3819	120	0.9320057624114854
3820	70	0.47394898589095946
3820	80	0.5255336338364175
3820	90	0.7651077246189799
3820	100	0.8664791092952622
3820	110	0.9423219141452734
3820	120	1.005268521830334
3821	70	1.7859741465720953
3821	80	1.3662916840803034
3821	90	1.1924840588120331
3821	100	1.055315353725269
3821	110	1.0405845926890467
3821	120	1.0041899678073696
3822	70	2.043177502632383
3822	80	1.3758787304643374
3822	90	1.1548005139458253
3822	100	1.144580487550433
3822	110	1.1063555189647165
3822	120	1.0538776304269577
3823	70	1.3449461962150315
3823	80	1.6119655331624492
3823	90	1.2079170436809232
3823	100	1.1342355090426004
3823	110	1.0708093896963056
3823	120	1.0525441711505452
3824	70	1.5524487617712148
3824	80	1.4998707572371872
3824	90	1.2508311218247132
3824	100	1.027819558346788
3824	110	0.9875861433109017
3824	120	0.9820835239253685
3825	70	2.022624420521223
3825	80	1.764386245125531
3825	90	1.766285963515196
3825	100	1.4828111920574187
3825	110	1.385040321825129
3825	120	1.3124308104265876
3826	70	1.3866501312965172
3826	80	1.128299381330953
3826	90	1.2000212500068694
3826	100	1.122325638618531
3826	110	1.0758599641257687
3826	120	1.0665123495240623
3827	70	0.6165255533171606
3827	80	0.6083373723821746
3827	90	0.6827039089106722
3827	100	0.8168465560202283
3827	110	0.8621128464160424
3827	120	0.9172437827649088
3828	70	0.4481990158685171
3828	80	0.7327002879016878
3828	90	0.8814426332772628
3828	100	1.003143953774549
3828	110	1.0715644482367288
3828	120	1.088248022481583
3829	70	1.3121325691589563
3829	80	1.6425344676005507
3829	90	1.6871596307745378
3829	100	1.5050271624560039
3829	110	1.4332971442843248
3829	120	1.3628142391692797
3830	70	0.6812662674696726
3830	80	0.5898597972595352
3830	90	0.6720466759548341
3830	100	0.6962354861086024
3830	110	0.7445657716046321
3830	120	0.8013185156787483
3831	70	1.4520327901193815
3831	80	1.4014316085655931
3831	90	1.2599301199985624
3831	100	1.1219496961629782
3831	110	1.0763751053560822
3831	120	1.0597560460610753
3832	70	1.5086694469701512
3832	80	0.9798993422046317
3832	90	0.9398223178613059
3832	100	0.8709762792391902
3832	110	0.8515638641016797
3832	120	0.880632361086137
3833	70	2.272510811770295
3833	80	1.9903141557854451
3833	90	1.6940679491749127
3833	100	1.335197467732388
3833	110	1.2068779890006633
3833	120	1.1494818771093769
3834	70	0.5821875727025317
3834	80	0.7850153731553611
3834	90	0.8664809814943902
3834	100	0.8846746096641995
3834	110	0.9198057129344882
3834	120	0.9396598835935355
3835	70	1.3403147651779823
3835	80	0.9145091240830168
3835	90	0.8793292624539295
3835	100	0.9393419198014542
3835	110	0.9048132243255471
3835	120	0.9078581320168574
3836	70	1.1715860966061824
3836	80	0.9192009843210392
3836	90	0.9579357198207581
3836	100	0.9695891337466274
3836	110	0.9349326093656539
3836	120	0.9382384155109815
3837	70	0.43710258076057706
3837	80	0.7071874787773511
3837	90	0.7759946254986542
3837	100	0.7971005108288673
3837	110	0.8112924044252575
3837	120	0.8457317859562562
3838	70	1.256030845434753
3838	80	1.2445571145974053
3838	90	1.18772133084346
3838	100	1.1845275665505317
3838	110	1.1594265720495909
3838	120	1.1401229921565081
3839	70	0.9376472308963067
3839	80	0.9207523103988966
3839	90	0.9134532496356594
3839	100	1.0722840661613993
3839	110	1.160060527504836
3839	120	1.1898957513419297
3840	70	0.43765406027159093
3840	80	0.4251114055572966
3840	90	0.6624844254182506
3840	100	0.6891771139841889
3840	110	0.7532376606610269
3840	120	0.817852698383806
3841	70	1.8507048913753308
3841	80	1.8062442571473254
3841	90	1.6500011017627108
3841	100	1.5053113378068737
3841	110	1.4737401330519564
3841	120	1.404666392123147
3842	70	1.577593613654562
3842	80	1.290575290776246
3842	90	1.3080153922769704
3842	100	1.2364285973138938
3842	110	1.1967340296328104
3842	120	1.189361728540969
3843	70	1.1573672490460558
3843	80	1.357967363802396
3843	90	1.1545394742536532
3843	100	1.0649780860183127
3843	110	1.0803470824275694
3843	120	1.04209437043881
3844	70	0.35686662868102836
3844	80	0.46189245503783544
3844	90	0.7012351408052683
3844	100	0.9193928418952254
3844	110	0.9953051293166921
3844	120	1.0792601627539045
3845	70	1.3563072045597089
3845	80	0.8448782416348692
3845	90	0.7918214287665694
3845	100	0.8590159268660584
3845	110	0.8510283307611138
3845	120	0.8476202026330832
3846	70	2.07890923134751
3846	80	2.3938481202239417
3846	90	1.9738906201190318
3846	100	1.4045467415993462
3846	110	1.3850438197157933
3846	120	1.312475532032085
3847	70	0.5983800037289985
3847	80	0.7829524700841628
3847	90	0.8798408289189794
3847	100	0.9305507332237923
3847	110	0.9861734417615801
3847	120	1.0131201499874996
3848	70	1.8760079034681978
3848	80	1.5628306979730577
3848	90	1.3685219958358854
3848	100	1.0586444710232525
3848	110	1.0019412415915996
3848	120	0.9576464931267539
3849	70	1.8962614335661485
3849	80	1.3176950324820529
3849	90	1.255499430893902
3849	100	1.1301406748930762
3849	110	1.099860889350901
3849	120	1.0742936322042649
3850	70	1.7518904600140386
3850	80	1.8245661089558853
3850	90	1.745577032890677
3850	100	1.6925267550404304
3850	110	1.5749118430524365
3850	120	1.5124717431226855
3851	70	3.0677531721497737
3851	80	1.9921316141052048
3851	90	1.2825923588469499
3851	100	1.1544355799159416
3851	110	1.030002022652609
3851	120	0.9768559889074004
3852	70	1.1136813946393913
3852	80	0.7131153757193993
3852	90	0.768813470097679
3852	100	0.9011550360089221
3852	110	0.8940806963513792
3852	120	0.9035082553093776
3853	70	0.49465903240414266
3853	80	0.7664864511480884
3853	90	0.9606121724579743
3853	100	1.1507790391654449
3853	110	1.1488100090452662
3853	120	1.1564831852407103
3854	70	0.5044476941700605
3854	80	0.569589174637681
3854	90	0.8112357684513556
3854	100	0.9788754510840161
3854	110	1.0432298175966996
3854	120	1.0653686212295497
3855	70	1.6390747816282178
3855	80	1.1692308237626843
3855	90	1.0499238344923527
3855	100	1.0482289537873861
3855	110	0.986269441942789
3855	120	0.9628264695368378
3856	70	1.6356545028206595
3856	80	0.8408816667096768
3856	90	0.8449175813215393
3856	100	0.9593552242329008
3856	110	0.9349595625583554
3856	120	0.9345806606620479
3857	70	1.2330715831284342
3857	80	0.7722545503237765
3857	90	0.7418399591060679
3857	100	0.8799301391532405
3857	110	0.9045658697386697
3857	120	0.9084837108959528
3858	70	0.45753556759751896
3858	80	0.7273937027275009
3858	90	0.9655615888328285
3858	100	1.0382078276915105
3858	110	1.073864849256379
3858	120	1.1147905535762133
3859	70	1.0708580922346655
3859	80	1.3318531821500956
3859	90	1.4002434575962737
3859	100	1.0290879291186938
3859	110	0.9754162889640935
3859	120	0.9668455825562695
3860	70	2.008014577724319
3860	80	1.984623313855593
3860	90	1.4466253231465713
3860	100	1.038022330092913
3860	110	1.0366879623746195
3860	120	0.9980464454046942
3861	70	1.3068946898908864
3861	80	0.8628479308541533
3861	90	0.7086182345963634
3861	100	0.7801801533391162
3861	110	0.7858610013682397
3861	120	0.818510558488349
3862	70	0.6623981700739494
3862	80	0.704536924343631
3862	90	0.9273318263256743
3862	100	0.9896850843502581
3862	110	1.0231944167343656
3862	120	1.0694025102468838
3863	70	0.4279963072279952
3863	80	0.6195074855932579
3863	90	0.9043715707806632
3863	100	0.9415580507522264
3863	110	0.9899035255544167
3863	120	1.0112858578215107
3864	70	0.9020135134703288
3864	80	0.9823654945420248
3864	90	0.986386706452387
3864	100	1.0860797594106926
3864	110	1.051971044911405
3864	120	1.039565931991683
3865	70	1.0843847055522813
3865	80	1.3182523830645525
3865	90	1.5557502653283195
3865	100	1.501921364177045
3865	110	1.4156257819209672
3865	120	1.3674969991044894
3866	70	0.47238954269804484
3866	80	0.5752888879719613
3866	90	0.7240654195764852
3866	100	0.9142759740338101
3866	110	0.9572689085995972
3866	120	0.9744267572042008
3867	70	0.9871963487248958
3867	80	1.114837659978168
3867	90	1.3097908705140509
3867	100	1.378414542034709
3867	110	1.3306956406960742
3867	120	1.2649143234761613
3868	70	1.884511277291785
3868	80	1.7572616055545796
3868	90	1.204146661766534
3868	100	1.218957508254503
3868	110	1.1964922147673003
3868	120	1.1545346856331722
3869	70	0.787203005226171
3869	80	0.7367131651341454
3869	90	0.8334079563940558
3869	100	0.7583446935186684
3869	110	0.7956327701617969
3869	120	0.8325088655184174
3870	70	0.4245970858261449
3870	80	0.5547247163701156
3870	90	0.7431124968519408
3870	100	0.9099693092202581
3870	110	1.0028246011879876
3870	120	1.0527872976284087
3871	70	1.5587473027843248
3871	80	1.4578218130836431
3871	90	1.417684207391898
3871	100	1.2369152297983097
3871	110	1.1582450443660037
3871	120	1.1201119633656933
3872	70	2.605593660962172
3872	80	1.6488944432544097
3872	90	1.1352680146641607
3872	100	0.9148599838255171
3872	110	0.9159915246326135
3872	120	0.910951377715324
3873	70	1.6150221100339939
3873	80	1.2443423085209344
3873	90	1.2709151958037674
3873	100	1.1888302835465911
3873	110	1.1641248652427356
3873	120	1.1451832643643283
3874	70	0.4745604051588215
3874	80	0.49441787199241644
3874	90	0.583089676935665
3874	100	0.7176704079496066
3874	110	0.7556767907455176
3874	120	0.787487740525346
3875	70	1.250033884397494
3875	80	1.2345835099905251
3875	90	1.2079417292339398
3875	100	1.118560751080688
3875	110	1.1105916056288794
3875	120	1.101914610434381
3876	70	1.2793249656500487
3876	80	0.8432729295963439
3876	90	0.6791220284028765
3876	100	0.8162736046742568
3876	110	0.851478950833163
3876	120	0.8645013976547475
3877	70	0.44900615571978436
3877	80	0.6633973279526821
3877	90	0.8774418252587926
3877	100	1.010692232016336
3877	110	1.052498434884498
3877	120	1.080919189786535
3878	70	1.706056667551325
3878	80	1.421647318242226
3878	90	1.4744186204551515
3878	100	1.3209670773250988
3878	110	1.2911443949759682
3878	120	1.218445254977953
3879	70	1.940308270935292
3879	80	1.4580764441461864
3879	90	1.4237705622982804
3879	100	1.116003483576225
3879	110	1.0621115134463397
3879	120	1.09110513405202
3880	70	1.374388059281637
3880	80	1.1555892866490332
3880	90	1.069697040850754
3880	100	1.1621058670938664
3880	110	1.1517782932947231
3880	120	1.1026142144068611
3881	70	1.8920028314726587
3881	80	1.236336810469477
3881	90	1.1904927186148406
3881	100	1.0313785337127994
3881	110	1.0333499987511379
3881	120	0.9962328458621269
3882	70	0.5152278766452474
3882	80	0.793048828832609
3882	90	1.0413353200558855
3882	100	0.990794582560071
3882	110	1.0422823292993888
3882	120	1.0775343649163365
3883	70	1.9006134947318791
3883	80	1.5408098364475482
3883	90	1.3147937675835573
3883	100	1.1113226687929538
3883	110	1.0581663310372305
3883	120	0.9896663655909593
3884	70	2.323431921527283
3884	80	1.5288898889538667
3884	90	1.178838031169278
3884	100	0.9796329790590479
3884	110	0.9639983983031255
3884	120	0.9695682176789626
3885	70	0.4521849530715036
3885	80	0.5998170234372903
3885	90	0.8360431079392654
3885	100	0.8014834039188777
3885	110	0.8584621644747993
3885	120	0.9035159867655947
3886	70	1.362086045219385
3886	80	1.2221837115675
3886	90	1.3270784630297463
3886	100	1.419260785192581
3886	110	1.352169277317707
3886	120	1.3010547962998833
3887	70	0.8556654813428369
3887	80	1.1187080054773688
3887	90	1.0776003833762635
3887	100	1.096937695973346
3887	110	1.126700780516698
3887	120	1.1201065887538493
3888	70	0.652245029666254
3888	80	0.8689301922154815
3888	90	0.8787982294323576
3888	100	0.8201749108674108
3888	110	0.8374231042755783
3888	120	0.8462100915184889
3889	70	1.7804881913689903
3889	80	0.9002466058719818
3889	90	0.7933080756571131
3889	100	0.897822371231574
3889	110	0.8483883393547824
3889	120	0.8627007472411111
3890	70	1.5918309430756472
3890	80	1.5450163197312523
3890	90	1.2510852417736646
3890	100	0.9734179889451778
3890	110	0.9030638380280945
3890	120	0.8675885188125884
3891	70	1.917429175323843
3891	80	1.949814822193895
3891	90	1.6389114101421123
3891	100	1.408514869022248
3891	110	1.3127478188131214
3891	120	1.2506004833543822
3892	70	1.4935892091670158
3892	80	1.4161693203427934
3892	90	1.3616891969954614
3892	100	1.4517801420434313
3892	110	1.354059513401596
3892	120	1.3109819340731652
3893	70	0.6327837712205653
3893	80	0.7023915406995078
3893	90	0.7782933014969835
3893	100	0.8897731182302314
3893	110	0.9345487354535388
3893	120	0.9801784583144147
3894	70	0.4310271492829487
3894	80	0.39092462614002427
3894	90	0.5782234399166768
3894	100	0.6305292355607344
3894	110	0.6871120096439779
3894	120	0.7359145960974045
3895	70	0.7647413136170451
3895	80	1.0279914179744247
3895	90	1.0154657411104477
3895	100	1.1487213919922503
3895	110	1.1445315736218382
3895	120	1.0850686889143095
3896	70	0.46253009376309484
3896	80	0.5908178660689966
3896	90	0.6955476478907555
3896	100	0.8222442935647963
3896	110	0.8653371821970383
3896	120	0.8924686536533224
3897	70	3.3479008505348093
3897	80	2.423553810569741
3897	90	1.539948054243008
3897	100	1.5793350014667658
3897	110	1.492155784177457
3897	120	1.3444799727067314
3898	70	0.4499072407681191
3898	80	0.654152242865205
3898	90	0.7265145971684376
3898	100	0.802389483986442
3898	110	0.8108449512927989
3898	120	0.8472782706206051
3899	70	1.200567166960857
3899	80	1.0811898374356135
3899	90	1.0941398498308181
3899	100	0.951257197282702
3899	110	0.946428042949326
3899	120	0.9154050176550611
3900	70	0.6887675281533049
3900	80	0.8092164320049303
3900	90	1.0084677953851549
3900	100	0.9709909697046076
3900	110	1.0164854951537325
3900	120	1.0158296183583728
3901	70	1.5832137509300175
3901	80	0.9312086758731951
3901	90	0.9447500332280278
3901	100	1.0536136173696173
3901	110	1.0073957346491316
3901	120	0.9969560820356024
3902	70	0.3709070405898523
3902	80	0.5544606035944134
3902	90	0.8506437585954557
3902	100	0.8498134688390713
3902	110	0.9224245365446194
3902	120	0.9309469228419489
3903	70	1.1954463307250873
3903	80	1.119920586318381
3903	90	1.1912783793025814
3903	100	0.946056409882193
3903	110	0.8991684765731401
3903	120	0.8667169736000243
3904	70	2.251812674502656
3904	80	1.8147165765041091
3904	90	1.2961959164888657
3904	100	0.9226044392886614
3904	110	0.880185401882414
3904	120	0.857223184370954
3905	70	1.456469960339518
3905	80	1.765335778706272
3905	90	1.4675401793889342
3905	100	1.257170015969849
3905	110	1.200314786270963
3905	120	1.165028645880059
3906	70	1.4267577873699813
3906	80	1.6383005408953024
3906	90	1.4608118922146571
3906	100	1.0637832612483202
3906	110	0.9617783104818175
3906	120	0.9163763333106751
3907	70	1.2007670598165527
3907	80	0.9236886007661126
3907	90	0.873094373987
3907	100	0.7737190425745963
3907	110	0.7538882969711014
3907	120	0.7553310914000222
3908	70	2.0499451736587266
3908	80	1.7627650415839526
3908	90	1.7480802326939386
3908	100	1.3983344381559266
3908	110	1.3770427617994925
3908	120	1.3607789413275868
3909	70	1.1094672074322773
3909	80	1.2416647425234217
3909	90	1.0645822464316608
3909	100	1.1529797123554912
3909	110	1.1094805575015405
3909	120	1.079805569195056
3910	70	2.5328876427496447
3910	80	1.640620642289737
3910	90	1.1602335800307049
3910	100	1.1089322951697984
3910	110	1.0704558352178448
3910	120	1.0612903552456854
3911	70	1.4042192041412913
3911	80	1.088616037529146
3911	90	1.0905440902214374
3911	100	1.1699351287704225
3911	110	1.179647291666243
3911	120	1.1552606738621247
3912	70	1.3472065600258618
3912	80	1.2758555752113077
3912	90	1.239850567589287
3912	100	1.3447039551784872
3912	110	1.266251575889686
3912	120	1.1785220473674218
3913	70	0.34673788157926594
3913	80	0.585225691844458
3913	90	0.7420048171934414
3913	100	0.8714219497356991
3913	110	0.8992186568995294
3913	120	0.920389934128505
3914	70	1.217652400301263
3914	80	1.2645210112658158
3914	90	1.0388534640365221
3914	100	1.168320644906622
3914	110	1.1380252616605266
3914	120	1.1072180532805012
3915	70	1.8475838661466175
3915	80	1.3976995059499124
3915	90	1.2820954785308214
3915	100	1.150788150720004
3915	110	1.1276605890042273
3915	120	1.0679507695139117
3916	70	0.4684124207510295
3916	80	0.4046702014970753
3916	90	0.4519631640364893
3916	100	0.5587761889816906
3916	110	0.6126464666249346
3916	120	0.6617510900429718
3917	70	0.3824357058872193
3917	80	0.5902915027178163
3917	90	0.8516614843840404
3917	100	0.9320677234270063
3917	110	0.9863817034433824
3917	120	1.021717438598348
3918	70	0.8784381143131594
3918	80	0.871638544503596
3918	90	1.1220146013711572
3918	100	1.2641092852729787
3918	110	1.2719018564825972
3918	120	1.2517508921635523
3919	70	0.3762753120540032
3919	80	0.6358790160491841
3919	90	0.8147408477000005
3919	100	0.9997114580548706
3919	110	1.0307557739802944
3919	120	1.0489729435621127
3920	70	0.3982420789210425
3920	80	0.6813178682491536
3920	90	0.9055052182833159
3920	100	0.9004199791855418
3920	110	0.9588977926362622
3920	120	0.9747512144007637
3921	70	0.9348351388651788
3921	80	0.7398343555180447
3921	90	0.8534372891750316
3921	100	1.0175935843877737
3921	110	1.06757993235751
3921	120	1.1317361792277203
3922	70	1.4452493715135144
3922	80	1.4353893002330904
3922	90	1.4214347936550191
3922	100	1.3818820390031628
3922	110	1.3102593035218888
3922	120	1.2928497507556258
3923	70	0.30870822654910934
3923	80	0.4083635392977481
3923	90	0.6592707326234422
3923	100	0.7473160597691721
3923	110	0.7941214316238258
3923	120	0.8761910727880985
3924	70	0.9327463423119584
3924	80	1.0860150596729965
3924	90	1.1124690697321862
3924	100	0.9065481194872905
3924	110	0.899861590725214
3924	120	0.9119690539286395
3925	70	0.7758627683537334
3925	80	0.913196372625642
3925	90	0.9840511971398076
3925	100	1.0670183133627524
3925	110	1.0095450048420482
3925	120	1.0130363378327292
3926	70	0.5654557914206456
3926	80	0.8775155331312855
3926	90	1.1012666416580794
3926	100	1.038350263427405
3926	110	1.0875955725123125
3926	120	1.0952250188140167
3927	70	1.9453999310881422
3927	80	2.037712990317072
3927	90	1.4574497051938173
3927	100	1.1054371791642892
3927	110	1.1154549853270372
3927	120	1.0945887607634017
3928	70	1.3471828426829762
3928	80	0.929677626971224
3928	90	0.9822970508644282
3928	100	1.1411980435997762
3928	110	1.1686861316180948
3928	120	1.1419183890154527
3929	70	0.2834028309464687
3929	80	0.5031104487523017
3929	90	0.7191376459892429
3929	100	0.8414062194921234
3929	110	0.8902203871612278
3929	120	0.9424655576747566
3930	70	0.4288578701354174
3930	80	0.4281715060129328
3930	90	0.6567452546674277
3930	100	0.8470584154644105
3930	110	0.9270929157154878
3930	120	0.9534706275603075
3931	70	0.4981413083864453
3931	80	0.7042498979254717
3931	90	0.8160301544540898
3931	100	0.8292128289391252
3931	110	0.842570872858981
3931	120	0.8692775297404997
3932	70	1.5684518621266001
3932	80	1.146998179812413
3932	90	1.1380888451773563
3932	100	1.0996334926481888
3932	110	1.1114965787503726
3932	120	1.090606662666014
3933	70	0.5721852769540838
3933	80	0.6235602307027047
3933	90	0.8644574829330948
3933	100	0.9481811780045811
3933	110	0.9984365660122898
3933	120	1.0648453610370217
3934	70	1.6175848397625203
3934	80	1.8181189939548992
3934	90	1.82373750312327
3934	100	1.4336452018881483
3934	110	1.2954101951648358
3934	120	1.2289949081619254
3935	70	2.0766712522250423
3935	80	1.145169305565458
3935	90	1.0965046012560011
3935	100	1.0075141038811748
3935	110	1.025585278731633
3935	120	1.0052106553599882
3936	70	0.9081489972853815
3936	80	1.1040077845818652
3936	90	1.010574322392606
3936	100	1.0606146203993654
3936	110	0.9631599979926695
3936	120	0.932341660747675
3937	70	1.3512888424138723
3937	80	0.9284664101240643
3937	90	0.888963935438173
3937	100	0.9006152303271288
3937	110	0.9032607087998715
3937	120	0.915487476361706
3938	70	0.46265353469381354
3938	80	0.7960631798414618
3938	90	0.8615957771979443
3938	100	0.9062912100718774
3938	110	0.9314097154966577
3938	120	0.9501050348542038
3939	70	0.5233253980705342
3939	80	0.6636161983089001
3939	90	0.7400375765533124
3939	100	0.9137462092297715
3939	110	0.9498779264193368
3939	120	0.9694012224132353
3940	70	0.5159353192148795
3940	80	0.6346226765335238
3940	90	0.7867126388170268
3940	100	0.8224554206569685
3940	110	0.8378821768127033
3940	120	0.8686029952441436
3941	70	1.1681614240421716
3941	80	0.8003085322473383
3941	90	0.7492193757231906
3941	100	0.8586935699665676
3941	110	0.8085688163920963
3941	120	0.8119243876103107
3942	70	1.2967044996671957
3942	80	1.0417447129456778
3942	90	0.8153813818495156
3942	100	0.849266931194881
3942	110	0.8135576029778213
3942	120	0.7919123397297734
3943	70	1.7447525773729626
3943	80	1.5091809323646235
3943	90	1.617568811995801
3943	100	1.3459969859569763
3943	110	1.3180896388639038
3943	120	1.2447339873660521
3944	70	0.9419399477224525
3944	80	0.6153520035022243
3944	90	0.6621896648301197
3944	100	0.6974733413119023
3944	110	0.7168069521610807
3944	120	0.7540976855121848
3945	70	0.6660761271591255
3945	80	0.9781405668087703
3945	90	1.085863343540223
3945	100	0.9117852111165884
3945	110	0.9619766349105179
3945	120	0.9575600898050401
3946	70	0.42807200498302717
3946	80	0.6644838322042131
3946	90	0.967327458298803
3946	100	1.0616724959064645
3946	110	1.1311636390066928
3946	120	1.1546201743139002
3947	70	1.2334302374717272
3947	80	1.2222309671164506
3947	90	1.5788266990045754
3947	100	1.3816954460300588
3947	110	1.3776969376679615
3947	120	1.3212917363209427
3948	70	0.7530417989747765
3948	80	0.7064796272028975
3948	90	0.7947977225708379
3948	100	0.9254791621515471
3948	110	0.9865435008803356
3948	120	1.0291412957779642
3949	70	2.533750320238871
3949	80	1.8135957892435084
3949	90	1.1265606085775992
3949	100	1.0440897341518895
3949	110	1.0230597867492939
3949	120	0.9594289056537179
3950	70	0.5949201974805065
3950	80	0.7729184585139225
3950	90	0.8318120261191384
3950	100	0.868626547084641
3950	110	0.9161449791418271
3950	120	0.9494204123607606
3951	70	0.9253248294640649
3951	80	0.7404857860606548
3951	90	0.7874890162992348
3951	100	0.8387662385076191
3951	110	0.8709645358116108
3951	120	0.9110525997480413
3952	70	1.2306358289429828
3952	80	0.902978317292074
3952	90	0.9458661761690985
3952	100	0.925293821288765
3952	110	0.9272535481854389
3952	120	0.9569972125584081
3953	70	1.3365373628082942
3953	80	1.0888685541823118
3953	90	0.9484678935098967
3953	100	1.064502429129541
3953	110	1.0722159053180107
3953	120	1.0622727922604092
3954	70	0.5151561433609994
3954	80	0.6541097571201979
3954	90	0.7999089666388389
3954	100	0.936316800337569
3954	110	0.9310314609717592
3954	120	0.9689404038399286
3955	70	0.47603135378795297
3955	80	0.5605960110265313
3955	90	0.7285712312396179
3955	100	0.73608843393432
3955	110	0.7578173664082232
3955	120	0.8124437655977438
3956	70	2.0817610832726503
3956	80	1.1664501819681345
3956	90	1.0085069415870143
3956	100	0.981992028665508
3956	110	0.959003948078539
3956	120	0.9565153532756682
3957	70	1.4477905889640321
3957	80	1.3086344522398747
3957	90	1.381850246214282
3957	100	1.1354154934252352
3957	110	1.123875149352141
3957	120	1.060451360902085
3958	70	1.4516394866146176
3958	80	1.0885014229463181
3958	90	0.8768307025409022
3958	100	0.8079825450296666
3958	110	0.8009879817256347
3958	120	0.8049824138407251
3959	70	0.9879608269051379
3959	80	0.9561050123816899
3959	90	1.0974694328153871
3959	100	1.2289145240507433
3959	110	1.2314550659097587
3959	120	1.1752920108364522
3960	70	0.6166642778056906
3960	80	0.7276006869632785
3960	90	0.8409345333342417
3960	100	0.8714066329328634
3960	110	0.9276306216530888
3960	120	0.9795819989760599
3961	70	1.616312532411397
3961	80	1.0748062340390359
3961	90	1.0213039125314394
3961	100	1.158648708875187
3961	110	1.0989215373741525
3961	120	1.0510377813614187
3962	70	0.8042894171990653
3962	80	0.90522703877453
3962	90	0.89781763520735125
3962	100	1.0579554567513947
3962	110	1.060020217977014
3962	120	1.0532518679301004
3963	70	2.636762202768451
3963	80	1.7677976036461422
3963	90	1.4183687066282815
3963	100	1.2171422370450984
3963	110	1.1467434301034372
3963	120	1.0929134900786266
3964	70	0.6368390499117333
3964	80	0.8801573257863656
3964	90	1.132213752859193
3964	100	1.1565004633792138
3964	110	1.191216748001424
3964	120	1.236536388829541
3965	70	0.7261843769148405
3965	80	0.826730591575093
3965	90	0.9879305739271727
3965	100	0.9584116554846632
3965	110	0.9722350150931298
3965	120	0.9924900210238539
3966	70	1.4140577058371602
3966	80	0.966504591726148
3966	90	0.8672235602073725
3966	100	0.8836201579852174
3966	110	0.8902410499459248
3966	120	0.8896961041888887
3967	70	1.3474596068826843
3967	80	1.3570441735476797
3967	90	1.254421439046198
3967	100	1.1508385904873961
3967	110	1.1117593025711805
3967	120	1.0677429895635537
3968	70	0.5350872482893133
3968	80	0.7422803002173507
3968	90	0.7209315700794539
3968	100	0.7968196418707555
3968	110	0.8465709202539518
3968	120	0.8617684699471106
3969	70	0.4451278895241087
3969	80	0.6006878882800163
3969	90	0.7849888858606676
3969	100	0.9116541781312628
3969	110	0.9521442997574426
3969	120	0.9738267892972032
3970	70	1.4418353875416166
3970	80	1.7429038261000598
3970	90	1.3599817145501905
3970	100	1.1059924699660317
3970	110	1.0387938530958007
3970	120	0.9952836450623507
3971	70	2.5050697502116615
3971	80	1.5708270336523065
3971	90	1.2276650984565274
3971	100	1.1475955441426575
3971	110	1.1361806449212606
3971	120	1.0973781370686095
3972	70	0.4111152736868825
3972	80	0.5668776592505024
3972	90	0.8153947746962821
3972	100	0.8056049435390855
3972	110	0.8523547058014335
3972	120	0.8954759329663075
3973	70	1.7827566661461556
3973	80	1.5703619556980795
3973	90	1.5370726371917676
3973	100	1.3701597615288343
3973	110	1.2832025164510585
3973	120	1.2052876564500326
3974	70	1.9982393275510641
3974	80	1.0686073312523552
3974	90	0.8945383807780082
3974	100	0.9384061737038478
3974	110	0.960105188500321
3974	120	0.9665002020973806
3975	70	1.465624440702636
3975	80	1.192760779601933
3975	90	1.02384349004852
3975	100	1.0373715692976795
3975	110	1.0439732764234493
3975	120	1.0648182841754377
3976	70	3.639285106325244
3976	80	1.549105100881129
3976	90	1.1364245220984555
3976	100	0.9078974522535518
3976	110	0.8872713228691819
3976	120	0.8751063854400402
3977	70	0.39026514293292563
3977	80	0.5927618278582447
3977	90	0.8324438367617515
3977	100	0.9719210064468287
3977	110	1.0627538968585974
3977	120	1.1097463760898443
3978	70	1.8586025933831412
3978	80	1.859541415845947
3978	90	1.559564420933618
3978	100	1.2868026446198986
3978	110	1.1996345170496139
3978	120	1.1363904652790189
3979	70	1.8116778962000826
3979	80	0.9389969700108463
3979	90	0.9118720352232239
3979	100	0.8566511405630312
3979	110	0.8547137407010017
3979	120	0.8885937412124603
3980	70	0.6842769024896719
3980	80	0.7753328443872501
3980	90	0.929351693735044
3980	100	1.0405900374216464
3980	110	1.1253243887581312
3980	120	1.153435866100788
3981	70	1.3040927207537383
3981	80	1.338627570430234
3981	90	1.2843698224296187
3981	100	1.2805625833339302
3981	110	1.231352062246288
3981	120	1.189722175724635
3982	70	0.5548598959501835
3982	80	0.471693199084708
3982	90	0.5081242272845485
3982	100	0.5847837431218348
3982	110	0.6201079226338411
3982	120	0.6591357085952051
3983	70	0.6151114701591721
3983	80	0.9952788838324061
3983	90	1.0270611539916092
3983	100	1.0898198972094169
3983	110	1.1771378488884021
3983	120	1.1784512774814548
3984	70	0.5147503726577681
3984	80	0.7268248192416079
3984	90	0.9193830696998824
3984	100	1.0469542894095643
3984	110	1.1202472945808393
3984	120	1.1284648022416246
3985	70	1.9787232048595742
3985	80	2.007587495766978
3985	90	1.3666542536317419
3985	100	1.257068732210396
3985	110	1.223413399545371
3985	120	1.1418643715897017
3986	70	0.4421564821383491
3986	80	0.559344955025353
3986	90	0.6013473149027839
3986	100	0.6851341118509311
3986	110	0.7449160349983487
3986	120	0.7762317103558032
3987	70	2.8920649813367616
3987	80	1.8087343151061703
3987	90	1.1008905804909797
3987	100	1.1181044404660174
3987	110	1.0780611321794316
3987	120	1.0506193705133309
3988	70	1.9876697845784452
3988	80	1.297284654936921
3988	90	1.2183510567682416
3988	100	1.133282812645036
3988	110	1.089191831071784
3988	120	1.0975007786499453
3989	70	0.8807939609394718
3989	80	0.652938465194783
3989	90	0.8121793225944328
3989	100	0.89314491300232135
3989	110	0.8918504207315109
3989	120	0.9054694610805428
3990	70	1.7036970499466018
3990	80	1.3254158869678512
3990	90	1.2971094524474227
3990	100	1.2828510875412342
3990	110	1.2261099330602836
3990	120	1.200820060368143
3991	70	0.5272223972343005
3991	80	0.665400617595128
3991	90	0.9978953717080526
3991	100	1.1124026114164123
3991	110	1.1303173703725156
3991	120	1.1503596388920698
3992	70	1.3073907335464774
3992	80	1.0375307171403678
3992	90	0.9835064821549854
3992	100	0.9033112295315924
3992	110	0.9159573628635966
3992	120	0.8981844345374277
3993	70	1.2797135969654752
3993	80	1.1028363999696356
3993	90	0.880248741822883
3993	100	0.9442947008868688
3993	110	0.935959119427433
3993	120	0.9404449117742437
3994	70	0.6023247276706213
3994	80	0.6205274049036416
3994	90	0.6996850616984761
3994	100	0.6818627188633457
3994	110	0.7167467274632584
3994	120	0.7364882345604299
3995	70	0.9583103498161564
3995	80	0.9240260586906067
3995	90	1.0073459065602708
3995	100	1.0428210576073678
3995	110	1.0267949116803345
3995	120	1.017894884327675
3996	70	0.7089055920934763
3996	80	0.574740259774512
3996	90	0.6553899467184815
3996	100	0.8247152982245638
3996	110	0.8272478798577306
3996	120	0.8792230577872483
3997	70	2.7236154279214104
3997	80	1.6075456326707012
3997	90	1.1568984726366471
3997	100	1.1183198931373277
3997	110	1.1135966865034104
3997	120	1.1001427274352853
3998	70	2.1605390857991855
3998	80	1.3699757145565405
3998	90	1.1635359302425052
3998	100	0.8990965233654554
3998	110	0.9009062435235351
3998	120	0.901649446606814
3999	70	1.3935697149060158
3999	80	0.8743060926233585
3999	90	0.8672327662870757
3999	100	0.9073760055646509
3999	110	0.9263315540415246
3999	120	0.9446708524600637
4000	70	2.123418678968518
4000	80	1.4182704424945296
4000	90	1.26282399730761
4000	100	1.230733578001146
4000	110	1.1973834482056618
4000	120	1.178261071235286
4001	70	1.9346094314924103
4001	80	1.880739756706437
4001	90	1.6978879389808115
4001	100	1.5047466374485168
4001	110	1.4083618238754292
4001	120	1.3345032355314796
4002	70	0.7812860398476535
4002	80	1.0605741061412868
4002	90	0.934753856472436
4002	100	0.9986051068625298
4002	110	0.9911116023738928
4002	120	1.0103278143148708
4003	70	2.8849355939318104
4003	80	2.0798433408498234
4003	90	1.2778214259984684
4003	100	0.9590545310828817
4003	110	0.9027412002713362
4003	120	0.8570909450441829
4004	70	0.7779296798883462
4004	80	1.0257112579349401
4004	90	0.8689380535317829
4004	100	0.9655044079066037
4004	110	1.0157544599891173
4004	120	1.0415037588431484
4005	70	1.3696031696872724
4005	80	1.0638874860655543
4005	90	0.9802546177639129
4005	100	0.9036013657197096
4005	110	0.9147798541539363
4005	120	0.919254590473842
4006	70	0.5609124450427885
4006	80	0.5583457975886439
4006	90	0.5993960198958662
4006	100	0.648898275346285
4006	110	0.6890942987132657
4006	120	0.7307023020752339
4007	70	1.8033513219283477
4007	80	1.142605544091489
4007	90	1.0612497476100888
4007	100	0.9983733089561312
4007	110	0.973859253684408
4007	120	0.9474038253885748
4008	70	0.8957035370194394
4008	80	0.8833734408246027
4008	90	0.9144136620841706
4008	100	1.1166753998386774
4008	110	1.1390256319418441
4008	120	1.1484135117607221
4009	70	0.350086629732622
4009	80	0.5207136166532441
4009	90	0.838847930593379
4009	100	0.8188275667723707
4009	110	0.8109146101002789
4009	120	0.8400342228253512
4010	70	2.3653231473572047
4010	80	1.083417200095029
4010	90	0.9345098713054587
4010	100	0.8870539002799537
4010	110	0.9137774884797935
4010	120	0.9311053443114854
4011	70	0.6710227729292256
4011	80	1.0053298966208928
4011	90	1.207404951240568
4011	100	1.0385994639827683
4011	110	1.0508367998753465
4011	120	1.0669446160491203
4012	70	1.3429593581340014
4012	80	1.3047074712102502
4012	90	1.2533200174023793
4012	100	1.2422038131778952
4012	110	1.1298162552351538
4012	120	1.108181339092974
4013	70	2.8046727844606325
4013	80	2.2192267491488264
4013	90	1.5765095734934191
4013	100	1.1635603416275118
4013	110	1.092061761374184
4013	120	1.0631419517147194
4014	70	0.5108262522289357
4014	80	0.6440795762561026
4014	90	0.7969134648873134
4014	100	0.7399223906267169
4014	110	0.7852971347018476
4014	120	0.8205414063903751
4015	70	0.5710140394851111
4015	80	0.5331442504159277
4015	90	0.7747136529668512
4015	100	0.9059867501941746
4015	110	0.9512403979880968
4015	120	1.0018150477684065
4016	70	1.524641108809913
4016	80	1.6894637724711854
4016	90	1.301766731520657
4016	100	1.1652518809620749
4016	110	1.067440926685437
4016	120	1.025877699191345
4017	70	0.43120683543531746
4017	80	0.5604904274019353
4017	90	0.8198749296942994
4017	100	0.9711982870110791
4017	110	1.009138406997755
4017	120	1.0153540487674415
4018	70	0.8059742321379291
4018	80	0.7416655720504803
4018	90	0.7929272657591133
4018	100	0.6936188170057291
4018	110	0.7287503454651014
4018	120	0.7502685636010121
4019	70	1.5910340589160086
4019	80	1.2611225560776738
4019	90	1.2774791226116335
4019	100	1.0529951531274733
4019	110	0.9936111758676001
4019	120	0.976696550584249
4020	70	0.4202649701927399
4020	80	0.5245652976492011
4020	90	0.6234614990003079
4020	100	0.6465235584220024
4020	110	0.672471840939879
4020	120	0.7080796519003553
4021	70	1.0625354107821219
4021	80	0.8788892663021878
4021	90	0.9896469474098777
4021	100	1.0018567820491036
4021	110	1.0657370647266478
4021	120	1.0936601974568483
4022	70	1.5458637747516475
4022	80	1.7379717025819466
4022	90	1.118404118653914
4022	100	1.0559368681855295
4022	110	0.9966832180835918
4022	120	0.9835828885476315
4023	70	1.005409015936348
4023	80	1.2890419759456546
4023	90	1.2091011727142624
4023	100	1.207532262132077
4023	110	1.1267540765465742
4023	120	1.1208389797773735
4024	70	1.5724021700529536
4024	80	1.7567683874670925
4024	90	1.3054858789216082
4024	100	1.2084187845599899
4024	110	1.1362654773462308
4024	120	1.090114805578982
4025	70	1.0502900536795114
4025	80	1.2208585750591046
4025	90	1.174609275729109
4025	100	1.023610731751312
4025	110	0.9868640987179619
4025	120	0.9561929556262053
4026	70	0.5453724800067175
4026	80	0.6027243841255188
4026	90	0.5604741887027953
4026	100	0.6734174135613595
4026	110	0.737437633497793
4026	120	0.7850755798080483
4027	70	0.6305028183340108
4027	80	0.8555933797470696
4027	90	0.8706886396529565
4027	100	1.0392991618067233
4027	110	1.0308269219507915
4027	120	1.0451047932982063
4028	70	3.7721305777188476
4028	80	1.6039867143699507
4028	90	1.248979830833378
4028	100	0.9701525157270403
4028	110	0.9404019566381704
4028	120	0.9150201442084492
4029	70	1.544522596465962
4029	80	1.4412021806864737
4029	90	1.589565716583495
4029	100	1.375525809584687
4029	110	1.3490501849293954
4029	120	1.2669274132534234
4030	70	1.2892643726576443
4030	80	1.3835482138779398
4030	90	1.3231850170289252
4030	100	1.3776659016600499
4030	110	1.281516426741874
4030	120	1.2424952488673384
4031	70	0.48295859760997406
4031	80	0.7069003639721108
4031	90	0.8161163763242241
4031	100	0.8405126488875159
4031	110	0.8623563582448006
4031	120	0.908982096066785
4032	70	1.6655943471555972
4032	80	1.5322606534958125
4032	90	1.3223352190250572
4032	100	1.0019581186481
4032	110	0.9561273484130585
4032	120	0.947829831646901
4033	70	1.8513069352532734
4033	80	1.5943432233712953
4033	90	1.306811475127717
4033	100	1.2041486569777236
4033	110	1.1709027197416508
4033	120	1.1513644635870468
4034	70	0.7046171692945126
4034	80	0.6556241198295631
4034	90	0.7405896936931299
4034	100	0.9151495261815912
4034	110	0.9177064289034194
4034	120	0.950521463420165
4035	70	0.529248707125656
4035	80	0.722360248170011
4035	90	0.9399558791879705
4035	100	1.094796843994275
4035	110	1.1729943286165851
4035	120	1.1780693633665327
4036	70	2.032599571156826
4036	80	2.257875959244286
4036	90	1.668562909745439
4036	100	1.4972477944801255
4036	110	1.4212930150337233
4036	120	1.3581259406297976
4037	70	1.212035698987676
4037	80	1.0592521306926688
4037	90	1.1524149294731156
4037	100	1.1525285644329766
4037	110	1.1665258638633331
4037	120	1.136485531305537
4038	70	0.4756843623354586
4038	80	0.8199628221620765
4038	90	0.9974975571136812
4038	100	0.973813993022052
4038	110	1.0492063688677182
4038	120	1.0877960421688844
4039	70	2.0690511842043144
4039	80	1.8642466381367835
4039	90	1.618792300384535
4039	100	1.4125960056438187
4039	110	1.3454654209077732
4039	120	1.2701560961308374
4040	70	2.789729961202803
4040	80	1.8022178900260801
4040	90	1.2102035144674823
4040	100	0.9613861094426487
4040	110	0.9171458116663647
4040	120	0.8943910445309359
4041	70	1.3640520791349902
4041	80	1.533977342716819
4041	90	1.4379391598353495
4041	100	1.2372452394024331
4041	110	1.1844373258801009
4041	120	1.1397740480493386
4042	70	1.3165858566462292
4042	80	1.5267192017778115
4042	90	1.5625347000918106
4042	100	1.4464372722685905
4042	110	1.3029519437203367
4042	120	1.2525692262968418
4043	70	0.540812096718715
4043	80	0.5759683872635912
4043	90	0.6734139669125531
4043	100	0.738923312404176
4043	110	0.752594570949758
4043	120	0.7847803624044515
4044	70	0.4646731102579181
4044	80	0.6779955210448839
4044	90	0.7294548902994069
4044	100	0.7648940569000812
4044	110	0.8325959827947357
4044	120	0.8741951365062633
4045	70	1.352280433352205
4045	80	1.5930317691569014
4045	90	1.39065163767446
4045	100	1.049310773631099
4045	110	1.0459714433948288
4045	120	1.0117506266592342
4046	70	1.2914232302940365
4046	80	1.3821583323807418
4046	90	1.451294590796716
4046	100	1.177709947493406
4046	110	1.1544887341139136
4046	120	1.1188273161349547
4047	70	2.0287331721294435
4047	80	1.0664856133081617
4047	90	0.9458611547489308
4047	100	1.0032245732872522
4047	110	0.9515562123767577
4047	120	0.9299120589657321
4048	70	0.6963140225033889
4048	80	1.0926554346179087
4048	90	1.2186375115911607
4048	100	1.3555565665427716
4048	110	1.3711250388172733
4048	120	1.348632378562868
4049	70	1.5270049701418078
4049	80	1.2193838943559536
4049	90	1.16253218352894
4049	100	1.0282376925467047
4049	110	1.005875222983061
4049	120	1.0004551601096183
4050	70	0.42299969427384637
4050	80	0.6426866686863902
4050	90	0.8729620482987506
4050	100	1.0873138518518222
4050	110	1.1543772774561023
4050	120	1.1611208655812029
4051	70	1.2474189279975945
4051	80	1.3719297982629455
4051	90	1.355054290495479
4051	100	1.121415004065938
4051	110	1.0720295861475189
4051	120	1.0667944570083727
4052	70	1.1219926076216584
4052	80	1.057209029989781
4052	90	0.9272811073629684
4052	100	0.9832913707355426
4052	110	0.9553443490586393
4052	120	0.9541147867613772
4053	70	0.38589613445333476
4053	80	0.537247551430462
4053	90	0.7442762386801913
4053	100	0.9156560557312828
4053	110	0.946063921200792
4053	120	0.9718711052030727
4054	70	1.2247635928213902
4054	80	1.053223292426173
4054	90	1.0084558929655187
4054	100	0.9559437330638645
4054	110	0.9328363690693767
4054	120	0.9632911130831578
4055	70	1.7271287680901701
4055	80	1.4637909012685622
4055	90	1.300271806116251
4055	100	1.275099870611382
4055	110	1.205020398482091
4055	120	1.1469477866050983
4056	70	0.8897616012315175
4056	80	0.7701143281452668
4056	90	0.9386613039752
4056	100	1.1067661271819593
4056	110	1.144592214092129
4056	120	1.145436766769947
4057	70	0.560183190351003
4057	80	0.8049344209435751
4057	90	0.8734935625019312
4057	100	1.0267928074572854
4057	110	1.0175208442088648
4057	120	1.0214052653746608
4058	70	1.2168564499443368
4058	80	0.952412731990232
4058	90	1.064561824446133
4058	100	1.0806981001973948
4058	110	1.100177652453815
4058	120	1.1214912214549069
4059	70	0.6117839996819088
4059	80	0.5462769989870015
4059	90	0.6360330347394767
4059	100	0.6609687978176219
4059	110	0.7025858077348736
4059	120	0.728181523702146
4060	70	0.7056780562517746
4060	80	0.7502468002493765
4060	90	1.0063252769982245
4060	100	1.1768009857490933
4060	110	1.179234882247277
4060	120	1.2217134355217654
4061	70	1.5148887334603724
4061	80	1.0371447418603035
4061	90	1.0340057757041876
4061	100	1.0819370830462667
4061	110	1.100911913466184
4061	120	1.117182069205889
4062	70	1.5682945533131996
4062	80	1.092303580047813
4062	90	1.1118241994734763
4062	100	1.0584899367351819
4062	110	1.0271833595307993
4062	120	1.0382796602199875
4063	70	0.6171994001572619
4063	80	0.7106606020976268
4063	90	0.7276698371714211
4063	100	0.8169494320207409
4063	110	0.8369979780759541
4063	120	0.8713020610506288
4064	70	1.0662945275643059
4064	80	1.0105107733532965
4064	90	1.198321597264357
4064	100	0.9207759765997666
4064	110	0.969653229133114
4064	120	0.9718738786788591
4065	70	2.6016843757654087
4065	80	1.7815983907805626
4065	90	1.1270850181811147
4065	100	1.0330563582859589
4065	110	0.9979688524536799
4065	120	0.9278916381973136
4066	70	2.901273270597933
4066	80	1.2754831797226311
4066	90	1.02137957669807
4066	100	1.1300405007456145
4066	110	1.0678048886236795
4066	120	1.047495594433417
4067	70	1.0880325723391104
4067	80	1.0055304824278477
4067	90	1.1693558106836832
4067	100	1.049925980710846
4067	110	1.0137291044013597
4067	120	1.035538359085372
4068	70	0.6953211555018582
4068	80	0.97748662136303
4068	90	0.959516970124672
4068	100	1.0538425763724262
4068	110	1.0903314209092876
4068	120	1.0856122925216898
4069	70	0.40389439208422306
4069	80	0.60129740892628
4069	90	0.8594409390782194
4069	100	0.9790828821923655
4069	110	1.0570269281754114
4069	120	1.1165960095910148
4070	70	1.6340723524684262
4070	80	1.264733121715339
4070	90	1.3084488033748267
4070	100	1.2078047734357906
4070	110	1.2042438515804237
4070	120	1.2187442202547527
4071	70	1.9425791139458517
4071	80	2.314872142872992
4071	90	1.9152639721895979
4071	100	1.4075057724971243
4071	110	1.3116444431876229
4071	120	1.24413427441269
4072	70	0.37993124001313466
4072	80	0.5173218012316041
4072	90	0.7361095418893395
4072	100	0.8136962809987386
4072	110	0.8826501124414867
4072	120	0.91080531536142
4073	70	1.996549807506708
4073	80	2.2750791704103923
4073	90	1.7729534057052934
4073	100	1.7512648830193132
4073	110	1.5421204502520984
4073	120	1.443777229523873
4074	70	1.8794579737256802
4074	80	1.5263695738875456
4074	90	1.4285486701172465
4074	100	1.3014238831913245
4074	110	1.2459843483017468
4074	120	1.2045076657442815
4075	70	1.5136585973641523
4075	80	1.182604114499525
4075	90	0.9016390001316679
4075	100	0.9125653620688229
4075	110	0.84708836445145
4075	120	0.8303794203157124
4076	70	1.6413684839432132
4076	80	1.6086318411764797
4076	90	1.389143423952629
4076	100	1.2197767158330282
4076	110	1.2185361637270393
4076	120	1.2032551043310267
4077	70	0.3469646978859114
4077	80	0.49811769919349536
4077	90	0.6441324677697674
4077	100	0.721093704090814
4077	110	0.7866870869256919
4077	120	0.8161596422738947
4078	70	2.7666391242106156
4078	80	1.9499428738271298
4078	90	1.651496344457262
4078	100	1.3325267569371315
4078	110	1.25063081380126
4078	120	1.1934683650083717
4079	70	0.9356747800899877
4079	80	0.8775321817476135
4079	90	0.8966989148120771
4079	100	0.8942604987251467
4079	110	0.9327462847339143
4079	120	0.9412365099715045
4080	70	1.7400214351199714
4080	80	1.3885569394100916
4080	90	1.298307199611409
4080	100	1.149591584885208
4080	110	1.1142486222942163
4080	120	1.0693018304777058
4081	70	0.5346443605821196
4081	80	0.5381448397706775
4081	90	0.7059864446230383
4081	100	0.8380232418680554
4081	110	0.8910995147558883
4081	120	0.9472285383999839
4082	70	0.6043824696228289
4082	80	0.8488779494073379
4082	90	0.9735518240447777
4082	100	0.9628084986021432
4082	110	1.0158930051518034
4082	120	1.034388525953722
4083	70	1.1760836106284034
4083	80	1.1742292506625862
4083	90	1.3245073284642948
4083	100	1.162045115303531
4083	110	1.1697329080920331
4083	120	1.1654450396969687
4084	70	1.1732556730957542
4084	80	0.8587279051001189
4084	90	0.8601955801253126
4084	100	0.9828588668305231
4084	110	0.9635634612211048
4084	120	0.983741257790713
4085	70	1.4729891760752956
4085	80	0.8141832406230709
4085	90	0.7383270991987455
4085	100	0.6699154335535247
4085	110	0.6694666244609905
4085	120	0.6872692905682382
4086	70	1.542217292305766
4086	80	1.4176288791510885
4086	90	1.2869056770199605
4086	100	1.2207351025424513
4086	110	1.1847785852197956
4086	120	1.1421826520665175
4087	70	2.0490219237125435
4087	80	1.8361913516759638
4087	90	1.0946999105049675
4087	100	1.1885134914381317
4087	110	1.126342900658428
4087	120	1.085825422681991
4088	70	2.4489522875063514
4088	80	1.893190488329405
4088	90	1.2076999225346345
4088	100	1.1188157174511586
4088	110	1.087076911864618
4088	120	1.0172585574594786
4089	70	0.6823042411813195
4089	80	0.7967430330005294
4089	90	0.8834047964591847
4089	100	0.928523786722934
4089	110	0.9446684914289081
4089	120	0.944160951656207
4090	70	0.6166801904170891
4090	80	0.8923917461078322
4090	90	0.8436064917132059
4090	100	0.9221626606753326
4090	110	0.9379465535270199
4090	120	0.9043202690423315
4091	70	0.48227221964522166
4091	80	0.7194539588254576
4091	90	0.7783710236616573
4091	100	0.9597549820513029
4091	110	0.9983503471084714
4091	120	1.030895904600898
4092	70	1.547224961257088
4092	80	1.649412530273305
4092	90	1.519171996604824
4092	100	1.5696732005607272
4092	110	1.360946544133323
4092	120	1.2589949139466443
4093	70	0.5514393426528571
4093	80	0.6856395736086003
4093	90	0.8343432683086607
4093	100	0.909094901466979
4093	110	0.9377270324841028
4093	120	0.9644004866064795
4094	70	0.409032180343318
4094	80	0.6712222993266098
4094	90	0.9194136791628875
4094	100	0.9838138143563434
4094	110	0.9742525002010386
4094	120	1.018204839383698
4095	70	2.133097339014512
4095	80	1.808199247901774
4095	90	1.471905155691275
4095	100	1.3004978757228258
4095	110	1.21899982631601
4095	120	1.128118628198261
4096	70	0.6044822204685303
4096	80	0.5932759655909168
4096	90	0.652497840450425
4096	100	0.8342017473784245
4096	110	0.9028502995184681
4096	120	0.9319351638215343
4097	70	0.4131890673611334
4097	80	0.5122878964601194
4097	90	0.739308355685979
4097	100	0.7997528773030808
4097	110	0.893112009337992
4097	120	0.9667373609088891
4098	70	1.7637621105471513
4098	80	1.1741444606696791
4098	90	1.2049751868627792
4098	100	0.93916021401768
4098	110	0.9042328136332225
4098	120	0.8893692297773429
4099	70	0.7876973174467424
4099	80	0.7456695267191216
4099	90	0.7023888084073794
4099	100	0.845993488531683
4099	110	0.8998036117021379
4099	120	0.929996999676073
4100	70	0.6484615764613115
4100	80	0.9204155402543102
4100	90	0.9107543778393818
4100	100	0.9216699497106454
4100	110	0.9224868659041077
4100	120	0.9533330150045732
4101	70	2.386177925691018
4101	80	1.9356878475879915
4101	90	1.351873910619594
4101	100	1.0815965145326447
4101	110	1.0247711802865076
4101	120	0.9674264009420859
4102	70	2.264761410748973
4102	80	1.6072686146287587
4102	90	1.333721012502335
4102	100	1.217885198446916
4102	110	1.2051300731926773
4102	120	1.146387376197401
4103	70	0.6606398281498199
4103	80	0.5743231075482625
4103	90	0.5879069455140588
4103	100	0.7017005155306648
4103	110	0.781433901450927
4103	120	0.8204170677875884
4104	70	1.2575676907145867
4104	80	1.244929475273281
4104	90	1.1072658823035246
4104	100	1.0891985061929612
4104	110	1.0958042991837662
4104	120	1.0663507810121864
4105	70	2.2341524890566795
4105	80	1.8098907277909926
4105	90	1.3319972006091776
4105	100	1.290859216850427
4105	110	1.2469198000563793
4105	120	1.1860676770428014
4106	70	1.7736155205912838
4106	80	1.8533475576438552
4106	90	1.7807602320591662
4106	100	1.375590513616211
4106	110	1.285036708518097
4106	120	1.2282362151930741
4107	70	0.6629312573816383
4107	80	1.006579354720927
4107	90	0.9262662308005983
4107	100	1.115618545285939
4107	110	1.0873126130463349
4107	120	1.0792049759939706
4108	70	0.9956729693634435
4108	80	1.2492113141585077
4108	90	1.0122451582854128
4108	100	1.1535076102122752
4108	110	1.193508925849192
4108	120	1.1596740690156486
4109	70	0.43070757186139297
4109	80	0.770473426838217
4109	90	1.1154654401424533
4109	100	0.9636615849307489
4109	110	1.0093171579772815
4109	120	1.0460921189083607
4110	70	0.8761849532523712
4110	80	0.8760832675827198
4110	90	0.9189621632189613
4110	100	0.7843569885135091
4110	110	0.7751051451797251
4110	120	0.7710121192218766
4111	70	0.4666993196048538
4111	80	0.7388659549929532
4111	90	0.9245386449876293
4111	100	0.9009021683998251
4111	110	0.9333273337863136
4111	120	0.9605895893470352
4112	70	1.2536022585580129
4112	80	1.0397484003415511
4112	90	1.100564815582628
4112	100	0.9591076561819978
4112	110	0.9579811616515579
4112	120	0.9730328499598996
4113	70	0.39633899870107364
4113	80	0.4668104672644841
4113	90	0.6921993593555266
4113	100	0.7675190106133448
4113	110	0.8628016636586475
4113	120	0.9463840710143643
4114	70	2.789670966166665
4114	80	2.6991796748914805
4114	90	1.6572649129131385
4114	100	1.6127066795563434
4114	110	1.5095251513900723
4114	120	1.3723578607483964
4115	70	0.7716529623544629
4115	80	0.8683407512376932
4115	90	1.0249674781251827
4115	100	0.9950697294324237
4115	110	1.0674846608987032
4115	120	1.070241813028676
4116	70	1.1906087331070807
4116	80	1.0392845348081052
4116	90	0.9056143477807385
4116	100	0.9691913533100757
4116	110	0.9664157659672292
4116	120	0.934898823270242
4117	70	1.5233444595211254
4117	80	1.256752090102755
4117	90	1.346659675755372
4117	100	1.298777451957708
4117	110	1.2164798250239048
4117	120	1.168348200620922
4118	70	0.7752755267425485
4118	80	0.8471003354568305
4118	90	0.807426259023864
4118	100	0.7777610229010674
4118	110	0.8111201046130583
4118	120	0.8307931787456009
4119	70	2.0322724044902287
4119	80	1.1576434952122223
4119	90	0.8780316786706109
4119	100	1.0115299036226735
4119	110	1.0141155573482648
4119	120	0.9847053159756424
4120	70	0.9495222395463596
4120	80	1.1705927452176241
4120	90	0.9250394935186352
4120	100	0.881758422047263
4120	110	0.8584067530339747
4120	120	0.8342208223036113
4121	70	3.041987776168835
4121	80	2.2641836976515384
4121	90	1.872799336040223
4121	100	1.2563315029520485
4121	110	1.2045848365874683
4121	120	1.1552106738480445
4122	70	1.2757664830660842
4122	80	1.3035174311782574
4122	90	1.2778131413569531
4122	100	1.1870261736725354
4122	110	1.1443174051358018
4122	120	1.133676408449159
4123	70	1.037706163651819
4123	80	1.002051411396541
4123	90	0.9348885947556714
4123	100	0.912162711950275
4123	110	0.8877455651541238
4123	120	0.8954140101029188
4124	70	0.37000936580635135
4124	80	0.36655133511040583
4124	90	0.5425029144508551
4124	100	0.6842456631931718
4124	110	0.7528431696552558
4124	120	0.7939886671626254
4125	70	1.1865370631875347
4125	80	1.224128630413392
4125	90	1.1375676763660982
4125	100	0.9490382627812843
4125	110	0.9329370698482403
4125	120	0.9584862732033512
4126	70	1.4210466405499163
4126	80	1.2777792017494005
4126	90	1.3030769278005316
4126	100	1.2058867356105611
4126	110	1.2148971258112515
4126	120	1.166530058393886
4127	70	0.9196699827887489
4127	80	1.1810087481667275
4127	90	1.31044061890974
4127	100	1.274462531182989
4127	110	1.3236024263173938
4127	120	1.3211867169803815
4128	70	0.670635602207827
4128	80	0.6655393387879208
4128	90	0.7275513617825111
4128	100	0.7887152605657873
4128	110	0.8166827831056479
4128	120	0.8352298917323526
4129	70	0.6429690196403056
4129	80	0.6230658986096295
4129	90	0.7679764427780809
4129	100	0.9180771815666702
4129	110	1.0008384403264314
4129	120	1.0389297743401127
4130	70	1.7033802082185097
4130	80	1.1064662907038245
4130	90	0.9300871561147057
4130	100	0.8922013989046096
4130	110	0.8827204646892598
4130	120	0.8687649280153789
4131	70	0.7492166780640571
4131	80	1.0250583494552825
4131	90	1.1182594623895536
4131	100	1.064034045089913
4131	110	1.1387973552632933
4131	120	1.149187390295342
4132	70	0.5586593422709285
4132	80	0.7375032577502065
4132	90	0.8007556860820965
4132	100	0.8511322642855809
4132	110	0.9041451437392807
4132	120	0.9304932913926853
4133	70	1.046561107311672
4133	80	1.0635134545940041
4133	90	1.1495487524926726
4133	100	1.263076210335183
4133	110	1.219731442851902
4133	120	1.1851362244418093
4134	70	0.49160928137525334
4134	80	0.6745979694381166
4134	90	0.8602244661352061
4134	100	1.0615892262426183
4134	110	1.1331270791400259
4134	120	1.1277532613728305
4135	70	1.3597364840768253
4135	80	0.8929422887633977
4135	90	0.8124067785113863
4135	100	0.7311214130491562
4135	110	0.7444930469823203
4135	120	0.7532219665570495
4136	70	2.4505416089073817
4136	80	1.6878012149806796
4136	90	1.308613564020338
4136	100	1.1437596967027333
4136	110	1.1668541648423087
4136	120	1.1453475062995924
4137	70	1.2513823531586663
4137	80	1.4253270992091045
4137	90	1.344280619446676
4137	100	1.2348439300116616
4137	110	1.1725046983062468
4137	120	1.129384326748864
4138	70	0.6501792498598106
4138	80	0.630591326200193
4138	90	0.7900964202332788
4138	100	0.8226704242252826
4138	110	0.8343963548315834
4138	120	0.8742509003369997
4139	70	0.46706078446992566
4139	80	0.6255307314441877
4139	90	0.793955942043744
4139	100	0.8429183868706283
4139	110	0.890358801910416
4139	120	0.9140434517291913
4140	70	2.66992123509603
4140	80	1.355700851544299
4140	90	1.0894091004084199
4140	100	0.8316574771051973
4140	110	0.825595813014367
4140	120	0.833359696836714
4141	70	0.4310535512373676
4141	80	0.73479139237687
4141	90	1.02168388550551
4141	100	1.1621980215239984
4141	110	1.2606829351491218
4141	120	1.2798560830876544
4142	70	0.5902145597135555
4142	80	0.5698371899799584
4142	90	0.7661170833708858
4142	100	0.9212087235837437
4142	110	0.9554173753808004
4142	120	0.9848090842630793
4143	70	1.1412645186026642
4143	80	1.135903344251455
4143	90	1.1851115133181476
4143	100	1.2850769646403017
4143	110	1.2607699846948353
4143	120	1.2127465153333767
4144	70	1.5565843922557554
4144	80	1.5156043712757512
4144	90	1.3619514908778905
4144	100	1.12246178796387
4144	110	1.1086990106169432
4144	120	1.0731802886915542
4145	70	0.8282708793869983
4145	80	0.7624424811049343
4145	90	0.7734746413347633
4145	100	0.7785725896541938
4145	110	0.8366801989402752
4145	120	0.8492004156941902
4146	70	1.8828620673497605
4146	80	1.478408032346235
4146	90	1.1412809425292427
4146	100	1.0361695147214618
4146	110	1.0395361456884966
4146	120	1.0164586513898992
4147	70	1.8573572000763838
4147	80	1.4901799668357048
4147	90	1.3857705066937798
4147	100	1.2938286332357325
4147	110	1.2674267035618285
4147	120	1.2403082917180153
4148	70	0.4890749477471253
4148	80	0.8378567246847572
4148	90	1.0184975675644812
4148	100	0.9705660678358297
4148	110	1.0261098213926871
4148	120	1.0444981996312601
4149	70	2.1567643824344533
4149	80	2.056058427458335
4149	90	1.4300342889744964
4149	100	1.2079463834311028
4149	110	1.1321349375892193
4149	120	1.0880354833494357
4150	70	0.8175378282181823
4150	80	0.8491599660312004
4150	90	0.9163839991819451
4150	100	0.8203242873228884
4150	110	0.8076969534121002
4150	120	0.8089317978611836
4151	70	1.691857638096142
4151	80	1.6140872144012401
4151	90	1.1793993099131925
4151	100	1.0048227155801486
4151	110	0.9626681164406087
4151	120	0.948938960766194
4152	70	0.6944878753328154
4152	80	0.7889363169760678
4152	90	0.70799939696495
4152	100	0.8013208844178936
4152	110	0.8329389226464335
4152	120	0.8492693281843501
4153	70	3.537708330429137
4153	80	1.6194221740170702
4153	90	1.193813268413627
4153	100	1.1062188546181104
4153	110	1.0885201157830438
4153	120	1.0419283243424096
4154	70	3.4350487840668373
4154	80	1.3991431026501162
4154	90	1.132672065578821
4154	100	1.1921227734499338
4154	110	1.134406361469339
4154	120	1.1283343414559308
4155	70	1.143734838619992
4155	80	1.1231517173031889
4155	90	1.0953344566167589
4155	100	1.200404602156483
4155	110	1.1470398538554876
4155	120	1.1063354837405763
4156	70	1.0552720149652406
4156	80	0.9362118876976924
4156	90	1.1643584677647354
4156	100	1.0525297818645405
4156	110	1.0819879732854827
4156	120	1.1107587579138165
4157	70	1.1410576335961715
4157	80	0.9383668203059785
4157	90	0.7449398276343646
4157	100	0.7756106731038331
4157	110	0.7823898302501191
4157	120	0.8068303648673965
4158	70	0.7701193820561336
4158	80	0.6496965376015221
4158	90	0.8565738155702928
4158	100	0.9126134053472308
4158	110	0.8783940808930771
4158	120	0.9130055103498421
4159	70	0.49738155001792683
4159	80	0.7394574313823964
4159	90	0.8426808837373175
4159	100	0.9140387009961494
4159	110	0.9350948440932859
4159	120	0.9298213325855528
4160	70	1.2942291439160525
4160	80	0.9674415927530828
4160	90	1.113878302515939
4160	100	1.2632521716616192
4160	110	1.1785285357554534
4160	120	1.1912774908215684
4161	70	0.5826086877656499
4161	80	0.6764552288722046
4161	90	0.7939995688957415
4161	100	0.8649257676157402
4161	110	0.9210089545790827
4161	120	0.941917085319912
4162	70	1.3790034382342327
4162	80	1.0871965259804235
4162	90	0.8340969177184248
4162	100	0.850387358003196
4162	110	0.7970237714227875
4162	120	0.771674017111872
4163	70	1.1718346243546647
4163	80	1.1930347077996646
4163	90	0.8969702517195156
4163	100	0.9551043735039714
4163	110	0.9774080143722772
4163	120	0.9706550626158766
4164	70	1.795635071361919
4164	80	1.2826339696943463
4164	90	1.3448289474726107
4164	100	1.407241969165837
4164	110	1.30565740193793
4164	120	1.263347398269023
4165	70	0.9195646320856014
4165	80	1.0574644943467701
4165	90	1.2450222553215111
4165	100	1.2781894095957071
4165	110	1.296510399864726
4165	120	1.2782995198992535
4166	70	0.6839844640486624
4166	80	0.7353789907062516
4166	90	0.9033869107025119
4166	100	0.9289793559838834
4166	110	0.9660224122151196
4166	120	1.0008614110218963
4167	70	0.4059926842539058
4167	80	0.45826974406211674
4167	90	0.5938411296773675
4167	100	0.7493440790138325
4167	110	0.8049860201088475
4167	120	0.8369510521822691
4168	70	2.95595233615284
4168	80	1.1940850749962586
4168	90	0.9393669166942321
4168	100	0.9498236068285075
4168	110	0.9172351058594644
4168	120	0.9090917499019882
4169	70	0.9221613514591971
4169	80	0.721621107277277
4169	90	0.7205758364497108
4169	100	0.8733547094463532
4169	110	0.8655945135930256
4169	120	0.8880453043247675
4170	70	1.457316757533419
4170	80	1.119329751662753
4170	90	1.0346269628345857
4170	100	0.9672017285117602
4170	110	0.9336206655777326
4170	120	0.9260535427051031
4171	70	1.2864770138737998
4171	80	1.2079914068810176
4171	90	1.0619845784775546
4171	100	0.9927785359875819
4171	110	0.9701362930225631
4171	120	0.9526722536214409
4172	70	1.0089274327488713
4172	80	0.7767132394118296
4172	90	0.6369885620856648
4172	100	0.7785598987859801
4172	110	0.7852718085127308
4172	120	0.8033489403958449
4173	70	1.2851570813580355
4173	80	1.0781464072042228
4173	90	1.2175150668422954
4173	100	1.2780324272861074
4173	110	1.2095069011243753
4173	120	1.1653060980812857
4174	70	1.5030073122849563
4174	80	1.0856188375275566
4174	90	0.991347125158353
4174	100	0.9956740732889677
4174	110	0.9696031550944405
4174	120	0.9777183907571583
4175	70	0.6411558771217499
4175	80	0.7737682716624606
4175	90	0.7432931886107133
4175	100	0.8898213865698659
4175	110	0.8869208016159904
4175	120	0.86937185413983
4176	70	1.1595560131707174
4176	80	1.0038572513499953
4176	90	1.0182004012663741
4176	100	0.9712036980626738
4176	110	0.9693343641773748
4176	120	0.9413217262507688
4177	70	0.5447967346216374
4177	80	0.5607746319175749
4177	90	0.7026252918613795
4177	100	0.8799836836608319
4177	110	0.9067977765390217
4177	120	0.9606309118943093
4178	70	1.5074105508627043
4178	80	1.0020332560696958
4178	90	0.7511612127479473
4178	100	0.8063477509871942
4178	110	0.7950442446781942
4178	120	0.7694638386642891
4179	70	1.746416493503209
4179	80	1.5593415828293837
4179	90	1.446780300529955
4179	100	1.3235718528220388
4179	110	1.2353939932089961
4179	120	1.1496196338263627
4180	70	2.6692156307735257
4180	80	2.4703487868730774
4180	90	1.551072132963369
4180	100	1.1092308408177047
4180	110	1.089115136252516
4180	120	1.0233290246482567
4181	70	0.62048226940435
4181	80	0.6670392556381672
4181	90	0.8609897355555791
4181	100	0.9988485821696229
4181	110	1.0461329989806738
4181	120	1.0673295199711648
4182	70	0.43429957301011163
4182	80	0.5710878474361646
4182	90	0.759869016597793
4182	100	0.7529858098150719
4182	110	0.7910294161597852
4182	120	0.8443566966894159
4183	70	0.46475754597006647
4183	80	0.5222120662382882
4183	90	0.6652226899302854
4183	100	0.7758900084912723
4183	110	0.7988798895777851
4183	120	0.8614036299190212
4184	70	1.5477131523661847
4184	80	1.544079725112338
4184	90	1.2538704046030467
4184	100	1.1949815662471714
4184	110	1.1282220150414903
4184	120	1.0987439923962437
4185	70	1.418484733418669
4185	80	1.5143037418215914
4185	90	1.145694024255205
4185	100	1.0706293778137594
4185	110	1.0915965441484274
4185	120	1.066482096894096
4186	70	0.29219939879538886
4186	80	0.42685100785934105
4186	90	0.60093063181454065
4186	100	0.6851153853187512
4186	110	0.7339063375130968
4186	120	0.7872640832436036
4187	70	1.9313860605185147
4187	80	1.6863554597043608
4187	90	1.269463519307529
4187	100	1.3220593609933138
4187	110	1.229266175943059
4187	120	1.1801016959818877
4188	70	0.6949184573177645
4188	80	0.8388929543859422
4188	90	1.0895174917300003
4188	100	1.0989204525744607
4188	110	1.1125895183607595
4188	120	1.0961603567605704
4189	70	2.233698905355216
4189	80	1.396994313876412
4189	90	1.0798597102085083
4189	100	0.9711535737913282
4189	110	0.9816839996311615
4189	120	0.9858066849240522
4190	70	0.8646904249351827
4190	80	1.0321618630395022
4190	90	1.1253155124136256
4190	100	1.249363407455316
4190	110	1.282821574743867
4190	120	1.2456076259389945
4191	70	2.832469667874937
4191	80	1.910700334572186
4191	90	1.251346444613557
4191	100	1.3018960017057988
4191	110	1.1918652418716162
4191	120	1.1019249491109429
4192	70	1.1567856805934138
4192	80	1.2537857784710322
4192	90	1.2408017447748116
4192	100	1.2357442253097533
4192	110	1.222719319571553
4192	120	1.1836335761063235
4193	70	1.135906183142498
4193	80	0.8209554547182862
4193	90	0.8705161351411526
4193	100	1.008322244928011
4193	110	0.9743527638645578
4193	120	0.9979851931938123
4194	70	1.3058788415896525
4194	80	1.0521558800829747
4194	90	0.9739378073095591
4194	100	1.0109764865371118
4194	110	0.9799388041820764
4194	120	0.9707956252841594
4195	70	2.7154874118113086
4195	80	2.858815773126767
4195	90	2.126827988091326
4195	100	1.519379160015668
4195	110	1.4989911393150301
4195	120	1.3962240994084503
4196	70	1.9880815471899327
4196	80	1.0957875020954826
4196	90	1.1187078371180035
4196	100	1.1753099565523626
4196	110	1.1285732540956055
4196	120	1.1152522422680127
4197	70	1.1620503611537123
4197	80	1.0906073846435582
4197	90	1.126446501128639
4197	100	1.1056762517461103
4197	110	1.0747747133796806
4197	120	1.037270350679886
4198	70	0.6012125994689078
4198	80	0.812836744135051
4198	90	0.8108343612602308
4198	100	0.7975889836779357
4198	110	0.8402041250609861
4198	120	0.8729400062583509
4199	70	2.52606618239333
4199	80	1.336121782755477
4199	90	1.174234317255644
4199	100	0.9696455532744163
4199	110	0.9390695356195367
4199	120	0.9372147490543303
4200	70	0.5896845861545351
4200	80	0.5537000591320116
4200	90	0.7346638701776269
4200	100	0.841498414616078
4200	110	0.8573010585515216
4200	120	0.9241552565979233
4201	70	1.857460921698535
4201	80	1.8736559985755104
4201	90	1.601998767494348
4201	100	1.2649932838421494
4201	110	1.2205342833069295
4201	120	1.1784962813764062
4202	70	1.4729086177770117
4202	80	1.1268652935102534
4202	90	0.8163703075890542
4202	100	0.8796561624698941
4202	110	0.9084296462451052
4202	120	0.9139859334028944
4203	70	2.259846154000125
4203	80	2.3422197256557937
4203	90	1.7700471826387403
4203	100	1.2521831005744677
4203	110	1.1214631448091474
4203	120	1.0708749558668584
4204	70	0.5447458039917992
4204	80	0.7697242327267685
4204	90	0.9727102942020727
4204	100	0.9657350607078123
4204	110	0.9566327312881223
4204	120	0.9674378986158051
4205	70	0.41905339805602837
4205	80	0.5981664120727563
4205	90	0.7128653202196689
4205	100	0.8038559189395568
4205	110	0.799339410293866
4205	120	0.8134117820257923
4206	70	0.6452480501061029
4206	80	0.9915498720763339
4206	90	1.1478921645619249
4206	100	1.1032092244156142
4206	110	1.1061650013484179
4206	120	1.090135888625905
4207	70	2.0035508612442157
4207	80	1.7363614528076428
4207	90	1.5800967949268747
4207	100	1.461295268366408
4207	110	1.3422863535964706
4207	120	1.2912333728149843
4208	70	2.7596344319675286
4208	80	2.3883951376569943
4208	90	1.794949272132042
4208	100	1.550736339359325
4208	110	1.5029833739147567
4208	120	1.4262186577629827
4209	70	1.5348683986511051
4209	80	1.2885653674318085
4209	90	1.0262679488576758
4209	100	0.8668669415227469
4209	110	0.8804073748530871
4209	120	0.899772237173226
4210	70	0.6117380040807999
4210	80	0.6654375596157124
4210	90	0.5993670629575957
4210	100	0.7727395931448375
4210	110	0.821408512286352
4210	120	0.8445393911593996
4211	70	1.513876101746727
4211	80	1.593108135187758
4211	90	1.5727106378536284
4211	100	1.4545014479482774
4211	110	1.3236807396471482
4211	120	1.2403501348794665
4212	70	1.5191640339200227
4212	80	0.9350843386929808
4212	90	0.9230426024825502
4212	100	1.0325345804003585
4212	110	0.970953641845939
4212	120	0.9801660275378236
4213	70	1.4561072832199593
4213	80	1.3872763292236154
4213	90	1.1679097029102399
4213	100	0.9760933128989603
4213	110	0.9398392914546081
4213	120	0.9238008126419546
4214	70	0.47302575967072974
4214	80	0.7558404200428429
4214	90	1.0414268008571097
4214	100	1.0631350793485455
4214	110	1.0763477503702465
4214	120	1.099024471229314
4215	70	1.3741055028434235
4215	80	1.0198187317385665
4215	90	1.0455860463860938
4215	100	1.1574568587588765
4215	110	1.1453188270729218
4215	120	1.1036276214286942
4216	70	1.5321052792337921
4216	80	0.8504970708861269
4216	90	0.7362630838384987
4216	100	0.767281084077825
4216	110	0.79677638784614635
4216	120	0.8144084072914242
4217	70	1.2981511433533268
4217	80	1.2200678497202877
4217	90	1.2276324045378877
4217	100	1.1397329189432837
4217	110	1.0932657462650845
4217	120	1.0499526016517557
4218	70	0.5201366387961948
4218	80	0.7823322112063864
4218	90	0.8902808434631097
4218	100	0.9316413244184798
4218	110	0.940311918990045
4218	120	0.9747382770471622
4219	70	1.2930294507557385
4219	80	0.9328707821001246
4219	90	0.774985566301118
4219	100	0.7635909393252803
4219	110	0.7761868799085443
4219	120	0.7876719919822239
4220	70	1.228686492932272
4220	80	0.818133876049147
4220	90	0.9367972258465378
4220	100	1.0514316929243224
4220	110	1.0387083297567181
4220	120	1.0439960131445243
4221	70	1.071340345921599
4221	80	1.0180655937013008
4221	90	1.0680965410278591
4221	100	0.8500011146833589
4221	110	0.8590853297780587
4221	120	0.8563644715153939
4222	70	1.6783975752894502
4222	80	1.1957022198824976
4222	90	1.0674500419457702
4222	100	1.077692917152566
4222	110	1.0294735220114533
4222	120	1.0478450352168285
4223	70	0.47198956186006835
4223	80	0.4844376755322459
4223	90	0.5580698301422488
4223	100	0.6400553976104623
4223	110	0.7014351194284869
4223	120	0.7299651817254669
4224	70	1.9026171807006529
4224	80	1.604184039146203
4224	90	1.2233654121369582
4224	100	1.0717574469876257
4224	110	1.0329826486437426
4224	120	1.0187626263674683
4225	70	1.3042919712672372
4225	80	1.295118004559367
4225	90	1.1546384617449463
4225	100	1.0785162500322556
4225	110	1.0643458777814117
4225	120	1.0322445266071372
4226	70	1.3283314888497513
4226	80	1.004129717879838
4226	90	1.0499266197490744
4226	100	1.1348897026914841
4226	110	1.1187386488004127
4226	120	1.1220336111768814
4227	70	2.1946705580647246
4227	80	1.2717167266785743
4227	90	1.1499466065711201
4227	100	1.0589366177677473
4227	110	1.08269953476761
4227	120	1.06588226576195
4228	70	0.4260335509162328
4228	80	0.6927832785457444
4228	90	0.9010419252775541
4228	100	0.9344479099455664
4228	110	0.9755174858454642
4228	120	1.0307327627975131
4229	70	1.968053760164544
4229	80	1.6478327435739946
4229	90	1.2263169804559193
4229	100	1.2388612436918287
4229	110	1.2176081969139745
4229	120	1.1829173836260598
4230	70	0.40521109177449677
4230	80	0.6012441384749359
4230	90	0.8557129273896769
4230	100	1.032076768686027
4230	110	1.112684574834509
4230	120	1.1320717052340976
4231	70	1.4880802020909263
4231	80	1.2720354522535977
4231	90	1.0216730450765836
4231	100	1.038766870203975
4231	110	0.9857539772824231
4231	120	0.9509178005194308
4232	70	0.3834019133936846
4232	80	0.6343743587302738
4232	90	0.7851457456260051
4232	100	0.9310805702348387
4232	110	1.00624101470098
4232	120	1.038655704185125
4233	70	0.4857839057658393
4233	80	0.7171573280586575
4233	90	0.8917330611070179
4233	100	0.7969221437959491
4233	110	0.8266532893877782
4233	120	0.8747913913503862
4234	70	1.1349309708028161
4234	80	0.6975163503745467
4234	90	0.7185635966378416
4234	100	0.8434098875781096
4234	110	0.8447252678891184
4234	120	0.8380744232767693
4235	70	1.2739132082737936
4235	80	1.3827247612828588
4235	90	0.9915776604988934
4235	100	0.9653000266605635
4235	110	0.95285741410089
4235	120	0.9561397101501375
4236	70	1.4986181521119957
4236	80	1.1028725470678338
4236	90	1.176049984674814
4236	100	1.0625106036513619
4236	110	1.072623548902567
4236	120	1.0857307253107187
4237	70	1.5568192349714403
4237	80	1.4948542699667553
4237	90	1.242597775090827
4237	100	1.1470941469513103
4237	110	1.075350941121719
4237	120	1.0145972515049113
4238	70	0.37204788177572146
4238	80	0.39047616818279235
4238	90	0.47514741415725015
4238	100	0.6101547199085843
4238	110	0.6447992505428638
4238	120	0.6967735108067222
4239	70	1.7058936255710622
4239	80	1.7261211642226943
4239	90	1.2185196186541796
4239	100	1.1830526323390518
4239	110	1.115329304943807
4239	120	1.0674642332016122
4240	70	1.2911697751014592
4240	80	1.3420678940532973
4240	90	1.3296367021098188
4240	100	1.13493174055987
4240	110	1.0970351982124968
4240	120	1.0479257426900985
4241	70	1.0404630632736815
4241	80	1.2896037070178388
4241	90	1.332137426843408
4241	100	1.1696329991199614
4241	110	1.1051815063992705
4241	120	1.0990275347017904
4242	70	0.6398716417421809
4242	80	0.9946385618974717
4242	90	1.1822408835361724
4242	100	1.0212439690059014
4242	110	1.0305059075414116
4242	120	1.0500851871362151
4243	70	1.684333399411033
4243	80	1.6487526388301492
4243	90	1.1787093032604459
4243	100	1.2003879924585446
4243	110	1.0839974332624904
4243	120	1.0629889035594398
4244	70	0.7348932661260263
4244	80	0.7968741311345647
4244	90	1.0159700916487506
4244	100	0.9241233036001432
4244	110	0.9635565414878414
4244	120	0.9846108645848453
4245	70	0.6179040945125711
4245	80	0.6893451467881436
4245	90	0.7628362705578684
4245	100	0.8760565390828744
4245	110	0.9045272197019831
4245	120	0.9448629097255771
4246	70	1.4186300669573575
4246	80	1.1240638960392273
4246	90	1.139997829534136
4246	100	1.1011850768767528
4246	110	1.0622371863642917
4246	120	1.0441132280735181
4247	70	0.7886125448778836
4247	80	0.8085538045843469
4247	90	0.7426730452047255
4247	100	0.8651907655714102
4247	110	0.8571426918376485
4247	120	0.8625870486875243
4248	70	1.9076644597744816
4248	80	1.115126742268089
4248	90	0.9568446230540429
4248	100	0.9765825814908736
4248	110	0.9514607852842588
4248	120	0.9428802021656829
4249	70	1.2973476492571334
4249	80	0.7937901815944831
4249	90	0.7760965596583532
4249	100	0.825046997944208
4249	110	0.8657131356056249
4249	120	0.8859368132219084
4250	70	1.5519277768817163
4250	80	1.1845918573565957
4250	90	1.1073552178559969
4250	100	0.9812380878898124
4250	110	0.9703108050662475
4250	120	0.9349595779851407
4251	70	0.6188555999976434
4251	80	0.6633058852995597
4251	90	0.732657534002714
4251	100	0.7425612911891436
4251	110	0.7910914334118669
4251	120	0.8135126589859504
4252	70	1.1050729550480158
4252	80	0.9981699711156311
4252	90	1.137247642585765
4252	100	1.0356822284470388
4252	110	1.0398414879143196
4252	120	1.01035251480826
4253	70	1.9514849686846638
4253	80	1.818669673613561
4253	90	1.7061984081878445
4253	100	1.2446561269192327
4253	110	1.2460825492124419
4253	120	1.2279146836501662
4254	70	1.1975541513713612
4254	80	0.9976319146717729
4254	90	0.8800878977128362
4254	100	0.9854640520163314
4254	110	1.0159158963214003
4254	120	1.0333888073432735
4255	70	0.5455180679454086
4255	80	0.7856282841875027
4255	90	0.962996546986773
4255	100	1.174251259008328
4255	110	1.158267061135785
4255	120	1.1521716415465466
4256	70	0.48178922502540644
4256	80	0.5915250168838161
4256	90	0.736507893617784
4256	100	0.8205649766308002
4256	110	0.8396567566468238
4256	120	0.8885800736388336
4257	70	0.5320327437354497
4257	80	0.6597076746726249
4257	90	0.8269417422808525
4257	100	0.8486374643982117
4257	110	0.8685981280622833
4257	120	0.8794255124654065
4258	70	0.7967055288005637
4258	80	1.159927657257856
4258	90	1.316758136204514
4258	100	1.0653439945015128
4258	110	1.1176860007708296
4258	120	1.1298429898501108
4259	70	0.43463234250726296
4259	80	0.660651546955295
4259	90	0.84377815313172
4259	100	0.9598184327986846
4259	110	1.0212160679623619
4259	120	1.0683525135262073
4260	70	1.0274228795910236
4260	80	0.988393758206574
4260	90	1.061678885244329
4260	100	1.0967199682005508
4260	110	1.0895533064901406
4260	120	1.0677820535791285
4261	70	0.680965522130417
4261	80	0.6467943583952331
4261	90	0.7761351502848115
4261	100	0.8615803676766438
4261	110	0.939994865119134
4261	120	0.9984663681721747
4262	70	0.4785185076255737
4262	80	0.7371589455425834
4262	90	0.8697625324271162
4262	100	1.0339312282346436
4262	110	1.0503716272274637
4262	120	1.0743671703776594
4263	70	2.1460884101826743
4263	80	1.4886013013388617
4263	90	0.9951584101858578
4263	100	0.9690846145254768
4263	110	0.9051867037760609
4263	120	0.8766718883442153
4264	70	1.9571961219836909
4264	80	1.2791087996511572
4264	90	0.9652504705603739
4264	100	0.9014884583330302
4264	110	0.9394317529829209
4264	120	0.9421891467523685
4265	70	1.6370289673428957
4265	80	1.1496863511364017
4265	90	1.2200485871850366
4265	100	0.9266687354800893
4265	110	0.8992224642691432
4265	120	0.9083908066694721
4266	70	0.6566451213041758
4266	80	0.8073221701871891
4266	90	0.8114572082027662
4266	100	0.8908497079392301
4266	110	0.8776374700106022
4266	120	0.8987768120510606
4267	70	0.5500848443298058
4267	80	0.7238256980738061
4267	90	0.8459413644562469
4267	100	0.9573083046416342
4267	110	1.0509009982677446
4267	120	1.0854680897442195
4268	70	1.2373306603642271
4268	80	1.1756052605318732
4268	90	1.2097055216896762
4268	100	1.1507294944481585
4268	110	1.0497746426588377
4268	120	1.0224819904681073
4269	70	0.4291600107785712
4269	80	0.6315965412031334
4269	90	0.6731908244849086
4269	100	0.6767201679181877
4269	110	0.6994523446448146
4269	120	0.7282200066771181
4270	70	0.5306902619530616
4270	80	0.7989173202963931
4270	90	0.9899765103020459
4270	100	0.9737018334780089
4270	110	1.0481086551357914
4270	120	1.0661409259661758
4271	70	1.1074935348641883
4271	80	1.0070595178787476
4271	90	1.09698356432683
4271	100	1.002551764529486
4271	110	0.9960437236440781
4271	120	0.9761375736129467
4272	70	3.6378043711908234
4272	80	3.4172835522734086
4272	90	1.8525872176845801
4272	100	1.3938224621188011
4272	110	1.2221200667013765
4272	120	1.130078824254444
4273	70	0.3896919023653866
4273	80	0.5254655967051245
4273	90	0.7347605342889787
4273	100	0.7053567870604136
4273	110	0.7559121400371347
4273	120	0.7710540062178239
4274	70	1.2779150841687876
4274	80	1.2012548715286604
4274	90	1.2140810781096252
4274	100	1.1032480677540761
4274	110	1.0422818571121273
4274	120	1.0383149957000566
4275	70	0.6228334545129286
4275	80	0.8337466344245598
4275	90	1.2068287930592092
4275	100	1.1425658418895743
4275	110	1.1586012265135854
4275	120	1.1513024408417334
4276	70	0.8037425144996884
4276	80	0.6748169493517057
4276	90	0.8366940724032227
4276	100	1.0081837585095959
4276	110	1.004367156504308
4276	120	1.0329891741684145
4277	70	0.3336817532293612
4277	80	0.37116497267994075
4277	90	0.5621184228781511
4277	100	0.6857105960510765
4277	110	0.7365954273611919
4277	120	0.7797387266300555
4278	70	1.6956531073388477
4278	80	1.1385312614823897
4278	90	0.9453161616907235
4278	100	0.871191626702843
4278	110	0.8374712675434761
4278	120	0.8292489763815053
4279	70	1.238015418621459
4279	80	1.2713415518412314
4279	90	1.1247350481993281
4279	100	1.1233292157272998
4279	110	1.0430148263639651
4279	120	1.0076308260715447
4280	70	1.8543683584352944
4280	80	2.0052556386930704
4280	90	1.4343211985986182
4280	100	1.3224275097935263
4280	110	1.2220306201144004
4280	120	1.1691997582905036
4281	70	0.3857108864589338
4281	80	0.6329040951157106
4281	90	0.8869429982681345
4281	100	0.990569834944136
4281	110	0.9968196644007877
4281	120	1.0341020087168715
4282	70	1.0999321486380502
4282	80	0.8142104107194459
4282	90	1.0260450804194106
4282	100	1.08189023195454
4282	110	1.112688103394309
4282	120	1.1267233190711838
4283	70	0.49196821488547193
4283	80	0.8213150944942961
4283	90	0.9950532263731137
4283	100	1.0790500989120244
4283	110	1.084520057508873
4283	120	1.0961361488500705
4284	70	0.4610011381778715
4284	80	0.5264260492839008
4284	90	0.619066380247972
4284	100	0.6773989201899276
4284	110	0.709062788804551
4284	120	0.7332787333767578
4285	70	1.1119434594078603
4285	80	1.2309899996224245
4285	90	1.246762440111672
4285	100	1.0724586347854188
4285	110	1.0621039334860454
4285	120	1.0236422367300944
4286	70	2.0020324653166197
4286	80	1.0854608345358834
4286	90	0.9093126165030885
4286	100	0.9431515753800127
4286	110	0.9642334433598246
4286	120	0.9645415170768769
4287	70	0.4152435121271749
4287	80	0.7151228485069263
4287	90	0.9436086923547415
4287	100	0.8332609352615756
4287	110	0.8243431317746047
4287	120	0.8468853798006164
4288	70	0.6380554153539519
4288	80	0.8819437843134893
4288	90	1.020408871701977
4288	100	1.223523199706702
4288	110	1.2505934720344143
4288	120	1.3016649572918273
4289	70	0.4369091671715894
4289	80	0.7247529123187189
4289	90	0.7816156702265858
4289	100	0.7704015076461694
4289	110	0.8094198759127015
4289	120	0.8316270191946321
4290	70	1.8006798334779117
4290	80	1.6608969324075078
4290	90	1.4289685272531427
4290	100	1.1930265689751356
4290	110	1.1333818132006919
4290	120	1.079987847713474
4291	70	0.3795185529763905
4291	80	0.48191470552269994
4291	90	0.6625845579119163
4291	100	0.7298008961410252
4291	110	0.787034080106042
4291	120	0.822249691468684
4292	70	0.7626947289589585
4292	80	0.809538129922741
4292	90	0.6745247925521051
4292	100	0.7389745129082252
4292	110	0.8070911654637716
4292	120	0.8323388792186153
4293	70	2.797158434797758
4293	80	1.4487818126587029
4293	90	1.0745282981419546
4293	100	1.0240638142197172
4293	110	0.9824882318534969
4293	120	0.9526181180522074
4294	70	1.0152168215715731
4294	80	1.1280557368070354
4294	90	1.1749629895640974
4294	100	1.1059354314544358
4294	110	1.1135438817705674
4294	120	1.11910884269174
4295	70	2.0076237883644334
4295	80	1.9224983081787836
4295	90	1.492470705559572
4295	100	1.2826741036026306
4295	110	1.249691206015474
4295	120	1.176295888612182
4296	70	1.3429040716109732
4296	80	1.3253036261969673
4296	90	1.2100737843610234
4296	100	1.136261669830668
4296	110	1.0869121421911043
4296	120	1.0617544521889746
4297	70	0.5067791511400136
4297	80	0.5947577136756341
4297	90	0.8041007571902984
4297	100	0.8543517695062339
4297	110	0.9007941348927678
4297	120	0.9418236031097001
4298	70	0.6418043964783722
4298	80	0.7290646422592041
4298	90	0.7842229568328496
4298	100	0.9840371780659517
4298	110	1.0367972285407883
4298	120	1.0548380649634657
4299	70	1.0676225391118128
4299	80	1.0792148456414143
4299	90	1.068176543682241
4299	100	1.2122693242514855
4299	110	1.2534785543949085
4299	120	1.259104837085767
4300	70	0.5164823873098181
4300	80	0.8547981562899755
4300	90	0.9362974200172958
4300	100	0.9655613928038977
4300	110	0.9555166687744305
4300	120	0.9729199819445732
4301	70	1.5407640766410922
4301	80	1.0697454612440491
4301	90	0.8737110674807588
4301	100	0.9780232624479375
4301	110	0.9903300924687072
4301	120	0.9616102382049081
4302	70	0.5018703881520377
4302	80	0.7678255823602383
4302	90	0.7507787585669408
4302	100	0.8950426588962349
4302	110	0.9353095185977449
4302	120	0.9419132500581356
4303	70	1.618323474235357
4303	80	1.4665010067997193
4303	90	1.38637495022336
4303	100	1.3651175196924776
4303	110	1.324132494552725
4303	120	1.2544852462518732
4304	70	1.7871770805241265
4304	80	1.3243467539615943
4304	90	1.0370084633986298
4304	100	1.1016808731223435
4304	110	1.034276466328812
4304	120	0.9848963765003327
4305	70	0.4686301249557108
4305	80	0.7396078926682702
4305	90	0.8913225209409541
4305	100	0.8746093099133344
4305	110	0.9511711451859254
4305	120	0.9867663012488163
4306	70	2.23559187635495
4306	80	1.8831555585012865
4306	90	1.4015353911405186
4306	100	1.088785607267634
4306	110	1.016285277560741
4306	120	0.9712110791942588
4307	70	1.4943034896706424
4307	80	1.0743337713424856
4307	90	1.1100094898713646
4307	100	1.0522586061608836
4307	110	1.0001057092640318
4307	120	0.9935248192531083
4308	70	0.5022878816427988
4308	80	0.614350985850402
4308	90	0.8211623972538893
4308	100	0.9969784993461418
4308	110	1.0153501285721835
4308	120	1.035127692552805
4309	70	1.339537107229974
4309	80	1.4835545263943712
4309	90	1.3781923620332976
4309	100	1.1354281760191476
4309	110	1.106918745942432
4309	120	1.1028199738233408
4310	70	0.592417584153047
4310	80	0.8443278922548754
4310	90	0.7927249233961504
4310	100	0.8731018990115287
4310	110	0.8864500459581168
4310	120	0.8990704258406678
4311	70	0.8181440253723504
4311	80	0.8691642842282465
4311	90	1.1211778990739374
4311	100	1.1089257256923881
4311	110	1.1344128223529069
4311	120	1.163576395146488
4312	70	0.49265010592421743
4312	80	0.4561481519479137
4312	90	0.6037149202392769
4312	100	0.7801995797953151
4312	110	0.8221531873156795
4312	120	0.8647597320060452
4313	70	0.6220952640649191
4313	80	0.6156095801445878
4313	90	0.668483679892127
4313	100	0.7573455099690015
4313	110	0.8347970118226709
4313	120	0.8745331397061525
4314	70	0.7965284855584401
4314	80	0.8404613328733903
4314	90	0.9141323809554963
4314	100	0.9261144510576982
4314	110	0.9270573943902579
4314	120	0.936120506527437
4315	70	1.6419332777064426
4315	80	1.2419404578226974
4315	90	1.045624937357888
4315	100	1.1420794861421733
4315	110	1.1243289280895914
4315	120	1.1115009659678934
4316	70	0.7773330873370045
4316	80	0.8174523241100078
4316	90	0.6838187319287266
4316	100	0.7724177392393836
4316	110	0.7843953227885737
4316	120	0.8215073037926328
4317	70	1.5169712973376215
4317	80	1.6024384510335092
4317	90	1.278586017258253
4317	100	1.249131575726834
4317	110	1.236636393370889
4317	120	1.1789229944648096
4318	70	1.9146464860146775
4318	80	1.1598326081544093
4318	90	0.9032062131348972
4318	100	1.0205035721213191
4318	110	0.9825968566408944
4318	120	0.9426216941717667
4319	70	1.6609838836225639
4319	80	1.0952906544208036
4319	90	0.990995918573536
4319	100	1.0104983865276065
4319	110	0.9561765614413792
4319	120	0.9727105777676042
4320	70	1.3202325125942946
4320	80	1.0962434086661268
4320	90	1.1060131187990785
4320	100	0.9783928703560226
4320	110	0.9394054355333732
4320	120	0.9653429249025226
4321	70	0.743009689897255
4321	80	0.7373956591342694
4321	90	0.7983998096339824
4321	100	0.8675246491849951
4321	110	0.9208963513487934
4321	120	0.9542514380218864
4322	70	1.411273439043139
4322	80	1.0378486643132327
4322	90	1.0735174637964056
4322	100	1.1436229532454483
4322	110	1.0670867750161042
4322	120	1.0620362678983022
4323	70	0.43043360098854633
4323	80	0.6750278154200002
4323	90	0.8564857595712406
4323	100	0.7901802500099914
4323	110	0.8516962440796657
4323	120	0.8930554442049972
4324	70	3.212804782184615
4324	80	1.5661754863470532
4324	90	1.2091660155558779
4324	100	1.1944856552680383
4324	110	1.1213628601614565
4324	120	1.0730715576135526
4325	70	0.44596916014740356
4325	80	0.4435503351767552
4325	90	0.5793114018880263
4325	100	0.6477967861009599
4325	110	0.6932082572652254
4325	120	0.7381830006438851
4326	70	0.3868793029864808
4326	80	0.40712480704115334
4326	90	0.5931536863704675
4326	100	0.7800421136480659
4326	110	0.8426742677028722
4326	120	0.8984440710166284
4327	70	1.7150470826249007
4327	80	1.5165517462753664
4327	90	0.9908864477635693
4327	100	0.8547632521933658
4327	110	0.8525348220161305
4327	120	0.8418115196087512
4328	70	2.1296816405393955
4328	80	1.3133754276538179
4328	90	1.2329792357305565
4328	100	1.1305164224151876
4328	110	1.0944508532059816
4328	120	1.0976674170693659
4329	70	0.4390864268977728
4329	80	0.6732526597880615
4329	90	0.8135866857598879
4329	100	0.90525518301078
4329	110	0.932552786569916
4329	120	0.995744829943637
4330	70	1.275292554192519
4330	80	1.3315482668124092
4330	90	1.3027506168229153
4330	100	1.3017278865050037
4330	110	1.2355730854875597
4330	120	1.222539700904761
4331	70	0.7459476240730643
4331	80	0.6877712193939176
4331	90	0.7027409222612016
4331	100	0.7145110880223453
4331	110	0.7624391921610552
4331	120	0.7741976914683961
4332	70	1.6049382343605567
4332	80	1.9738952891137262
4332	90	1.694425209006104
4332	100	1.321829440968936
4332	110	1.1748587235311876
4332	120	1.106250072330004
4333	70	0.40554770511466004
4333	80	0.5099679967107807
4333	90	0.7080343008756013
4333	100	0.8440227689657896
4333	110	0.8720017608652587
4333	120	0.8954574340455403
4334	70	2.1990053897303525
4334	80	1.9735519171302158
4334	90	1.491266488338513
4334	100	1.263437819856934
4334	110	1.2019478068715495
4334	120	1.1608023579516444
4335	70	1.7117527059144222
4335	80	1.726764405828138
4335	90	1.1311208142780014
4335	100	1.0277548057375725
4335	110	1.026313543017566
4335	120	1.001874082362895
4336	70	2.2042119350989204
4336	80	1.3708024377765122
4336	90	1.0581944165997073
4336	100	1.1200847734191823
4336	110	1.072035765042719
4336	120	1.065790304913349
4337	70	0.5314603800618835
4337	80	0.4975888287722916
4337	90	0.7542186693415412
4337	100	0.9016286480125434
4337	110	0.9412730480171666
4337	120	0.9772879147505915
4338	70	1.4633786373478648
4338	80	0.984718108725637
4338	90	0.9824699156205347
4338	100	0.9474088304088403
4338	110	0.8823838944938646
4338	120	0.8619581268086974
4339	70	1.4905571436071468
4339	80	1.132485766436094
4339	90	1.1031266088521097
4339	100	0.9756537956592347
4339	110	0.9936118361709319
4339	120	1.000472222257004
4340	70	0.7581569101562312
4340	80	0.9401333381867518
4340	90	0.9146386582028755
4340	100	0.8154147223801053
4340	110	0.8105792706151672
4340	120	0.816923405868643
4341	70	1.4060149746920465
4341	80	0.8296136713004142
4341	90	0.8845747992208052
4341	100	0.8586826113276106
4341	110	0.8809858447390834
4341	120	0.8875498429797956
4342	70	1.2819020620529618
4342	80	0.867515399535568
4342	90	1.0458346614254497
4342	100	1.0604063085100095
4342	110	1.0362658617186675
4342	120	1.0340693988137621
4343	70	1.7742830735109922
4343	80	1.2122037511225683
4343	90	1.0758527148029515
4343	100	1.1098926606901907
4343	110	1.0944436531542692
4343	120	1.0604888719376249
4344	70	0.5875883798439162
4344	80	0.7732126885573641
4344	90	0.9919648861218284
4344	100	0.9534426974332877
4344	110	1.0017649601738847
4344	120	1.0436847383654455
4345	70	1.5901117314943993
4345	80	1.636813594837851
4345	90	1.453017589792335
4345	100	1.3902340155994928
4345	110	1.3219386063815528
4345	120	1.2776278568531259
4346	70	1.2474296658393278
4346	80	0.9675605595427725
4346	90	0.9944912144643253
4346	100	1.0168735905732398
4346	110	1.0214341844896326
4346	120	1.0177111010467221
4347	70	1.8304473006542974
4347	80	1.133925860495663
4347	90	0.9719452885881172
4347	100	1.0535800956165422
4347	110	1.0392493885188594
4347	120	1.0358920256895012
4348	70	0.6641592621738112
4348	80	0.5974369287861844
4348	90	0.8411237212687823
4348	100	0.8255236020360761
4348	110	0.8334884988657922
4348	120	0.8749247942629889
4349	70	1.4100109240747891
4349	80	1.00439376378648
4349	90	0.9637768944413141
4349	100	1.0371025095895043
4349	110	1.0085480851725495
4349	120	1.0261628278895039
4350	70	0.6368218288500039
4350	80	0.5900535139882899
4350	90	0.8225679101227247
4350	100	0.8933661426426674
4350	110	0.8905527227066644
4350	120	0.9178839039407204
4351	70	1.6920550669421865
4351	80	1.3228375596196547
4351	90	1.037571583346475
4351	100	0.9544116092434548
4351	110	0.9783718521452838
4351	120	0.9669525656384985
4352	70	0.6052795888658634
4352	80	0.6972580141153482
4352	90	0.9126292306313976
4352	100	0.9660324852862273
4352	110	1.0180945659667469
4352	120	1.0420214059052073
4353	70	1.2699828192262659
4353	80	1.2985378720030087
4353	90	1.2447792774109934
4353	100	1.2874024985943473
4353	110	1.273016777898588
4353	120	1.239957953851537
4354	70	1.7158073803501976
4354	80	1.086966073833211
4354	90	0.9272979164170595
4354	100	0.9223344677472085
4354	110	0.9095627141521587
4354	120	0.932845439680397
4355	70	1.3180290897275824
4355	80	1.2375308797555604
4355	90	1.160760746026685
4355	100	1.2442592273634476
4355	110	1.1069248976881223
4355	120	1.064975229128985
4356	70	0.3644419250765014
4356	80	0.6189487304549138
4356	90	0.7064150844624949
4356	100	0.9002253649768063
4356	110	0.9269773924544944
4356	120	0.9425212575165947
4357	70	0.46531762934091714
4357	80	0.6620427478548501
4357	90	0.8483509549874851
4357	100	1.032566945855951
4357	110	1.0593331988034347
4357	120	1.087150343376382
4358	70	0.42994160913472107
4358	80	0.6207027301414716
4358	90	0.7853945856055327
4358	100	0.8865896941656052
4358	110	0.9567049482509679
4358	120	0.9801101254421252
4359	70	0.692777277110446
4359	80	0.7304876393362406
4359	90	0.7946070576147133
4359	100	0.910283394955599
4359	110	0.9732370164796634
4359	120	1.0085668497152112
4360	70	0.47442660910228773
4360	80	0.6846750035335518
4360	90	0.7774786801710566
4360	100	0.9833921916388851
4360	110	1.0058150205785308
4360	120	1.0325996667759405
4361	70	0.7724600467708634
4361	80	0.8562376239835061
4361	90	0.972414671199003
4361	100	0.9890351592344967
4361	110	1.0050516040411073
4361	120	1.0199278399307852
4362	70	0.447271349795621
4362	80	0.691161948621282
4362	90	0.972496285244151
4362	100	1.0810051101158065
4362	110	1.1364193890483512
4362	120	1.158200312995802
4363	70	1.0870809032275168
4363	80	1.2715323147042985
4363	90	1.240836231141268
4363	100	1.260325317933272
4363	110	1.1813457763878066
4363	120	1.1324700769812293
4364	70	1.2129991042634027
4364	80	1.4068733638808841
4364	90	1.4577069858726375
4364	100	1.333189260669759
4364	110	1.304309203362448
4364	120	1.2616723996366035
4365	70	0.7179013895841001
4365	80	0.7701628155019072
4365	90	0.8595383639014739
4365	100	1.003442999527147
4365	110	1.0046461867469634
4365	120	1.0246756765409366
4366	70	1.246297453747049
4366	80	1.369915366791352
4366	90	1.305680250321464
4366	100	1.0541602941718584
4366	110	1.016911822712463
4366	120	1.0005055582160425
4367	70	0.6000085778278842
4367	80	0.9493868841312891
4367	90	0.9189863711447345
4367	100	1.0535856796224619
4367	110	1.1136361103375378
4367	120	1.103421868979438
4368	70	1.7834746692533074
4368	80	1.2114939017957072
4368	90	1.1377238860217687
4368	100	1.0096553597023432
4368	110	0.9701968100579145
4368	120	0.9300643649347476
4369	70	3.006862860452451
4369	80	1.7003427705230207
4369	90	1.1504224826702076
4369	100	1.1251737894795768
4369	110	1.0129247584400902
4369	120	0.9773023962675672
4370	70	0.6138987519084176
4370	80	0.5565609001361234
4370	90	0.5603537033524839
4370	100	0.6858956714954099
4370	110	0.7378237755002305
4370	120	0.7679272905510562
4371	70	1.6945917941512039
4371	80	1.2727633157377274
4371	90	1.0414967939664899
4371	100	0.9387656526164397
4371	110	0.8688659380173559
4371	120	0.872268928940184
4372	70	3.1255873297183796
4372	80	3.0091321570369445
4372	90	1.6544656763800847
4372	100	1.2617849284225096
4372	110	1.2316488308433609
4372	120	1.172328758705525
4373	70	1.8249795353909075
4373	80	1.0482346497470298
4373	90	1.0350739455827642
4373	100	1.0224788884052132
4373	110	1.017758467227689
4373	120	1.0178150973887619
4374	70	2.155317481817725
4374	80	2.2268372859452668
4374	90	1.3829802173783636
4374	100	1.3817451775203184
4374	110	1.362560399386091
4374	120	1.2788535285301308
4375	70	1.6306407098307452
4375	80	1.5131907053750038
4375	90	1.5543934354050908
4375	100	1.3807640822213807
4375	110	1.286676156687175
4375	120	1.203345003721165
4376	70	1.057239032122206
4376	80	1.1167922117310018
4376	90	1.0916303158952412
4376	100	1.1626362701968016
4376	110	1.182368326268053
4376	120	1.1512139359388298
4377	70	1.1075500993372636
4377	80	1.0504589943672145
4377	90	0.942261405987593
4377	100	1.0487262663121875
4377	110	1.037319828591418
4377	120	1.0102727094466326
4378	70	0.6597295964624628
4378	80	1.003662520511782
4378	90	1.000759776862235
4378	100	0.9076353890885178
4378	110	0.9542442041628917
4378	120	0.9708056855292223
4379	70	0.590827274325239
4379	80	0.9329807366995754
4379	90	0.8686063256668692
4379	100	0.9067113930440007
4379	110	0.8948827034510345
4379	120	0.9020315208076131
4380	70	1.5240371591078454
4380	80	0.99202397356997
4380	90	0.9830052915436385
4380	100	0.9971125136483574
4380	110	1.0172694065950327
4380	120	0.9988731985111912
4381	70	0.9111541761628602
4381	80	0.9103916305115987
4381	90	0.9952120950506553
4381	100	1.0963472071547011
4381	110	1.094491052302837
4381	120	1.0519213133121252
4382	70	0.4002817116245646
4382	80	0.3500840853334026
4382	90	0.523289571918244
4382	100	0.627327175358883
4382	110	0.6861202443023395
4382	120	0.731226265080463
4383	70	1.8973181354494022
4383	80	1.0684529808754526
4383	90	0.942652484318204
4383	100	0.9406562394442639
4383	110	0.954607836909002
4383	120	0.9407905330393554
4384	70	2.0131074717633335
4384	80	1.2929430484787043
4384	90	0.984724612711471
4384	100	1.0230300399696965
4384	110	1.00043060505476
4384	120	0.955531725108038
4385	70	1.6943706633911435
4385	80	1.856254315705222
4385	90	1.805841677410492
4385	100	1.4152372419499928
4385	110	1.3407199449359624
4385	120	1.3152223102861504
4386	70	0.43578814966138324
4386	80	0.5729725238129195
4386	90	0.7348872989028895
4386	100	0.921680026559232
4386	110	1.0103952617051026
4386	120	1.0475707696518433
4387	70	0.37793324674375456
4387	80	0.6457091683608264
4387	90	0.6845731560790435
4387	100	0.7940253542192518
4387	110	0.8611800159414106
4387	120	0.8908102475362029
4388	70	1.3875957719779215
4388	80	1.2513588856813433
4388	90	0.9457073621270222
4388	100	0.9797425065308755
4388	110	0.9674508903459343
4388	120	0.9332690111820034
4389	70	1.0349740012515491
4389	80	0.9764482787794946
4389	90	1.0657913629819058
4389	100	0.9102804258100596
4389	110	0.8665252911653656
4389	120	0.8714781572982101
4390	70	0.43772768028821735
4390	80	0.6744649751756294
4390	90	0.9287074756095892
4390	100	0.9952949332784113
4390	110	0.9839737278727925
4390	120	1.0174347613106618
4391	70	0.6284383194207782
4391	80	0.8182985328682795
4391	90	0.9217935130551599
4391	100	0.8668522219761877
4391	110	0.8775865920503078
4391	120	0.9130925377575628
4392	70	1.2863350136981588
4392	80	1.0337101625640024
4392	90	0.9130844341126955
4392	100	1.012685201437335
4392	110	1.0683549654783027
4392	120	1.0721395340094708
4393	70	0.4275214620756258
4393	80	0.5361346868440695
4393	90	0.8073270817851479
4393	100	0.8163023137307435
4393	110	0.8727267551725971
4393	120	0.9364206534914374
4394	70	2.2999845940531327
4394	80	1.6905019721035774
4394	90	1.1791842563440171
4394	100	1.2100311398569774
4394	110	1.183191646492143
4394	120	1.102962976873455
4395	70	1.9514496921827198
4395	80	1.6351918500673215
4395	90	1.4992315490498163
4395	100	1.240822969759894
4395	110	1.243191409767544
4395	120	1.2123788121306245
4396	70	2.150674675387283
4396	80	1.138953988400558
4396	90	0.9894082782216688
4396	100	0.9361651847044475
4396	110	0.9186374111989914
4396	120	0.9369849713575749
4397	70	1.6407804099633918
4397	80	1.4046448057848802
4397	90	1.3464671929528003
4397	100	1.3361612206758353
4397	110	1.3071603323597878
4397	120	1.226041324261434
4398	70	0.4619439260786985
4398	80	0.5481348550413929
4398	90	0.5987647597082443
4398	100	0.7569544304159228
4398	110	0.8245912940369977
4398	120	0.8441236409401216
4399	70	0.3861328083459719
4399	80	0.5730992374509737
4399	90	0.8633074660682777
4399	100	0.9612244210425712
4399	110	0.9916111264271658
4399	120	1.0236024494430074
4400	70	1.0499690063206435
4400	80	1.0796291566439375
4400	90	1.299291798203058
4400	100	1.3283665027799607
4400	110	1.317332942942769
4400	120	1.2803787001452747
4401	70	2.5161415932774704
4401	80	1.404208144875886
4401	90	1.0064650284700294
4401	100	1.0185581592220365
4401	110	0.9681342050448751
4401	120	0.954698944794962
4402	70	0.41153672530365043
4402	80	0.6955411587527722
4402	90	0.8569947611924668
4402	100	0.9327447410689926
4402	110	0.9799079548047896
4402	120	0.9860312770002715
4403	70	1.151050065253751
4403	80	1.0635506930586756
4403	90	1.1178112183404378
4403	100	1.217940636167556
4403	110	1.1433975328431454
4403	120	1.0914798817717823
4404	70	1.5987221560933593
4404	80	1.426138170537275
4404	90	1.0539780946697597
4404	100	1.1398657309373328
4404	110	1.0264942509032338
4404	120	0.970423263816889
4405	70	0.9477934311833548
4405	80	0.7191262630405469
4405	90	0.884225881345714
4405	100	0.9314298485290222
4405	110	0.8970202280552724
4405	120	0.8967022855732437
4406	70	1.0039981285988875
4406	80	1.109604584587461
4406	90	0.9286851713966325
4406	100	0.9110289105051139
4406	110	0.9112194704524033
4406	120	0.8989764759480613
4407	70	1.397307352202384
4407	80	1.092110388656332
4407	90	0.9746374740085612
4407	100	0.8265077254193495
4407	110	0.8105752757600856
4407	120	0.8095934984168635
4408	70	3.007710925146372
4408	80	2.0997827825893944
4408	90	1.7680034597381038
4408	100	1.453007932000069
4408	110	1.336463996325002
4408	120	1.2468746933077604
4409	70	0.6051894984421601
4409	80	0.8967664402825416
4409	90	0.9636600084543387
4409	100	1.1147845513143584
4409	110	1.1727738968862684
4409	120	1.183310133714188
4410	70	1.0516148513849215
4410	80	0.8466920240513377
4410	90	0.9157624936773217
4410	100	0.8524070281347438
4410	110	0.856243713439721
4410	120	0.8686098385084513
4411	70	1.9224860133935096
4411	80	1.7022313478241922
4411	90	1.2882923172140226
4411	100	1.0950647009969479
4411	110	1.0527600343871732
4411	120	1.0096539271758513
4412	70	1.2459028457633716
4412	80	1.3400976761355645
4412	90	1.3398375230704662
4412	100	1.1595232442766896
4412	110	1.1172319695142443
4412	120	1.1119968804084783
4413	70	0.34305519848206883
4413	80	0.3749358218849789
4413	90	0.48850579698204893
4413	100	0.6164953160026414
4413	110	0.670294419741362
4413	120	0.714222738041982
4414	70	0.9012299368346711
4414	80	0.8347067491777018
4414	90	1.049097342230947
4414	100	1.0304236434855651
4414	110	1.0491259719479216
4414	120	1.0504007050096884
4415	70	1.6272053253050585
4415	80	1.0949030477690016
4415	90	1.024160145627842
4415	100	0.9941934323345926
4415	110	0.9524439295280063
4415	120	0.9378464892394405
4416	70	1.7462124026544508
4416	80	1.5172770659950319
4416	90	1.1825392510946315
4416	100	1.2750673039188365
4416	110	1.1836404136169052
4416	120	1.1588207173772933
4417	70	0.6026105514651301
4417	80	0.7295350284257545
4417	90	0.7971016751028314
4417	100	0.8399539732896862
4417	110	0.8558688927810092
4417	120	0.8591209516328312
4418	70	3.1528793740917616
4418	80	1.7308774628508492
4418	90	1.05338045488099
4418	100	0.9065731906714704
4418	110	0.885068430134344
4418	120	0.8904841446191324
4419	70	2.88532439990253
4419	80	2.273739613799835
4419	90	1.3843422180611764
4419	100	1.278768263273991
4419	110	1.2450074424524065
4419	120	1.1428100837622028
4420	70	1.4976094671487923
4420	80	1.302188365698409
4420	90	1.0281225190214354
4420	100	0.9065474384561341
4420	110	0.9059734004740188
4420	120	0.8735579312696712
4421	70	0.7470740226691345
4421	80	0.9662205872918651
4421	90	0.9323702536443813
4421	100	0.8744447599344092
4421	110	0.9071065080027412
4421	120	0.9054942183883614
4422	70	1.0924816571003522
4422	80	0.9840901982860573
4422	90	0.8894667880757929
4422	100	0.9364503400637884
4422	110	0.9362210554369436
4422	120	0.9014461766546903
4423	70	0.6561171430373429
4423	80	1.0245680510198614
4423	90	1.157558419219828
4423	100	1.1976237928915883
4423	110	1.1981705374212792
4423	120	1.1731442078950065
4424	70	1.764400398133857
4424	80	1.9886452602811215
4424	90	1.9148397688206507
4424	100	1.5653266445933252
4424	110	1.4567036330724077
4424	120	1.3709340700225385
4425	70	0.4945519899332507
4425	80	0.5881033018261622
4425	90	0.807697220929113
4425	100	0.9486484329460093
4425	110	1.0423976367495338
4425	120	1.1089967766831577
4426	70	1.053418148804591
4426	80	0.7695736084113493
4426	90	0.8539629627348473
4426	100	0.9913420592737745
4426	110	0.9754571622929769
4426	120	0.9534850256510305
4427	70	1.54020801260956
4427	80	1.2958675677080094
4427	90	1.0565230383668633
4427	100	0.8467630469400409
4427	110	0.8211262740426724
4427	120	0.8196625522488228
4428	70	1.2118481063078732
4428	80	1.0546021140925326
4428	90	1.063715679667744
4428	100	1.0533819343266932
4428	110	1.0529544696398483
4428	120	1.032415722474947
4429	70	2.0929571124462196
4429	80	1.1912031829390766
4429	90	1.0819531143840755
4429	100	0.9497087621590262
4429	110	0.9026329265500282
4429	120	0.8815987833327505
4430	70	1.4990826622081572
4430	80	0.8615498988304714
4430	90	0.8661916900610463
4430	100	0.8909767019966423
4430	110	0.849398801932791
4430	120	0.8692088954538214
4431	70	0.5958322565420046
4431	80	0.8591572446462259
4431	90	0.8496236412421465
4431	100	0.8394356305677171
4431	110	0.9007494996724551
4431	120	0.9253115710486814
4432	70	0.8318097865922668
4432	80	0.6294137757746082
4432	90	0.6197826544656192
4432	100	0.6933770129111698
4432	110	0.6965705662387859
4432	120	0.7214554556545287
4433	70	1.3623232945229675
4433	80	1.14243328111744
4433	90	1.005607844293459
4433	100	0.9722978922678013
4433	110	0.9794985743348863
4433	120	0.9985855358733665
4434	70	1.3592172792870851
4434	80	1.0665555354567928
4434	90	1.1554136184327222
4434	100	1.2076425476427524
4434	110	1.22409954318411
4434	120	1.2131774212478852
4435	70	0.5333077630055492
4435	80	0.8348529270421106
4435	90	0.8267184871997143
4435	100	0.8770795042799514
4435	110	0.9180621149009571
4435	120	0.9209274089433053
4436	70	1.5166457767885728
4436	80	1.0647121918204543
4436	90	1.1141193211656935
4436	100	1.0622152090370292
4436	110	1.093334659494413
4436	120	1.0611925637960273
4437	70	1.4348766970152336
4437	80	1.2756019107238332
4437	90	1.15415697905814
4437	100	1.2845460509738276
4437	110	1.2337065362755668
4437	120	1.1897976503758858
4438	70	0.6098499641312608
4438	80	0.9549525769141556
4438	90	1.1553909963671525
4438	100	1.0453447957570374
4438	110	1.049755063682107
4438	120	1.0486867505294393
4439	70	0.9740971065601305
4439	80	0.8654969416367642
4439	90	0.8297919141014037
4439	100	0.7151950659180373
4439	110	0.7538496631883133
4439	120	0.7611407035268297
4440	70	0.5453965908061866
4440	80	0.5869770727912325
4440	90	0.783126626033785
4440	100	0.7306125550800314
4440	110	0.7941710775103179
4440	120	0.8482163715506973
4441	70	1.9577586172471313
4441	80	1.3790917947594525
4441	90	1.2633489625235512
4441	100	1.2213783497022128
4441	110	1.1598208278537803
4441	120	1.1276760348098445
4442	70	0.4889087021847183
4442	80	0.6122426151292552
4442	90	0.7570571234869944
4442	100	0.8610553437035636
4442	110	0.8281045772441183
4442	120	0.8419307379390218
4443	70	0.29414194014548417
4443	80	0.5101679636287589
4443	90	0.7009819859371923
4443	100	0.8337399362430802
4443	110	0.8967026004708833
4443	120	0.9750864704325942
4444	70	1.0354553248000669
4444	80	0.8911613587776515
4444	90	0.7659159316776742
4444	100	0.9350814272150432
4444	110	0.9232184285131202
4444	120	0.9310385417256605
4445	70	1.8022535358367224
4445	80	1.0825765274079866
4445	90	1.0670102627916382
4445	100	1.1684821209500842
4445	110	1.1448724541610242
4445	120	1.1207274679418813
4446	70	1.7820429845407946
4446	80	1.6609487089615091
4446	90	1.1580748837584132
4446	100	1.0761452178591195
4446	110	1.031354383701847
4446	120	1.0038435736035038
4447	70	1.9077748667642307
4447	80	1.4977389004225903
4447	90	1.1366796792183098
4447	100	1.0507375756334636
4447	110	1.0471969742756848
4447	120	1.0078515244252597
4448	70	1.444160122495295
4448	80	1.1239859879577514
4448	90	1.1500676715073204
4448	100	1.0677665677402561
4448	110	1.032871983486824
4448	120	1.025219507486351
4449	70	0.6472490856566452
4449	80	0.9567672489703796
4449	90	0.8400544963534817
4449	100	0.9367376248579639
4449	110	0.9745408802733344
4449	120	0.9792762437040554
4450	70	1.5078021421214236
4450	80	1.5498129773868494
4450	90	1.1417824387934032
4450	100	1.0530047702193028
4450	110	1.0046028582303874
4450	120	0.9742392640428905
4451	70	0.6330788557571622
4451	80	0.7084246642759828
4451	90	0.8281604174787104
4451	100	0.9338549425967033
4451	110	0.9396845478550555
4451	120	0.9418952499845524
4452	70	1.0496052216678873
4452	80	1.2166849875359245
4452	90	1.6182262778878607
4452	100	1.6703269821768714
4452	110	1.6583419263484909
4452	120	1.6293021201675664
4453	70	1.348472031037093
4453	80	1.0881207325146054
4453	90	1.0919670775402874
4453	100	1.2308339613123465
4453	110	1.1221611555140791
4453	120	1.1131818801698978
4454	70	0.5014238131018626
4454	80	0.5950822485187219
4454	90	0.6965587349725803
4454	100	0.875726796135729
4454	110	0.9209874013613314
4454	120	0.9654762916606753
4455	70	1.7015098007497251
4455	80	1.725966514075111
4455	90	1.3434825364624667
4455	100	1.4214921899757793
4455	110	1.3140224096458397
4455	120	1.267144164165514
4456	70	4.664468188618356
4456	80	3.259458950861235
4456	90	1.420581066103252
4456	100	1.3610958584416464
4456	110	1.1987369182228895
4456	120	1.1265772712257591
4457	70	0.5206756469727996
4457	80	0.6482288427863601
4457	90	0.7260982523510906
4457	100	0.9208842402384178
4457	110	0.9591101653621227
4457	120	0.9988604674436292
4458	70	0.9090590328228341
4458	80	0.8192796808148455
4458	90	0.8503098510640353
4458	100	0.9519735166937944
4458	110	0.9355373715620042
4458	120	0.9381399690032953
4459	70	0.6932032895710754
4459	80	1.0183746416125015
4459	90	0.9612986507903575
4459	100	0.8542029548680553
4459	110	0.8884290260635098
4459	120	0.8933059204373468
4460	70	1.6387507983484302
4460	80	1.2604188448082034
4460	90	1.1892838281549047
4460	100	1.2771942753024637
4460	110	1.159976800084232
4460	120	1.1188908321582802
4461	70	0.35495283550913526
4461	80	0.4443460173145352
4461	90	0.5888191952114175
4461	100	0.7163621019654987
4461	110	0.799676867743234
4461	120	0.8598377254177232
4462	70	0.5278807222342221
4462	80	0.6841846344808213
4462	90	0.8408777104352637
4462	100	0.8615391481689211
4462	110	0.9171358488483027
4462	120	0.9693772132819163
4463	70	1.5998447598374776
4463	80	1.7352816250994498
4463	90	1.6452585424326587
4463	100	1.4656010870065936
4463	110	1.4417639145408399
4463	120	1.3692042843221268
4464	70	0.6221455427002766
4464	80	0.5550061458017759
4464	90	0.706482742556949
4464	100	0.8166953563434947
4464	110	0.8937516022423857
4464	120	0.9450768176328364
4465	70	1.3895976578132547
4465	80	0.9395106524157394
4465	90	1.0596300759921649
4465	100	0.98093345355885
4465	110	0.9641711857120169
4465	120	0.9742275373442555
4466	70	2.8946040355813505
4466	80	1.6418519474492368
4466	90	1.2289576960195303
4466	100	1.0124916022314212
4466	110	1.0240069077832497
4466	120	1.0256149288580518
4467	70	1.3115924733299307
4467	80	0.8679331802017607
4467	90	0.9133746320473667
4467	100	1.0531624353569304
4467	110	1.0048600627494793
4467	120	1.008419057872783
4468	70	1.5428891003771144
4468	80	1.378917998520209
4468	90	1.1398452139037831
4468	100	1.1487787781985987
4468	110	1.100930432088303
4468	120	1.0491929903819595
4469	70	2.2858236038130415
4469	80	1.204975563984625
4469	90	1.153102244788421
4469	100	1.1010072855149893
4469	110	1.0668073126835789
4469	120	1.0461628619735668
4470	70	1.2462669809722677
4470	80	1.0266242234904368
4470	90	1.0778317724732318
4470	100	0.9319116971418341
4470	110	0.9602031707468517
4470	120	0.9547409581901243
4471	70	1.8630556848390207
4471	80	2.084068436950513
4471	90	2.184931385854037
4471	100	1.6985618171279204
4471	110	1.5680293198011555
4471	120	1.4686335006031672
4472	70	1.4679298525428284
4472	80	1.5899741953128832
4472	90	1.1968729074943663
4472	100	0.9295381000345855
4472	110	0.8555862504209439
4472	120	0.8416485070768103
4473	70	1.0031054089389668
4473	80	1.0151597167864945
4473	90	0.8342151762787575
4473	100	0.8728721154158713
4473	110	0.8980909865973762
4473	120	0.8824877350842749
4474	70	0.753502312330228
4474	80	0.9792160478925441
4474	90	0.9003577818249826
4474	100	0.9352262842119727
4474	110	0.9413847624693682
4474	120	0.9497749686924026
4475	70	1.7452749191387391
4475	80	1.3413753210053072
4475	90	1.0984708456077135
4475	100	0.88566667479776
4475	110	0.9039007257145059
4475	120	0.8925803154031295
4476	70	1.0525352128505066
4476	80	1.0243594477861313
4476	90	0.9261500916482874
4476	100	0.9256893978521896
4476	110	0.8941025729055495
4476	120	0.8675891375233287
4477	70	1.5354724669394786
4477	80	1.1539938374223586
4477	90	0.8881973794753838
4477	100	0.9821986904655672
4477	110	0.9310502097740891
4477	120	0.9049383881760965
4478	70	1.8194509438950752
4478	80	1.1394059300861012
4478	90	1.0023745249913083
4478	100	0.9892728455288431
4478	110	0.9889169511020923
4478	120	0.9916353974011654
4479	70	0.687177352514187
4479	80	0.6087492300344481
4479	90	0.6818745265479377
4479	100	0.7554292085586944
4479	110	0.7990053842265649
4479	120	0.8196584965865231
4480	70	1.6030436483815746
4480	80	1.078146637402037
4480	90	1.0713665687099194
4480	100	1.023644099266378
4480	110	1.0360604019859538
4480	120	1.0105174335990776
4481	70	0.44301519722334814
4481	80	0.5437718556000924
4481	90	0.782791351890519
4481	100	0.7974277626159441
4481	110	0.8926406499223014
4481	120	0.9488912864483107
4482	70	0.6991568042915495
4482	80	0.8097758790165033
4482	90	0.8034549884146043
4482	100	0.8063643501259244
4482	110	0.8489114373424745
4482	120	0.8807563646175277
4483	70	1.172987775911188
4483	80	0.7515998467262304
4483	90	0.8751461525747883
4483	100	0.8856938447728915
4483	110	0.8929608051510495
4483	120	0.8911548112759119
4484	70	1.1299947485030866
4484	80	0.9406841277532796
4484	90	0.8821440377445747
4484	100	1.0399013209137111
4484	110	1.0203338616943953
4484	120	1.0255963197104465
4485	70	0.9581711568673175
4485	80	0.9976547943083274
4485	90	0.9198580223354179
4485	100	1.0455320846627552
4485	110	0.9853586753391597
4485	120	0.9599316943130467
4486	70	1.4212956547552542
4486	80	1.3252404884118743
4486	90	1.186375728000538
4486	100	1.0379991609833787
4486	110	1.0447562562995063
4486	120	1.0099283955168588
4487	70	2.431705095769377
4487	80	1.5271742175942955
4487	90	1.2968843171990034
4487	100	1.1611534354941848
4487	110	1.1259098639626652
4487	120	1.1272713711960722
4488	70	0.8300215310447894
4488	80	0.8692479207217749
4488	90	1.0439369251224833
4488	100	1.079553354968091
4488	110	1.1058830848808814
4488	120	1.1235937409912247
4489	70	1.7996128245503504
4489	80	1.5271068081331385
4489	90	1.07391511220611
4489	100	1.1262355361848106
4489	110	1.0034258576488895
4489	120	0.9436274554690752
4490	70	1.294985401654086
4490	80	1.1918416670945469
4490	90	1.0061228782444038
4490	100	0.9187368663235805
4490	110	0.9526227587101116
4490	120	0.9535113578374779
4491	70	0.46793683532909675
4491	80	0.8252885160353456
4491	90	1.1248397215050683
4491	100	1.3037321824027392
4491	110	1.3415507451765254
4491	120	1.3402916796119888
4492	70	2.2008452542402663
4492	80	1.9110238954729173
4492	90	1.4318773266358715
4492	100	1.2030759219803873
4492	110	1.1610368589983857
4492	120	1.1590453677418644
4493	70	0.44061186400705915
4493	80	0.6589627692214506
4493	90	0.7410506015171248
4493	100	0.8502156274793393
4493	110	0.9564067737295462
4493	120	1.023926012360327
4494	70	0.610291678810001
4494	80	0.9006828526932518
4494	90	0.8305178533575831
4494	100	0.9096087374426401
4494	110	0.8969331267531212
4494	120	0.9216108019922987
4495	70	1.1130573270514859
4495	80	1.2066428917889083
4495	90	1.0805987956089202
4495	100	0.9547127281623511
4495	110	0.9264059855742054
4495	120	0.9212257014544775
4496	70	1.3653070149660098
4496	80	0.9082187235199803
4496	90	0.8799668687491272
4496	100	0.808080843113265
4496	110	0.8023052148884662
4496	120	0.8399178350290191
4497	70	1.4775469449699516
4497	80	1.1345693214240455
4497	90	1.0208362782858738
4497	100	1.096253853979449
4497	110	1.109614338988138
4497	120	1.099388082543518
4498	70	1.3800169258889339
4498	80	1.430687714184854
4498	90	1.4321489936693002
4498	100	1.3401459411798164
4498	110	1.3305151980440102
4498	120	1.3041464233234097
4499	70	0.6961217704152283
4499	80	1.0350033893730748
4499	90	0.8730552726969018
4499	100	0.9066139398239885
4499	110	0.9402202082298186
4499	120	0.9438902507629247
4500	70	1.3571212765774183
4500	80	1.3404491927696733
4500	90	1.470995337270951
4500	100	1.1807097893773502
4500	110	1.186535930155898
4500	120	1.1278121428598866
4501	70	3.0451530726056317
4501	80	1.4564684911749493
4501	90	1.0253597606097857
4501	100	1.061614565401489
4501	110	1.0268273158327104
4501	120	1.0044891333105532
4502	70	1.0844326081857694
4502	80	1.1917921220243985
4502	90	1.1848868145363887
4502	100	1.2544542402097556
4502	110	1.2495223525804093
4502	120	1.2152763392891917
4503	70	0.4953271688419847
4503	80	0.577103882769785
4503	90	0.9120880723908539
4503	100	0.9998425130600237
4503	110	1.031990522024173
4503	120	1.0983449488677124
4504	70	0.500835186710189
4504	80	0.7347802348518488
4504	90	0.960696574098622
4504	100	0.9634318653450623
4504	110	1.0517675967755153
4504	120	1.0943017798903807
4505	70	0.44739558298338067
4505	80	0.4412965102339597
4505	90	0.6009216790374949
4505	100	0.7760638904224012
4505	110	0.83354662466179
4505	120	0.8898037571886175
4506	70	1.5893112523576363
4506	80	1.3172017016561266
4506	90	1.0408339320718591
4506	100	0.8924697326548001
4506	110	0.8864541009769856
4506	120	0.8549927018868313
4507	70	0.5046702620696709
4507	80	0.5526138628186388
4507	90	0.6842314265739227
4507	100	0.6904858926144636
4507	110	0.7122904825777148
4507	120	0.764480920949552
4508	70	0.4916128328842614
4508	80	0.5196063891512515
4508	90	0.6923676590449691
4508	100	0.848262106968602
4508	110	0.8916202848314111
4508	120	0.9229139253014451
4509	70	0.4979139445412247
4509	80	0.6834059982470935
4509	90	0.905363815216593
4509	100	0.9461865154733894
4509	110	0.9585282319123222
4509	120	0.9854279258743533
4510	70	1.2023113788579638
4510	80	1.3577657353558241
4510	90	1.3706413266537592
4510	100	1.1022866904219377
4510	110	1.052369211555435
4510	120	1.029503874683621
4511	70	0.477596163648691
4511	80	0.5140274623252437
4511	90	0.5680636763950566
4511	100	0.6641175688536739
4511	110	0.726253786609972
4511	120	0.7750240611484026
4512	70	0.47021352858448584
4512	80	0.5088744958567982
4512	90	0.6257511284662952
4512	100	0.7463719740604945
4512	110	0.8237338941787614
4512	120	0.8664267787858145
4513	70	2.0125419952016825
4513	80	1.2723212537359
4513	90	1.0451923563560426
4513	100	1.0940711155779446
4513	110	1.0522710551788557
4513	120	1.055160438385164
4514	70	0.5191819822573216
4514	80	0.7429725382109046
4514	90	0.7760478963456806
4514	100	0.8180071743899904
4514	110	0.8419558491882801
4514	120	0.8752451052228375
4515	70	0.6148697217993933
4515	80	0.8595734864499773
4515	90	0.9829499384845372
4515	100	1.0303221938140665
4515	110	1.0130009556155792
4515	120	1.0039846052699244
4516	70	1.2701563946059653
4516	80	1.2640932990607598
4516	90	1.3485903738338738
4516	100	1.243416392506961
4516	110	1.236509775528258
4516	120	1.2354635306041701
4517	70	1.4349534106290611
4517	80	1.0125025830832544
4517	90	0.8638299997311909
4517	100	0.8141368730414018
4517	110	0.8647353033510925
4517	120	0.8741983928502819
4518	70	1.0996168531828452
4518	80	1.2676092775321297
4518	90	1.2869949027444112
4518	100	1.1911878165912846
4518	110	1.1382101545480143
4518	120	1.1313978450106956
4519	70	1.4712408082275859
4519	80	1.1249328884349508
4519	90	1.0230926228803048
4519	100	1.1444861562666684
4519	110	1.1787667816014094
4519	120	1.1769187262966838
4520	70	1.7488601495645404
4520	80	1.9263033644222218
4520	90	1.3581029950598589
4520	100	1.4829324655751122
4520	110	1.361681997909536
4520	120	1.262970524352532
4521	70	1.1485211483260644
4521	80	1.19948516321485
4521	90	1.1524098488151746
4521	100	1.264323432004835
4521	110	1.1762924123208027
4521	120	1.139792678064091
4522	70	1.9604547012051685
4522	80	1.7026533477189258
4522	90	1.244527778526794
4522	100	1.2837705641049182
4522	110	1.2261147920968285
4522	120	1.2167517320772239
4523	70	1.4797073152836544
4523	80	1.1286791360639594
4523	90	0.8801128059339197
4523	100	0.8099829354447505
4523	110	0.8030670934877705
4523	120	0.8184841249833293
4524	70	2.468835404831605
4524	80	1.480620494922168
4524	90	1.150362326012743
4524	100	0.9402841582420213
4524	110	0.913736428113575
4524	120	0.9139205003823831
4525	70	0.4446774034715108
4525	80	0.7571806443679238
4525	90	1.0470075839363406
4525	100	1.25950572926345
4525	110	1.2619561364175302
4525	120	1.3007541834382736
4526	70	1.367908662802328
4526	80	0.9062119076628684
4526	90	0.8761585914375355
4526	100	0.8601635903162251
4526	110	0.8659073123893913
4526	120	0.8559379277983302
4527	70	1.0350472324538162
4527	80	1.1185535304166578
4527	90	0.8923717086255295
4527	100	0.7759118164624923
4527	110	0.7994616616086078
4527	120	0.8046634441564396
4528	70	1.7410204884276128
4528	80	1.3014123312601475
4528	90	1.146500716117205
4528	100	1.1775354463613203
4528	110	1.1991731016369274
4528	120	1.189204852042181
4529	70	0.49747638488002355
4529	80	0.5392545315410733
4529	90	0.4787295257088004
4529	100	0.5865892823064147
4529	110	0.6458781717237428
4529	120	0.7074117666298262
4530	70	2.097714424883404
4530	80	1.7013618683803275
4530	90	1.1780664430330803
4530	100	1.0320886749060059
4530	110	0.9631383163834183
4530	120	0.9376460348406812
4531	70	0.6382866976462799
4531	80	0.9894336714055167
4531	90	0.9239382831366123
4531	100	1.0483847728489244
4531	110	1.0409869406519185
4531	120	1.011581234820601
4532	70	1.1836116093902735
4532	80	0.9011318362989029
4532	90	0.9632614055591096
4532	100	1.134362845512762
4532	110	1.133861559107619
4532	120	1.1670941435143807
4533	70	0.558575144639681
4533	80	0.783270787775311
4533	90	0.8212325092011733
4533	100	0.9000042950932783
4533	110	0.9529757958602239
4533	120	0.9754811401885946
4534	70	2.13843505678059
4534	80	1.6515399210675819
4534	90	1.399104435867736
4534	100	1.396444174105468
4534	110	1.2382611619902513
4534	120	1.1820438979102759
4535	70	0.2883453832665272
4535	80	0.5087290250206583
4535	90	0.7571558195897585
4535	100	0.8872282399763284
4535	110	0.971340230930184
4535	120	1.021422657198779
4536	70	0.39701112596554794
4536	80	0.6236441430975203
4536	90	0.7938970169417217
4536	100	0.7713087476752619
4536	110	0.7712846686506349
4536	120	0.7988442300285501
4537	70	2.1090418291593562
4537	80	1.5494948951084895
4537	90	1.1912251394876578
4537	100	1.1454159767526215
4537	110	1.1202167170304385
4537	120	1.064494388205676
4538	70	0.4977364535830298
4538	80	0.8278770417062958
4538	90	0.8975071969900897
4538	100	0.9574527419275767
4538	110	0.9974522997982134
4538	120	1.022797533358233
4539	70	1.1314784563052875
4539	80	0.8629909668798628
4539	90	0.7167496065969845
4539	100	0.8590921040009125
4539	110	0.8588392100745014
4539	120	0.8605616323885168
4540	70	2.113712789308986
4540	80	1.1718683171936135
4540	90	1.0707999328316822
4540	100	1.1769432674855824
4540	110	1.0704479908984665
4540	120	1.0439220423568025
4541	70	1.5972341841476125
4541	80	1.3744992804527663
4541	90	1.51778341386077
4541	100	1.4186469738898282
4541	110	1.342162807159768
4541	120	1.2764572291271974
4542	70	1.9907216779139045
4542	80	1.5783308374467513
4542	90	1.3874924809841396
4542	100	1.1001552079463794
4542	110	1.065014050568055
4542	120	1.0198673753357521
4543	70	0.3982421999441171
4543	80	0.5430036844320794
4543	90	0.6569380112227826
4543	100	0.8701649904187747
4543	110	0.9456390572041464
4543	120	1.010159485552459
4544	70	0.5191765670424482
4544	80	0.6507472435759546
4544	90	0.820777378655177
4544	100	0.9189420468423486
4544	110	0.989507291594789
4544	120	1.0162715134039237
4545	70	0.5218546749415428
4545	80	0.7668705667704643
4545	90	0.9009222874817028
4545	100	1.0187051228314143
4545	110	1.0396309440967875
4545	120	1.0639034231054691
4546	70	0.9511452078384347
4546	80	0.8097111739343847
4546	90	0.8021248416871248
4546	100	0.8012472449861675
4546	110	0.8147682690120241
4546	120	0.8296947289377311
4547	70	1.0202866315882866
4547	80	1.0891144549739025
4547	90	0.9110805643813298
4547	100	0.8759019179506958
4547	110	0.8821332527239361
4547	120	0.8672796165221222
4548	70	1.3291702216648027
4548	80	0.8912719913733037
4548	90	0.9275163875956469
4548	100	0.971935988350653
4548	110	0.9801587982986002
4548	120	1.0042296255219167
4549	70	0.556687740934111
4549	80	0.8242501751655488
4549	90	1.0150954526946212
4549	100	1.0306304514124303
4549	110	1.1035270437532432
4549	120	1.1394402388530422
4550	70	0.6213550300020463
4550	80	0.5828844799582658
4550	90	0.7006855374506886
4550	100	0.8096635027764814
4550	110	0.8552622417138663
4550	120	0.9041135596008082
4551	70	0.5201906840799629
4551	80	0.6193401207690317
4551	90	0.6312693095822377
4551	100	0.7845894335205973
4551	110	0.8274913665548748
4551	120	0.8588693990789831
4552	70	0.784993643704362
4552	80	0.710542797139876
4552	90	0.8232939328332377
4552	100	0.8695217860665534
4552	110	0.8956780231130252
4552	120	0.9109003155301448
4553	70	0.8265114854055589
4553	80	0.9882448413551659
4553	90	1.2432282754701203
4553	100	1.1291102034879845
4553	110	1.1339812950704593
4553	120	1.125172876929156
4554	70	1.8412526800477724
4554	80	1.1917524353984241
4554	90	0.9947035603485799
4554	100	0.9453728556504564
4554	110	0.9224346510064222
4554	120	0.930878236950934
4555	70	1.7982226888811657
4555	80	1.7786895898985855
4555	90	1.3544256122247518
4555	100	0.9593905343962484
4555	110	0.9287801447317791
4555	120	0.9120411817275437
4556	70	1.5719377999811883
4556	80	1.434953601262881
4556	90	1.573658991574436
4556	100	1.4051987021104486
4556	110	1.315037029797434
4556	120	1.2473881515070464
4557	70	2.3413873436932544
4557	80	1.074265970792246
4557	90	0.9177669138227539
4557	100	0.9346616876811852
4557	110	0.9278591546637351
4557	120	0.9033436157878613
4558	70	0.45664860102016097
4558	80	0.677978382511409
4558	90	0.8948330582242161
4558	100	0.9119201283449506
4558	110	0.9449409229721368
4558	120	0.948719328786876
4559	70	3.182301849995162
4559	80	2.5275144378471492
4559	90	1.7446654975222342
4559	100	1.2756123582440169
4559	110	1.2142028816159376
4559	120	1.1485180687258383
4560	70	0.8651728216091525
4560	80	0.8781103869401746
4560	90	1.1128417487917976
4560	100	1.0754858486317813
4560	110	1.0203910446380515
4560	120	1.0085706345361976
4561	70	1.8011739714129176
4561	80	1.639871444072741
4561	90	1.18956997456881
4561	100	1.1544635567503436
4561	110	1.0836599669646756
4561	120	1.058210421574815
4562	70	0.63100355421738
4562	80	0.9143874659537067
4562	90	1.0039411206514066
4562	100	1.061803245000503
4562	110	1.1167163108375797
4562	120	1.1433335834660028
4563	70	1.33878205924918
4563	80	1.3408021031847157
4563	90	1.3132754340640984
4563	100	1.2385851437860829
4563	110	1.2212570223641295
4563	120	1.2006124791469106
4564	70	0.6452527348323028
4564	80	0.8838979796498354
4564	90	0.9528431491267333
4564	100	0.9890623738827818
4564	110	1.0528652913638048
4564	120	1.0736164375464237
4565	70	0.35584496496245527
4565	80	0.4411029016577157
4565	90	0.6296898491645131
4565	100	0.6606836061569762
4565	110	0.7032092754054968
4565	120	0.7594395486080717
4566	70	1.4473084897645314
4566	80	1.1909811643293584
4566	90	1.3613217246884954
4566	100	1.2074073517035186
4566	110	1.170210020695662
4566	120	1.134631195714527
4567	70	0.4780697199512201
4567	80	0.39720857147392646
4567	90	0.4574118336297767
4567	100	0.4951675220864055
4567	110	0.527653832269279
4567	120	0.5803214876739244
4568	70	0.47389088993463757
4568	80	0.6697740356657453
4568	90	0.8278968634560436
4568	100	0.8840735059579542
4568	110	0.8992077669489105
4568	120	0.9085466370540722
4569	70	0.5743899949502577
4569	80	0.8086197475529368
4569	90	0.7696083703059723
4569	100	0.9078826523527002
4569	110	0.9252884312024233
4569	120	0.9536230360630885
4570	70	1.7144212813874626
4570	80	1.2906237734287478
4570	90	0.9625277016229388
4570	100	0.9854569375982077
4570	110	0.9444026473988227
4570	120	0.9549758367196248
4571	70	1.8344122292666674
4571	80	1.196862229447747
4571	90	1.1899282963831306
4571	100	1.189855607494079
4571	110	1.170451691632716
4571	120	1.1501819272266482
4572	70	1.521008580753885
4572	80	1.397690113234616
4572	90	1.4417268487053565
4572	100	1.2238916608195898
4572	110	1.1399115430497437
4572	120	1.0925126581077511
4573	70	0.5403439554718238
4573	80	0.6266266589764699
4573	90	0.9105287043007921
4573	100	1.08667065384092
4573	110	1.1661361600389724
4573	120	1.198940089076272
4574	70	1.882036081703415
4574	80	2.094719387227155
4574	90	1.6475516519257771
4574	100	1.2999759409941272
4574	110	1.2682756454423196
4574	120	1.2366798484606696
4575	70	1.1714091938644031
4575	80	1.315100416578157
4575	90	1.3911707062205172
4575	100	1.2116390032225892
4575	110	1.178551097596349
4575	120	1.1726874678906194
4576	70	1.1338479865314188
4576	80	1.0102914468130535
4576	90	0.8041609635000813
4576	100	0.8541999166376566
4576	110	0.8905416686812417
4576	120	0.8917079100127064
4577	70	0.4575210258909171
4577	80	0.7051510500550648
4577	90	0.7605716841285705
4577	100	0.8481728957582301
4577	110	0.8640036804406077
4577	120	0.9137237319558864
4578	70	1.045976223554573
4578	80	1.0004564065970318
4578	90	1.018258610549921
4578	100	1.0718186716357876
4578	110	1.0661718320271314
4578	120	1.0211178027855472
4579	70	0.4146913574185222
4579	80	0.6088641860925409
4579	90	0.7826921900500969
4579	100	0.9525353008093461
4579	110	0.976482852464107
4579	120	1.013453931128097
4580	70	1.3022798635247448
4580	80	0.7734093981512058
4580	90	0.7603268071768511
4580	100	0.8061640827306864
4580	110	0.7793081796962675
4580	120	0.79921000860981
4581	70	0.5007390903883606
4581	80	0.7900665657647511
4581	90	0.8191271114881984
4581	100	0.8144415945866508
4581	110	0.8735534360247011
4581	120	0.8971711249432015
4582	70	1.6562712030094622
4582	80	1.1411604499572598
4582	90	1.210512943274195
4582	100	0.9551574710009068
4582	110	0.9336268128889246
4582	120	0.929867770491234
4583	70	0.6184924032916085
4583	80	0.9491201295235774
4583	90	1.0255957947140357
4583	100	1.1646078494778427
4583	110	1.1379967943837939
4583	120	1.1454073577489765
4584	70	1.241182357793432
4584	80	1.4923617378522271
4584	90	1.3464814300285655
4584	100	1.279545835604322
4584	110	1.2584911424890493
4584	120	1.253890204013299
4585	70	1.0160297794956883
4585	80	1.202962406965531
4585	90	1.2820114139396526
4585	100	1.3143678643591477
4585	110	1.2646455011108741
4585	120	1.2181853627369361
4586	70	1.1989867863834507
4586	80	1.3340745857998606
4586	90	1.2596782050678819
4586	100	1.1207713214737958
4586	110	1.0604774448275465
4586	120	1.0096187013080011
4587	70	1.7364141775349393
4587	80	1.9690158165450447
4587	90	1.3622867709859863
4587	100	1.069243953122265
4587	110	0.9879900922292495
4587	120	0.9602177137905216
4588	70	0.6959724338836971
4588	80	0.7897779519045024
4588	90	0.980655572501498
4588	100	1.05939031696668
4588	110	1.1346877499306653
4588	120	1.162091945385604
4589	70	0.6057950886544395
4589	80	0.8330627008336464
4589	90	0.8436059174355485
4589	100	0.9405134087698408
4589	110	0.9792884074337074
4589	120	0.9869068976199645
4590	70	1.2849769809580656
4590	80	1.3375901838168835
4590	90	1.16938913004725
4590	100	1.0651182267014052
4590	110	1.0800613301806044
4590	120	1.058349391685218
4591	70	1.8433743753905836
4591	80	1.7490493463277352
4591	90	1.3597620117051956
4591	100	1.10346071532399
4591	110	1.047306239060297
4591	120	1.0109243231797969
4592	70	1.927951351529819
4592	80	1.2838235773620161
4592	90	0.8440357602979227
4592	100	0.7774376210601598
4592	110	0.7613867886154536
4592	120	0.7546852187331062
4593	70	0.5470977522901634
4593	80	0.7668038816900025
4593	90	0.854317962085399
4593	100	0.8057258029746374
4593	110	0.8738237785790973
4593	120	0.8810161123847562
4594	70	1.2059060174659781
4594	80	1.4208529674173613
4594	90	1.3210740056653718
4594	100	1.138771240197756
4594	110	1.1177728759171188
4594	120	1.086310871413569
4595	70	2.6616151990890637
4595	80	1.7242510702389036
4595	90	1.222158075533431
4595	100	1.2207103878113748
4595	110	1.1789884907033528
4595	120	1.1416168430566387
4596	70	0.666519779593831
4596	80	0.8519763441331619
4596	90	1.008052306908423
4596	100	1.0026257109752048
4596	110	1.0608975910024139
4596	120	1.09712135645499
4597	70	1.6870345541102212
4597	80	1.2947036605861875
4597	90	1.0268571304087397
4597	100	1.1669276566729683
4597	110	1.1381475022945544
4597	120	1.1182421156083031
4598	70	0.5670460705502618
4598	80	0.670513718694663
4598	90	0.7087386219169902
4598	100	0.7644278106975065
4598	110	0.8078383906367267
4598	120	0.8263714137704189
4599	70	0.9747434885006764
4599	80	1.1569763634807473
4599	90	1.0869212056926953
4599	100	1.001649868705732
4599	110	0.9245106743400895
4599	120	0.915922313262295
4600	70	1.3912103139317498
4600	80	0.9430018811519314
4600	90	0.8793971348654687
4600	100	0.7966841059844476
4600	110	0.7824212158696491
4600	120	0.8003454644888076
4601	70	0.6110813934230938
4601	80	0.76407722503942
4601	90	0.8963441135647188
4601	100	0.9481378730026166
4601	110	0.9820988236789735
4601	120	0.976758619955458
4602	70	0.4914720680749734
4602	80	0.5628715786651965
4602	90	0.6690447778986576
4602	100	0.8392589384559803
4602	110	0.9364378984819831
4602	120	0.9983764846886132
4603	70	0.7560275009102108
4603	80	0.9002985982208528
4603	90	1.0912629296766527
4603	100	1.1317376909861065
4603	110	1.1799251485485351
4603	120	1.20710026747797
4604	70	1.0532557823653395
4604	80	0.7386320785385218
4604	90	0.8983271242364097
4604	100	1.0201767592442181
4604	110	1.0394352735240633
4604	120	1.0545023322799212
4605	70	0.28447693378372635
4605	80	0.49267121485442156
4605	90	0.6353964281947224
4605	100	0.7069603872221174
4605	110	0.7582868321506566
4605	120	0.8054497183251368
4606	70	0.6233158194955778
4606	80	0.9852357596309627
4606	90	1.0739792725610362
4606	100	1.1517539519068931
4606	110	1.1587840437829036
4606	120	1.1603038460443036
4607	70	0.5397151918875841
4607	80	0.6248369486181334
4607	90	0.7787908356961611
4607	100	0.746081730055346
4607	110	0.7941777029758416
4607	120	0.8523594707171904
4608	70	0.5567964210394883
4608	80	0.6950619681585088
4608	90	0.994058889319171
4608	100	0.9365459022147956
4608	110	1.0264020546469255
4608	120	1.0716143798597002
4609	70	1.2202853518559016
4609	80	1.0039412887989865
4609	90	1.0259052665387536
4609	100	0.9270397001743087
4609	110	0.903608019313975
4609	120	0.9107320526043922
4610	70	0.6045423272813487
4610	80	0.5356594041549343
4610	90	0.5996037570280666
4610	100	0.7032906547157636
4610	110	0.7309037177210898
4610	120	0.7674280605416894
4611	70	0.5834536344697572
4611	80	0.9639242150284046
4611	90	1.1657963280013255
4611	100	1.2211316783771977
4611	110	1.3275932122758507
4611	120	1.3389569800524515
4612	70	0.4311947240875258
4612	80	0.5728635357440455
4612	90	0.8720882994291869
4612	100	1.0613173564515967
4612	110	1.0866169600241704
4612	120	1.1121932808679442
4613	70	1.7330109016964566
4613	80	1.2762387683993845
4613	90	0.9566328116675588
4613	100	1.0524852364116533
4613	110	1.0274636466645146
4613	120	0.9813090567764668
4614	70	1.1121805823764213
4614	80	0.9691875966149975
4614	90	0.8664251708074802
4614	100	0.7703505932891227
4614	110	0.7737165491837912
4614	120	0.7760090306213056
4615	70	0.6238956250745881
4615	80	0.6984471047863654
4615	90	0.7451789861367896
4615	100	0.8597687401764372
4615	110	0.8952047366209704
4615	120	0.9122472182928895
4616	70	1.7359284562351558
4616	80	1.575178973660767
4616	90	1.1045465593975579
4616	100	0.8972989656591118
4616	110	0.8703173997321335
4616	120	0.8794505056326128
4617	70	1.1748360779388063
4617	80	1.1992801926132997
4617	90	1.2229224783187551
4617	100	1.2719960595930488
4617	110	1.2706651226651038
4617	120	1.2373055195978984
4618	70	0.7341233141645763
4618	80	1.0514534291915258
4618	90	1.131568303358052
4618	100	1.102111337282406
4618	110	1.1448211013440828
4618	120	1.151325755669007
4619	70	1.4105362880428642
4619	80	1.331503686798593
4619	90	1.168297589763149
4619	100	1.113144775326483
4619	110	1.1018827690025355
4619	120	1.084401699617367
4620	70	1.0807797627041091
4620	80	0.7877439522645048
4620	90	0.865734776610159
4620	100	0.9962922939645562
4620	110	0.9528150098376199
4620	120	0.9738592940271611
4621	70	0.40772334447853126
4621	80	0.49984481008794873
4621	90	0.72458351366136875
4621	100	0.8826701210277608
4621	110	0.9328382034549704
4621	120	0.9937692875036552
4622	70	0.5160089962856594
4622	80	0.6863287662765142
4622	90	0.8539107904929193
4622	100	0.7543551259034157
4622	110	0.7843790619171945
4622	120	0.8461562855595358
4623	70	1.2527606528375335
4623	80	1.0689481357853123
4623	90	0.9937751574190181
4623	100	0.935368111943781
4623	110	0.878269635307213
4623	120	0.873209034842134
4624	70	0.3915395870306313
4624	80	0.4315515918063904
4624	90	0.5658804622744333
4624	100	0.7563162992983417
4624	110	0.8303683651965178
4624	120	0.853062345539651
4625	70	1.4755002906778887
4625	80	1.4264192803453135
4625	90	1.2758037273187175
4625	100	1.0252398057330292
4625	110	1.0223580597118849
4625	120	0.970004158202834
4626	70	1.5405629803043532
4626	80	1.2313648330965326
4626	90	0.9788949527769735
4626	100	0.8701911232689784
4626	110	0.8863241870893023
4626	120	0.8767972057430117
4627	70	0.7238341527817215
4627	80	1.036474447215288
4627	90	1.1172020348707516
4627	100	1.0979828222904033
4627	110	1.05554832094643
4627	120	1.058905991051622
4628	70	1.266304749945031
4628	80	1.0712056069195799
4628	90	1.0352112768387487
4628	100	0.9674344144668665
4628	110	0.9774294452850976
4628	120	0.97059946896494
4629	70	0.38356506997641904
4629	80	0.6275886594435618
4629	90	0.8553993838028955
4629	100	1.0517299893543537
4629	110	1.0327570824384416
4629	120	1.0702690192905122
4630	70	1.9468127055236706
4630	80	1.7098667723037044
4630	90	1.2282782761867201
4630	100	1.0384688596168319
4630	110	1.0153004601568214
4630	120	1.010063402439587
4631	70	0.6880825697373962
4631	80	0.7996214289304733
4631	90	0.8840853604673512
4631	100	0.8701808400952503
4631	110	0.8440641414132638
4631	120	0.8627593214756344
4632	70	0.3851978085677814
4632	80	0.45392800856378507
4632	90	0.6128314735609569
4632	100	0.6953524207207441
4632	110	0.7177753954371092
4632	120	0.7510727453003266
4633	70	1.0475892079045162
4633	80	0.8998290485159302
4633	90	0.9727885077982197
4633	100	1.030930467262647
4633	110	0.9947818670222387
4633	120	0.9936461640101241
4634	70	1.2611302588872055
4634	80	0.975985477150054
4634	90	1.062751921182819
4634	100	1.2201326005844382
4634	110	1.180074656004115
4634	120	1.1982522490851257
4635	70	1.3042214802835295
4635	80	1.3430553993360175
4635	90	1.380777751040351
4635	100	1.2184555818171647
4635	110	1.1517675580076723
4635	120	1.120967756620737
4636	70	0.5637629529338014
4636	80	0.8290617762254577
4636	90	0.9557766597452003
4636	100	0.92306551425652
4636	110	0.9978769631052162
4636	120	1.0168000857476749
4637	70	0.7693468790178921
4637	80	0.9399368991064064
4637	90	0.8281932711827261
4637	100	0.972096047608097
4637	110	0.9532235160928931
4637	120	0.9580253669311232
4638	70	1.4213052994801718
4638	80	1.6143511203360594
4638	90	1.3366267548086075
4638	100	1.2392232898207343
4638	110	1.1975313491933275
4638	120	1.1298228791566074
4639	70	0.789931451583879
4639	80	0.8830049295750988
4639	90	0.9361375441948685
4639	100	0.9582510659262221
4639	110	1.000559890613811
4639	120	1.0386810674948042
4640	70	0.5626674155197698
4640	80	0.8578780695900073
4640	90	0.8788230045350499
4640	100	0.8526069849702806
4640	110	0.8923613001033462
4640	120	0.9051083337739811
4641	70	0.5509590061852861
4641	80	0.759548661572493
4641	90	0.9040485338699065
4641	100	0.870167837185816
4641	110	0.892041357236445
4641	120	0.921243226631735
4642	70	1.3300881187953422
4642	80	0.9221878037740388
4642	90	1.039214503632822
4642	100	1.1752342593070602
4642	110	1.1765456509735548
4642	120	1.1881857315341853
4643	70	1.4615908888829845
4643	80	1.3492133626374179
4643	90	1.280910186564745
4643	100	1.0451100239393312
4643	110	1.0564287390960243
4643	120	1.021919401595907
4644	70	0.39969789139015305
4644	80	0.5100738763844548
4644	90	0.6760612937892984
4644	100	0.7513504075305014
4644	110	0.8424257389887171
4644	120	0.9042583792509115
4645	70	0.6732876423598017
4645	80	0.7138247362338505
4645	90	0.7281498821556297
4645	100	0.7786319186242631
4645	110	0.794570247860648
4645	120	0.8182760083539333
4646	70	0.5177456227788467
4646	80	0.6980311033188223
4646	90	0.7763961101416424
4646	100	0.9005246256789923
4646	110	0.9548221902091738
4646	120	0.9839784480976425
4647	70	0.64086284305844
4647	80	0.8917737938409691
4647	90	0.9890199233734026
4647	100	1.0618745946076864
4647	110	1.0856147570571526
4647	120	1.1088400315238274
4648	70	1.1220564705400373
4648	80	1.239639021367754
4648	90	1.3178461493926712
4648	100	1.313114982909849
4648	110	1.2714531678217453
4648	120	1.2386814109805662
4649	70	1.20277495892273
4649	80	1.0996486498238973
4649	90	0.8773099912072406
4649	100	0.8317527750718867
4649	110	0.8444534475624362
4649	120	0.8299242293503813
4650	70	1.935026940415743
4650	80	1.3001381410848556
4650	90	0.9870269104541224
4650	100	1.122600367230074
4650	110	1.0878304437361126
4650	120	1.0733764438527056
4651	70	0.5133876012403471
4651	80	0.705364931191119
4651	90	0.9582246980432128
4651	100	1.1752835224075615
4651	110	1.1997450788490205
4651	120	1.167310088530279
4652	70	1.1406794923194636
4652	80	0.9956521948722531
4652	90	1.003241146006689
4652	100	0.9008364787467688
4652	110	0.8631066303917421
4652	120	0.8750700206012876
4653	70	2.5838638714808764
4653	80	1.3010803899363694
4653	90	1.0917154003892957
4653	100	0.8667695802285412
4653	110	0.8390032625511104
4653	120	0.8468754539192238
4654	70	1.627467504455875
4654	80	1.1614318784073936
4654	90	0.8803248226497666
4654	100	0.8612350069811319
4654	110	0.8923267550199383
4654	120	0.9063710948317344
4655	70	0.5763458524776552
4655	80	0.618283257665809
4655	90	0.8983313533765364
4655	100	0.991524054090452
4655	110	1.04913623012481
4655	120	1.093896137787287
4656	70	1.4730114429328192
4656	80	1.7695433783042898
4656	90	1.2845831146355529
4656	100	1.2655761467345477
4656	110	1.1315631860854443
4656	120	1.0573463689486122
4657	70	0.682206097625606
4657	80	0.6646806463981195
4657	90	0.8085509392368617
4657	100	0.7349838927135114
4657	110	0.7564681563833823
4657	120	0.77443952527806
4658	70	1.3230594559469757
4658	80	1.390602177079838
4658	90	1.5509320638188908
4658	100	1.4255573955020229
4658	110	1.3491118219211728
4658	120	1.2937512541088194
4659	70	2.450239885019166
4659	80	1.2314237098146303
4659	90	1.0781830291675256
4659	100	0.831485726737687
4659	110	0.8622194808792937
4659	120	0.8589992757220006
4660	70	0.48390996153899785
4660	80	0.784417368776483
4660	90	1.0737218261693802
4660	100	1.055965282933948
4660	110	1.1151494269169115
4660	120	1.0998814386418558
4661	70	0.5585342757718846
4661	80	0.8042424462683512
4661	90	1.0217449364963367
4661	100	1.1545290299196633
4661	110	1.1764072458074404
4661	120	1.1991708938149777
4662	70	0.5313269738714334
4662	80	0.759129311683519
4662	90	0.9984712312103783
4662	100	0.8408762986250242
4662	110	0.8700568046017791
4662	120	0.905919280301884
4663	70	0.8012673796693586
4663	80	0.5982482335005278
4663	90	0.7114403434695359
4663	100	0.830275353760288
4663	110	0.8718030717594847
4663	120	0.8906446926720671
4664	70	2.647841734279514
4664	80	1.2628956640681408
4664	90	0.9097902309566325
4664	100	0.79864298355479
4664	110	0.7681285331318652
4664	120	0.7588612201515343
4665	70	0.5007940972494539
4665	80	0.5500552514069192
4665	90	0.7309809449135081
4665	100	0.9558388720801873
4665	110	0.9917416694553265
4665	120	1.0338894745383582
4666	70	1.0141243108572404
4666	80	0.8353850850132235
4666	90	0.8935444191539833
4666	100	0.9455450840970592
4666	110	0.9608684315288228
4666	120	0.9904509405513093
4667	70	1.1563235302205677
4667	80	0.9071626350710763
4667	90	0.9061745524215753
4667	100	0.7776740968879746
4667	110	0.7768976702194
4667	120	0.7879612835841387
4668	70	0.49470245166697496
4668	80	0.7378415543564609
4668	90	0.828906554948361
4668	100	0.8191419034681718
4668	110	0.8629393026612596
4668	120	0.8782172418986717
4669	70	1.3084847297711275
4669	80	0.9670562863689472
4669	90	0.914600375556704
4669	100	0.9821872643111315
4669	110	0.9463469133069806
4669	120	0.9645493895460271
4670	70	2.2618441131422298
4670	80	1.6834280143436031
4670	90	1.3305675236779677
4670	100	1.0067797030134331
4670	110	0.9641182292625207
4670	120	0.9336768921757482
4671	70	1.0221028616041816
4671	80	1.0564411441980872
4671	90	0.9969452005392658
4671	100	0.9958309156150071
4671	110	0.9412264345550532
4671	120	0.9187286937928181
4672	70	0.6020451329902422
4672	80	0.6418921967837882
4672	90	0.7276683946860962
4672	100	0.7860801924405769
4672	110	0.8185574270207268
4672	120	0.8531894965057227
4673	70	1.4078303275031876
4673	80	0.8601268119588431
4673	90	0.8453772624284818
4673	100	0.7797055597305323
4673	110	0.7341212160893635
4673	120	0.7475176349565726
4674	70	1.3449540082007279
4674	80	1.2446818992410162
4674	90	0.9985646580177688
4674	100	1.0137615213707485
4674	110	0.9530591320457553
4674	120	0.8965838755496692
4675	70	1.8453338706674747
4675	80	1.0235736319234547
4675	90	0.7597261432450176
4675	100	0.7781048429024766
4675	110	0.7981131875354528
4675	120	0.800021805328623
4676	70	1.086655198146285
4676	80	0.9915771042739294
4676	90	1.0064014155348593
4676	100	0.8276879488746743
4676	110	0.8439298941538342
4676	120	0.8601618169189476
4677	70	0.5385814865191817
4677	80	0.5102696006291287
4677	90	0.5789660513954303
4677	100	0.6054687153896148
4677	110	0.6272286916736346
4677	120	0.6832022626866224
4678	70	0.49424822273579727
4678	80	0.7152226106720327
4678	90	0.7039760025327875
4678	100	0.8643548653847843
4678	110	0.8903594917318737
4678	120	0.9198794474582018
4679	70	1.4027943399643865
4679	80	1.1984619886845211
4679	90	1.1814391081636832
4679	100	1.0579347287170358
4679	110	1.0718141293939951
4679	120	1.0455451932113111
4680	70	1.250522141090986
4680	80	1.1479947858563586
4680	90	1.3158716060792968
4680	100	1.199754495999783
4680	110	1.1465361645888859
4680	120	1.1258953455146132
4681	70	0.6502481537684807
4681	80	0.7546860031730568
4681	90	0.7897319424863094
4681	100	0.8171046961050513
4681	110	0.8777605213445012
4681	120	0.8987744768531517
4682	70	0.7885377909810513
4682	80	0.873238946781252
4682	90	0.8422312180635743
4682	100	0.8520001381131781
4682	110	0.872016406947215
4682	120	0.8895788824513093
4683	70	1.314728801483028
4683	80	1.293084179064851
4683	90	1.212031586794915
4683	100	1.1500501647682386
4683	110	1.13033715987511
4683	120	1.1000445475811313
4684	70	0.8056999024341588
4684	80	0.8819539077967903
4684	90	1.1398181408311059
4684	100	1.2607598139939131
4684	110	1.2709559479090848
4684	120	1.2997095888392787
4685	70	0.8535961228587041
4685	80	0.9239396861422515
4685	90	1.0352871940684754
4685	100	1.0205762607027293
4685	110	0.9963096290997508
4685	120	1.0021277843382217
4686	70	2.104104223692404
4686	80	1.9380205913354454
4686	90	1.4226256678899405
4686	100	1.2556828393028947
4686	110	1.1906939268517676
4686	120	1.140935736910312
4687	70	0.6906549454703843
4687	80	0.8624240775992956
4687	90	1.0303430149306958
4687	100	1.166523295833175
4687	110	1.1752334751356348
4687	120	1.1579993615534672
4688	70	1.4206054757849713
4688	80	0.8803283540644508
4688	90	0.8677224748553574
4688	100	0.8700040236568009
4688	110	0.9234612396689907
4688	120	0.9447077083585371
4689	70	1.0352149051780193
4689	80	0.9906363626085296
4689	90	0.9865530021541641
4689	100	0.9585968719584489
4689	110	0.9841565959173847
4689	120	0.9751755412415656
4690	70	0.4772979616923839
4690	80	0.6229897067756434
4690	90	0.7821213926693734
4690	100	0.726351516612925
4690	110	0.7606513090566306
4690	120	0.7931013475845088
4691	70	0.38164873838464414
4691	80	0.5713152772741261
4691	90	0.7896845856907844
4691	100	0.7956533359867027
4691	110	0.8680739073239541
4691	120	0.8892085581209946
4692	70	2.5338016485822883
4692	80	1.9443505020279193
4692	90	1.417102570756234
4692	100	1.2739167917068466
4692	110	1.2728622104952299
4692	120	1.2073973505179316
4693	70	1.0795118423664185
4693	80	0.9711834493402773
4693	90	1.0591058395420174
4693	100	0.9687550739758211
4693	110	1.002010606504067
4693	120	1.0047066493126133
4694	70	2.488358045705111
4694	80	1.6145497468000771
4694	90	1.1685561553824126
4694	100	0.9914941745641347
4694	110	0.9653496141307503
4694	120	0.9362408241305039
4695	70	1.230461203354231
4695	80	1.472858932342852
4695	90	1.4439702341381377
4695	100	1.1735945357384099
4695	110	1.1706881757344425
4695	120	1.1323064975894817
4696	70	0.7410743676056623
4696	80	0.8686228122912835
4696	90	0.8270641148031185
4696	100	0.9599823873630029
4696	110	0.9953674094043544
4696	120	1.0206601205641852
4697	70	2.0132495244419704
4697	80	1.5927281287623472
4697	90	1.6646090105887628
4697	100	1.251280244254278
4697	110	1.213790163311796
4697	120	1.154296990409899
4698	70	2.037184896551056
4698	80	1.4263391806896366
4698	90	1.101975386792717
4698	100	0.9801668495885774
4698	110	0.9612601048343841
4698	120	0.9560488135420198
4699	70	0.6430631243407036
4699	80	0.6455031999556722
4699	90	0.690494220766133
4699	100	0.8895577607963474
4699	110	0.91993362747554
4699	120	0.9686916147126201
4700	70	2.1625120048306403
4700	80	1.1316233580990243
4700	90	1.0627829709471488
4700	100	1.1361308922028417
4700	110	1.061692506310817
4700	120	1.0661920725049028
4701	70	1.1089963216099097
4701	80	1.2000972171284732
4701	90	1.2412037493756776
4701	100	1.1871400993650896
4701	110	1.197235601228832
4701	120	1.1734302480456984
4702	70	1.1349729417723453
4702	80	1.0799958529315759
4702	90	1.053449505640521
4702	100	1.0768286614147282
4702	110	1.0850129887014035
4702	120	1.0680056788899437
4703	70	1.904320576036058
4703	80	0.9567498478218668
4703	90	0.8780284247607288
4703	100	0.8718802344275027
4703	110	0.8822513531144736
4703	120	0.8990861526578929
4704	70	0.4840200197418804
4704	80	0.5423533635875669
4704	90	0.5639234399485263
4704	100	0.6052246709579079
4704	110	0.674544185565646
4704	120	0.7205299493099896
4705	70	0.8391165241227891
4705	80	0.6940263505636604
4705	90	0.7830543732738922
4705	100	0.8535062072542953
4705	110	0.8942405840643194
4705	120	0.934522928592997
4706	70	0.6343834615478526
4706	80	0.7872040088490854
4706	90	0.8108119644049698
4706	100	0.8583140693192306
4706	110	0.8825281584954543
4706	120	0.8968864824068411
4707	70	1.2567698916325052
4707	80	0.9126681893837396
4707	90	0.8667045334692555
4707	100	0.9837571611124939
4707	110	0.9928539056937254
4707	120	0.9928389552270293
4708	70	1.2511565820600041
4708	80	1.1198285025624384
4708	90	1.0959403246486927
4708	100	1.0071869766916852
4708	110	0.9948581813369803
4708	120	1.0022742396445081
4709	70	1.3214385083744538
4709	80	1.243360741127269
4709	90	1.2133555164501246
4709	100	1.0951248828531226
4709	110	1.0620891288901897
4709	120	1.0296494648073482
4710	70	0.8621503292352656
4710	80	0.8414799456011638
4710	90	0.8319544637900421
4710	100	0.9872210752607307
4710	110	0.9964735636382186
4710	120	1.00854157928652
4711	70	0.9991310099273438
4711	80	0.7831913292076974
4711	90	0.8399118485639603
4711	100	0.7992715629035075
4711	110	0.8151477376877269
4711	120	0.852075890247895
4712	70	2.3048784133216693
4712	80	1.6427035218059411
4712	90	1.3509650689156296
4712	100	1.1493406154151147
4712	110	1.0338186607239843
4712	120	1.0164095771646484
4713	70	1.1445910070582401
4713	80	0.7494596491964038
4713	90	0.8165653390542138
4713	100	0.832551361643935
4713	110	0.8531172575517271
4713	120	0.8795723454294553
4714	70	0.6899611405451153
4714	80	0.8289819167125854
4714	90	0.8870350827237344
4714	100	0.7692397869647656
4714	110	0.8192330416060288
4714	120	0.8413879293341836
4715	70	0.9649511094686166
4715	80	0.7270385596503446
4715	90	0.674581885441094
4715	100	0.8013166203880754
4715	110	0.7949584552679643
4715	120	0.8099150876160252
4716	70	0.5263633283342495
4716	80	0.7938850730968013
4716	90	0.8595655376702241
4716	100	1.029768287807079
4716	110	1.0193139436208936
4716	120	1.050484069329022
4717	70	1.8042420143782443
4717	80	1.089329749108449
4717	90	0.9048940054967028
4717	100	0.8697456365690382
4717	110	0.8590638821737404
4717	120	0.8601911364470447
4718	70	1.5689233723301292
4718	80	1.6947303621667662
4718	90	1.5721748751201456
4718	100	1.3821215398063746
4718	110	1.2796896145843524
4718	120	1.2265640326885228
4719	70	2.308524908450833
4719	80	1.6679452417529943
4719	90	1.0769133340016084
4719	100	0.9823591594964075
4719	110	0.9658834357790329
4719	120	0.9288268301558262
4720	70	0.6342397820972117
4720	80	0.598868219551523
4720	90	0.5911114974076647
4720	100	0.7295373552787691
4720	110	0.8008136834826707
4720	120	0.8357703092560417
4721	70	2.3868722305620262
4721	80	2.1505124280212518
4721	90	1.4206031228649205
4721	100	1.28831062483172
4721	110	1.244594484372593
4721	120	1.1829193618897842
4722	70	1.2612409357318184
4722	80	1.0102183978020363
4722	90	0.8675819660884055
4722	100	0.8346940891912141
4722	110	0.8519722221153478
4722	120	0.8531985215466266
4723	70	1.7026417897203945
4723	80	1.724253086041842
4723	90	1.3437223833812038
4723	100	1.2735722450415665
4723	110	1.234111264916395
4723	120	1.1797686782796335
4724	70	0.6946088265970279
4724	80	0.9171264584841697
4724	90	1.0635258583137754
4724	100	1.0347168202944925
4724	110	1.064005900519934
4724	120	1.0690688927432603
4725	70	4.4540190785591465
4725	80	2.270276507956838
4725	90	1.2488071537455643
4725	100	1.1254388953136971
4725	110	1.1046571119162967
4725	120	1.063511945523941
4726	70	2.675686639266339
4726	80	1.3062150527718739
4726	90	1.1262140762835149
4726	100	0.8844597003456537
4726	110	0.8366882956775745
4726	120	0.8145764969063469
4727	70	0.6196533512618585
4727	80	0.7448853513575489
4727	90	0.6033911297405289
4727	100	0.6841002367592104
4727	110	0.7134858824935768
4727	120	0.7371961938605824
4728	70	0.6604856880360787
4728	80	1.0329969747333843
4728	90	1.0681840066510373
4728	100	0.9143237119590045
4728	110	0.9806938856909586
4728	120	0.99453224447728
4729	70	1.3068560368534625
4729	80	1.070088204224734
4729	90	0.991579384999714
4729	100	0.9816490160365643
4729	110	1.0080399450509427
4729	120	1.0076426144234882
4730	70	0.9225773129712528
4730	80	0.8879170632343595
4730	90	0.8929854120058851
4730	100	0.9199027452407177
4730	110	0.9139987328603489
4730	120	0.9320449258051701
4731	70	1.1088239772501276
4731	80	1.3352263439432077
4731	90	1.0990385047232172
4731	100	1.05431073745115
4731	110	1.0739570869715405
4731	120	1.0633925805043232
4732	70	0.7873702905433511
4732	80	0.961062265436606
4732	90	0.9784084777449711
4732	100	0.9511681405866096
4732	110	0.9829264194377667
4732	120	0.9837651448062259
4733	70	1.7537265573453582
4733	80	1.2907209307012408
4733	90	1.043100979763248
4733	100	0.9581908080372333
4733	110	0.9299364228429392
4733	120	0.9088553440993398
4734	70	0.5117340212107746
4734	80	0.7581835571689303
4734	90	0.8988224013159515
4734	100	0.9973502960224664
4734	110	1.066641124250214
4734	120	1.0933240399506645
4735	70	1.9494401295054709
4735	80	1.088960547768776
4735	90	1.0382664937725825
4735	100	1.1041163951819142
4735	110	1.075965767262588
4735	120	1.0775361598880662
4736	70	1.0552559663004315
4736	80	0.9504510375043559
4736	90	0.9815014445413672
4736	100	1.0015930666105586
4736	110	0.9922203751555081
4736	120	0.9804705603725702
4737	70	0.5446437074761128
4737	80	0.6222817735308244
4737	90	0.7335389768632549
4737	100	0.9305564299344335
4737	110	0.9414991927874158
4737	120	0.9711405013578832
4738	70	0.39458076542755904
4738	80	0.513166487377389
4738	90	0.5741499820590937
4738	100	0.5772673217449535
4738	110	0.6458277170223581
4738	120	0.6915178286811247
4739	70	2.088820783460988
4739	80	1.4428811741478733
4739	90	1.0347902420519008
4739	100	0.9781552392967654
4739	110	0.9815102862257444
4739	120	0.9983131801899875
4740	70	0.6017211131170529
4740	80	0.838920009755857
4740	90	1.0289454289987572
4740	100	1.0999050099961873
4740	110	1.071899367773854
4740	120	1.1030925948710846
4741	70	1.3723264905752048
4741	80	1.1928194753832337
4741	90	1.1424526443683294
4741	100	1.0221264739179718
4741	110	1.0585797087847117
4741	120	1.0582250690312507
4742	70	1.2485637871807003
4742	80	1.173726341183367
4742	90	1.2418333082016368
4742	100	1.1075394059127968
4742	110	1.0989976272455269
4742	120	1.0847160929247506
4743	70	1.0166936539287328
4743	80	0.9872199280049515
4743	90	1.2039924057211118
4743	100	1.0383944695569913
4743	110	1.0437978097781584
4743	120	0.9991501834368052
4744	70	1.4284904503103821
4744	80	1.4916844442750796
4744	90	1.472706491584536
4744	100	1.3354759819142945
4744	110	1.2153681886933414
4744	120	1.1912502864907524
4745	70	0.7250825741357617
4745	80	0.7957676784898582
4745	90	0.8244131247593263
4745	100	0.8106878488445011
4745	110	0.8323374222340003
4745	120	0.8822185707431172
4746	70	2.178583395206434
4746	80	2.2326679698888645
4746	90	1.392233796719168
4746	100	1.2151415587007381
4746	110	1.134356569649397
4746	120	1.0742501706799794
4747	70	0.8392939401070046
4747	80	0.8816615792099043
4747	90	0.8774958246368756
4747	100	0.9350258307996216
4747	110	0.9340707714602721
4747	120	0.9486016305581905
4748	70	0.9531970791866914
4748	80	1.141224254867044
4748	90	1.1930901667697444
4748	100	1.0726455891438276
4748	110	1.0812594615097546
4748	120	1.0690722913054271
4749	70	1.4291935214645053
4749	80	1.6167194391964776
4749	90	1.3104561367720862
4749	100	1.2714623164979775
4749	110	1.1599324192277616
4749	120	1.137499406832788
4750	70	1.321562336048338
4750	80	1.2711056441030577
4750	90	1.3218109712461914
4750	100	1.4429451498169212
4750	110	1.4319627979824243
4750	120	1.3259601519971098
4751	70	1.0582098844584928
4751	80	1.0209093200759423
4751	90	1.0982779808347551
4751	100	1.1405100846706382
4751	110	1.150541386684213
4751	120	1.1158582603111669
4752	70	1.0292331875322374
4752	80	1.2509472714980996
4752	90	1.4249932343281957
4752	100	1.2724900375867785
4752	110	1.2408090888684593
4752	120	1.2150982930279903
4753	70	1.3703302513465403
4753	80	0.7789910668130036
4753	90	0.6416231410779606
4753	100	0.7576789375957454
4753	110	0.7817361539540285
4753	120	0.78185587853762
4754	70	0.47660835083454195
4754	80	0.5918926887923497
4754	90	0.7353026561293747
4754	100	0.9233004540663821
4754	110	0.990333496496921
4754	120	1.0120497137375923
4755	70	0.948609730905844
4755	80	0.8141326854534611
4755	90	0.7390325332266521
4755	100	0.8672184108981871
4755	110	0.8642143759421184
4755	120	0.8763926035584739
4756	70	1.168963700761259
4756	80	1.0407898171888166
4756	90	1.0705566479916622
4756	100	1.1635454583544185
4756	110	1.092358913026316
4756	120	1.04245829056762
4757	70	0.5590420469862144
4757	80	0.84086923328447
4757	90	0.9539270904089472
4757	100	0.9673949774563255
4757	110	0.9775168259204957
4757	120	0.9907677327377379
4758	70	0.5570621895062103
4758	80	0.7380768459117585
4758	90	0.877002365443582
4758	100	0.9715493764118177
4758	110	1.0172038195356357
4758	120	1.0449272381965733
4759	70	1.0524352563851207
4759	80	1.2424627137033804
4759	90	1.1559925301082237
4759	100	1.0383579288742844
4759	110	0.9894433441386867
4759	120	0.9608588217575986
4760	70	1.1641436230623887
4760	80	1.1683041061266204
4760	90	1.1639981953790828
4760	100	0.9576826563789542
4760	110	0.959492591336836
4760	120	0.9903503643310617
4761	70	0.4392411497227686
4761	80	0.665496135438151
4761	90	0.7158587560274791
4761	100	0.8860655414306344
4761	110	0.9129498789817457
4761	120	0.9216739182743422
4762	70	1.064678588950957
4762	80	0.8668141714722498
4762	90	0.7435881605996156
4762	100	0.8760306382356899
4762	110	0.9021081504827888
4762	120	0.8984706477552878
4763	70	0.38838284885929436
4763	80	0.4855656229758913
4763	90	0.666864092866999
4763	100	0.7854608301290092
4763	110	0.8453950968984594
4763	120	0.908342057217026
4764	70	0.4218304836913521
4764	80	0.6096798240779443
4764	90	0.7918489312806168
4764	100	0.8397562129729401
4764	110	0.8536553457886784
4764	120	0.877704599659838
4765	70	2.34162333003581
4765	80	1.8159379811476035
4765	90	1.6811216448229869
4765	100	1.3484582987424452
4765	110	1.27403966793818
4765	120	1.2172453816343582
4766	70	0.9192598508303353
4766	80	0.8703670152793606
4766	90	0.9926816854379565
4766	100	1.0502921194705044
4766	110	0.9998333458072493
4766	120	1.003376448537116
4767	70	1.2060535672071262
4767	80	1.074984398912984
4767	90	1.1760516615307437
4767	100	1.2005949405604786
4767	110	1.1818080579688957
4767	120	1.1712696226179096
4768	70	2.2962040461474458
4768	80	1.9123315450071754
4768	90	1.6668529322274446
4768	100	1.3410191342523798
4768	110	1.2750891058117357
4768	120	1.234755917221129
4769	70	1.632052788505889
4769	80	1.1451599410940239
4769	90	0.9390455059043344
4769	100	0.9146774234563807
4769	110	0.8674117292748951
4769	120	0.886603218713823
4770	70	0.43125397831262186
4770	80	0.7012444719212043
4770	90	0.8256664204899198
4770	100	0.9886324736645323
4770	110	1.015570925184273
4770	120	1.0311932104447747
4771	70	0.520788360050779
4771	80	0.7423528950269928
4771	90	0.8688164568066645
4771	100	1.0654643881548687
4771	110	1.114367497884801
4771	120	1.1255168368950879
4772	70	1.3715329155397622
4772	80	1.4788965277867339
4772	90	1.2461583043448912
4772	100	1.0982407676830752
4772	110	1.1337049164943194
4772	120	1.114675393892397
4773	70	1.6419715370947805
4773	80	1.5698874048417093
4773	90	1.2687296610662555
4773	100	1.1555552580680386
4773	110	1.1175972476688179
4773	120	1.075676287212853
4774	70	1.3617537048065163
4774	80	1.4383954596931448
4774	90	1.410544400637375
4774	100	1.2629325602566517
4774	110	1.1838558533109649
4774	120	1.1618414903283392
4775	70	1.723841010436572
4775	80	1.4652712934327474
4775	90	1.4189156466730724
4775	100	1.321863121954573
4775	110	1.28910307183597
4775	120	1.255073657023791
4776	70	0.67291883951511
4776	80	0.6732717876644062
4776	90	0.8471761629000922
4776	100	1.00689403863053
4776	110	1.0589221580248203
4776	120	1.0932399739732508
4777	70	0.42450381645983193
4777	80	0.4889907365502141
4777	90	0.7257380853873653
4777	100	0.8315550981111489
4777	110	0.906338389086138
4777	120	0.9751412905018468
4778	70	1.9755629996003772
4778	80	1.4478603397142902
4778	90	1.2357932556064966
4778	100	1.356492106727154
4778	110	1.2981867039259092
4778	120	1.2465722486586168
4779	70	4.100352111944748
4779	80	1.8418809936412406
4779	90	0.9636257204270704
4779	100	0.844746396793747
4779	110	0.8081153505394072
4779	120	0.803053011239149
4780	70	0.3082981878279748
4780	80	0.41980214156004864
4780	90	0.6275128573663916
4780	100	0.6836573722024316
4780	110	0.7597180860626646
4780	120	0.7983648666848544
4781	70	2.3702383165654104
4781	80	2.0742558115530483
4781	90	2.145090328157284
4781	100	1.534371338227258
4781	110	1.3582088500393636
4781	120	1.2887926510596623
4782	70	2.747558242089871
4782	80	1.782425911071944
4782	90	1.2348524238880285
4782	100	1.2957467609135154
4782	110	1.2062727564723401
4782	120	1.1500196506409108
4783	70	0.5363165683923892
4783	80	0.6641775109381287
4783	90	0.8100948032106946
4783	100	1.0499713554850663
4783	110	1.1389174426150586
4783	120	1.1680924345614723
4784	70	0.6932388585860539
4784	80	0.7304579051857257
4784	90	0.7961755110038679
4784	100	0.9080879935480404
4784	110	0.9409971189768749
4784	120	0.9935783722524685
4785	70	1.8482120326201896
4785	80	1.622021991714936
4785	90	1.1843285073147147
4785	100	1.0707647972332899
4785	110	0.9880389911575764
4785	120	0.9494574388518453
4786	70	1.075795864201161
4786	80	0.9375826968429017
4786	90	1.0432943009330504
4786	100	1.1879873930485743
4786	110	1.1545678406745854
4786	120	1.1226352567899263
4787	70	0.5268999659477064
4787	80	0.6950420872090026
4787	90	0.8927458029232008
4787	100	1.0148333398815794
4787	110	1.0434597274438902
4787	120	1.0511143178502538
4788	70	1.4516798999770624
4788	80	1.2030103978925337
4788	90	0.9995345973339627
4788	100	1.0748977815370884
4788	110	1.0712182055617596
4788	120	1.0412570859146846
4789	70	1.2389283788631975
4789	80	1.503824767109564
4789	90	1.266868869923951
4789	100	1.2452093236600044
4789	110	1.1793618644869148
4789	120	1.13509983154464
4790	70	1.2397152247481376
4790	80	0.8799727590961159
4790	90	1.0399282826677856
4790	100	0.9211246527901918
4790	110	0.9585053821556752
4790	120	0.9759174105006606
4791	70	1.173069060437623
4791	80	1.1691563173036985
4791	90	0.8748298034352167
4791	100	0.9075111355511964
4791	110	0.8728712036883436
4791	120	0.835508792385625
4792	70	1.9409655526986047
4792	80	1.920105046384994
4792	90	1.5918732130849915
4792	100	1.344235971285391
4792	110	1.224269375852096
4792	120	1.1859893431207498
4793	70	2.4873426138546826
4793	80	1.7679714376681586
4793	90	1.184208768588249
4793	100	0.9939506477850597
4793	110	0.9330325579108418
4793	120	0.8942610110741962
4794	70	1.0904409797592354
4794	80	1.1181791529496294
4794	90	0.9738025583540223
4794	100	0.9905442180914764
4794	110	0.9541414729737845
4794	120	0.9501240831830823
4795	70	1.505058927854671
4795	80	1.0295337985353108
4795	90	0.9491967402732219
4795	100	1.077381849277338
4795	110	1.0651775811014705
4795	120	1.0378936174906492
4796	70	2.00624528482001
4796	80	1.2842331882228315
4796	90	0.9566294994148067
4796	100	0.8736781375678034
4796	110	0.8869412500799247
4796	120	0.868845504628223
4797	70	0.6987332952235602
4797	80	0.9688433234566394
4797	90	0.9780192014213063
4797	100	0.9085835173841832
4797	110	0.9544273757362639
4797	120	0.9938612673213973
4798	70	0.8060468671315741
4798	80	0.6379855143349309
4798	90	0.7929325783374198
4798	100	0.9390222629959717
4798	110	0.9059902812699323
4798	120	0.9173535181656473
4799	70	1.2204988108918604
4799	80	0.9982838384310498
4799	90	0.8751918279630928
4799	100	0.8618254489850005
4799	110	0.8366386706956226
4799	120	0.8541887578547092
4800	70	0.4597736994065469
4800	80	0.6941215890665127
4800	90	0.8908240507569788
4800	100	0.8230418287737157
4800	110	0.8453717084204874
4800	120	0.8708172550203416
4801	70	2.0118256107256736
4801	80	1.6164776928905222
4801	90	1.0389671287839917
4801	100	0.880322606226998
4801	110	0.86479785673491
4801	120	0.8329377347471453
4802	70	0.4834251211361467
4802	80	0.5799331716914733
4802	90	0.6920968808708349
4802	100	0.899139036226029
4802	110	0.9230719237050653
4802	120	0.9795739512981984
4803	70	2.0723309710342357
4803	80	2.096234040405692
4803	90	1.766967710183779
4803	100	1.694590562743128
4803	110	1.596647912618334
4803	120	1.494887175506626
4804	70	0.4727050000685402
4804	80	0.5610189854117941
4804	90	0.7373062345620514
4804	100	0.7999806042356217
4804	110	0.8554112758412986
4804	120	0.9150272043900562
4805	70	0.5771696527086011
4805	80	0.6887157365423832
4805	90	0.6840776100304445
4805	100	0.657519659806372
4805	110	0.6724004438664973
4805	120	0.6887243746165224
4806	70	0.3497986713134557
4806	80	0.552055447193916
4806	90	0.6356988396050569
4806	100	0.7832247968576765
4806	110	0.8456118293538918
4806	120	0.873690094716147
4807	70	3.1492733767241567
4807	80	2.3886704765439988
4807	90	1.745059170466471
4807	100	1.331567788797595
4807	110	1.1824147680500485
4807	120	1.1090618628133029
4808	70	1.9443418865534676
4808	80	1.4166698383838061
4808	90	1.1916564421065212
4808	100	1.0698240482002133
4808	110	1.0871739101549651
4808	120	1.063216231288173
4809	70	1.75846855319427
4809	80	1.7764637566640304
4809	90	1.273487487579739
4809	100	1.1807106769675517
4809	110	1.1485651633359935
4809	120	1.0740387216282525
4810	70	0.918570220969775
4810	80	0.9967409533560914
4810	90	0.9950087106112669
4810	100	0.9035991945767934
4810	110	0.8794887149574512
4810	120	0.8929024683908978
4811	70	0.3863676349359238
4811	80	0.5857496570028748
4811	90	0.607060507804072
4811	100	0.7505757128527311
4811	110	0.7767983998610631
4811	120	0.811843407478576
4812	70	0.42636896601092195
4812	80	0.6626305807422448
4812	90	0.8098029397459114
4812	100	0.918660735195065
4812	110	0.9384131253422783
4812	120	0.9839131988186882
4813	70	1.2277793606700753
4813	80	1.0488229808178349
4813	90	0.8559172075568187
4813	100	0.7975964282269324
4813	110	0.8085468710255905
4813	120	0.8087934641963038
4814	70	0.6556565673374465
4814	80	0.8443534557769231
4814	90	1.014494588139355
4814	100	1.0442847014516279
4814	110	1.0390974438559868
4814	120	1.0735789482891431
4815	70	1.2559660324547381
4815	80	1.1278238600079364
4815	90	1.187253554756308
4815	100	0.9767457780918706
4815	110	0.9527069274572871
4815	120	0.9328810775067152
4816	70	2.470713404663237
4816	80	1.8781913190412618
4816	90	1.388997153728056
4816	100	1.128899041805433
4816	110	1.0116475831718432
4816	120	0.9502327440657558
4817	70	1.2483345800524173
4817	80	1.02269735355319
4817	90	0.8405180392760031
4817	100	0.8954792892293942
4817	110	0.9060454414837082
4817	120	0.929395604691352
4818	70	0.4646592248314682
4818	80	0.7823379822172039
4818	90	1.1808573255688675
4818	100	1.223220453200442
4818	110	1.2615583592307578
4818	120	1.2984247942947673
4819	70	0.6132005971299217
4819	80	0.7248070698218381
4819	90	0.8544143682342846
4819	100	1.0290928171714202
4819	110	1.0428068850383763
4819	120	1.0630950065620837
4820	70	0.5766997638529705
4820	80	0.6772994379366597
4820	90	0.8952871429484018
4820	100	1.0095491991830006
4820	110	1.0333705228589138
4820	120	1.0535191113946354
4821	70	0.5984594094069547
4821	80	0.49709644709048473
4821	90	0.4964168764173641
4821	100	0.6539976477238882
4821	110	0.6854735073475561
4821	120	0.7180167549375461
4822	70	0.470908738204111
4822	80	0.6483524990421063
4822	90	0.8117295172365763
4822	100	0.8659436428748982
4822	110	0.8601497148580399
4822	120	0.9142631702083476
4823	70	1.0349138473474842
4823	80	0.8283670107999407
4823	90	0.8046300934158377
4823	100	0.8409494274793272
4823	110	0.8786018185319884
4823	120	0.890845544914866
4824	70	0.44920315917545267
4824	80	0.5068360930625763
4824	90	0.7019194499286636
4824	100	0.8134004959566926
4824	110	0.831316904461348
4824	120	0.8947481832249401
4825	70	1.246717392309672
4825	80	0.9958226946709945
4825	90	1.111663944745069
4825	100	1.2440954873003127
4825	110	1.1603579644743465
4825	120	1.1204916350872658
4826	70	1.8362117272468932
4826	80	1.997416259381497
4826	90	1.8335001099708947
4826	100	1.457539650411761
4826	110	1.3574919082417198
4826	120	1.304249252639286
4827	70	0.4115484234991431
4827	80	0.5629319251057833
4827	90	0.8048298981498032
4827	100	0.8447620253563729
4827	110	0.8995280157766808
4827	120	0.9383451509683194
4828	70	2.855069342957844
4828	80	1.9187437387512931
4828	90	1.2240920567428708
4828	100	1.0852864334657433
4828	110	1.0416816660801944
4828	120	1.0038157968401895
4829	70	0.5774697318702786
4829	80	0.49547706985386764
4829	90	0.6753564223243437
4829	100	0.8583792246190943
4829	110	0.915825419570742
4829	120	0.9579528328313357
4830	70	0.903324005983998
4830	80	0.7602586800222096
4830	90	0.6967514277681855
4830	100	0.8609536969445801
4830	110	0.9232214622423519
4830	120	0.9362807882330095
4831	70	0.43126149759918186
4831	80	0.5319315154198252
4831	90	0.6207310184346252
4831	100	0.775808462981809
4831	110	0.7982310411879379
4831	120	0.8260937889143521
4832	70	2.4353787077706035
4832	80	1.1938817400950064
4832	90	0.7822643028523143
4832	100	0.7730591333579347
4832	110	0.7668367331689387
4832	120	0.7650904148789742
4833	70	1.188891036199405
4833	80	1.0296789127443338
4833	90	1.0166445566872597
4833	100	0.9156936803520664
4833	110	0.9105565845518708
4833	120	0.9164356825503964
4834	70	0.9322042397537568
4834	80	1.0641704937686407
4834	90	1.1426520560870639
4834	100	1.2163889261708778
4834	110	1.1589328895146138
4834	120	1.1447846248801392
4835	70	0.7759189575760006
4835	80	0.7984802215988097
4835	90	0.8726379932824312
4835	100	0.8860492962586145
4835	110	0.9115012137885796
4835	120	0.9390042520874405
4836	70	0.7423082131437574
4836	80	0.9054412574536436
4836	90	1.101077635698955
4836	100	1.1240219082176168
4836	110	1.0835201453047263
4836	120	1.0803205027418312
4837	70	0.34374329986902963
4837	80	0.6107270453886764
4837	90	0.8252574558646814
4837	100	0.8409243008223611
4837	110	0.8585073727174096
4837	120	0.9086017131403787
4838	70	0.6368913839989604
4838	80	0.7189217397279372
4838	90	0.9998422676503048
4838	100	1.1207673372892761
4838	110	1.1649835489376912
4838	120	1.2246109437698254
4839	70	1.3290194893838598
4839	80	1.267529032936238
4839	90	1.1382574907350052
4839	100	1.1331659230438207
4839	110	1.0846943356583771
4839	120	1.071885809013798
4840	70	0.5211146049077071
4840	80	0.7156850002661471
4840	90	0.9026461072807462
4840	100	0.8905047692165502
4840	110	0.9541491640932699
4840	120	0.9612348463937548
4841	70	2.9454553880428658
4841	80	1.2861082883726662
4841	90	0.8922895297911788
4841	100	0.7567375180403606
4841	110	0.7321603990917619
4841	120	0.7330962647061204
4842	70	0.763352716352071
4842	80	0.8042652280947846
4842	90	0.760955048977986
4842	100	0.8780932026239447
4842	110	0.8907803126554574
4842	120	0.9190161726185666
4843	70	0.69448484246133535
4843	80	0.9218072525473299
4843	90	0.9674783064661735
4843	100	1.0674782218770795
4843	110	1.0533472060369082
4843	120	1.0706108523591369
4844	70	1.2127600314056424
4844	80	1.2269605513190085
4844	90	1.3951531240237072
4844	100	1.2650813369731349
4844	110	1.200468098958094
4844	120	1.1733781188456431
4845	70	0.3529142200161401
4845	80	0.5502358716535906
4845	90	0.7764776169122652
4845	100	0.9675986977264406
4845	110	0.9769156088555643
4845	120	1.0062195265964538
4846	70	2.482603436509276
4846	80	2.502626748129905
4846	90	1.8604718439780072
4846	100	1.3108868244481358
4846	110	1.2183883636812771
4846	120	1.1526940383762783
4847	70	0.4605097514047034
4847	80	0.7560111519734574
4847	90	1.0256816630450507
4847	100	1.0062111352750744
4847	110	1.0313921811534787
4847	120	1.063343080097861
4848	70	1.0413078520584726
4848	80	1.1097711502169574
4848	90	1.0252907859455753
4848	100	0.9037048038604294
4848	110	0.8802731554269293
4848	120	0.874740873647443
4849	70	0.40450659924011795
4849	80	0.5296529988566367
4849	90	0.8072086346360031
4849	100	0.9398646624226464
4849	110	1.032286627810562
4849	120	1.127395732815567
4850	70	0.4932167486929319
4850	80	0.5699238620406807
4850	90	0.7580934931911129
4850	100	0.9121822292319411
4850	110	0.9701795498640937
4850	120	1.0169043810750817
4851	70	1.838103803609076
4851	80	1.4918614953842126
4851	90	1.1799871508449786
4851	100	1.1740138588598086
4851	110	1.1806284983694693
4851	120	1.1482612201984828
4852	70	2.61133805218324
4852	80	2.4438833769727815
4852	90	1.7776499822272904
4852	100	1.6191966501190662
4852	110	1.4972260445658918
4852	120	1.4091312187424974
4853	70	1.473024714741198
4853	80	1.1428500462306281
4853	90	0.9277293556047185
4853	100	0.9113056574523617
4853	110	0.8762557555283349
4853	120	0.8752311404232339
4854	70	0.9736009138537328
4854	80	0.87033019038126
4854	90	0.9646043114478491
4854	100	1.060645590034389
4854	110	1.110321722708242
4854	120	1.1400591280173518
4855	70	1.531260004096821
4855	80	1.0925005760144717
4855	90	1.225970740803481
4855	100	1.1955491150933344
4855	110	1.1240988724063223
4855	120	1.112396195652158
4856	70	0.5262376720141316
4856	80	0.6675041294395481
4856	90	0.7240427474173187
4856	100	0.7136743305352252
4856	110	0.7681836936395983
4856	120	0.7811665433644311
4857	70	0.335187386210059
4857	80	0.46773690893332864
4857	90	0.6508871118086311
4857	100	0.8276482829361501
4857	110	0.9001277755816549
4857	120	0.9701915040710449
4858	70	1.5343085061622452
4858	80	1.2414234977445195
4858	90	1.1330304970187877
4858	100	0.8821320035506144
4858	110	0.8257358315521319
4858	120	0.8364099456467201
4859	70	2.762921721630681
4859	80	2.1196808094293655
4859	90	1.2134288600016327
4859	100	1.0184017359364697
4859	110	1.0033792764372833
4859	120	0.9963752212329999
4860	70	1.042488137403554
4860	80	1.017886213866059
4860	90	0.8200912306668884
4860	100	0.9311270839602793
4860	110	0.9303520889422816
4860	120	0.9170376400639245
4861	70	2.5605147215948443
4861	80	1.2726321608503155
4861	90	0.8611534387714633
4861	100	0.8791425882858835
4861	110	0.8349968911882835
4861	120	0.8424064991591133
4862	70	0.6809873994712528
4862	80	0.9841664262876137
4862	90	0.9066733413038031
4862	100	0.8749787745905273
4862	110	0.8928899523248544
4862	120	0.8935613521143703
4863	70	0.7695392912895485
4863	80	0.8235605514143423
4863	90	0.9098075499986862
4863	100	0.9678947330884283
4863	110	0.9525852988277411
4863	120	0.9254818689779383
4864	70	0.592222633519399
4864	80	0.6987326134801394
4864	90	0.8835924538657703
4864	100	0.8326468093640478
4864	110	0.8732222276416951
4864	120	0.9131111101495023
4865	70	1.0784237451133836
4865	80	1.24372377394488
4865	90	1.352542426426332
4865	100	1.1736418689101178
4865	110	1.1445228041481046
4865	120	1.099117624483379
4866	70	2.718449945683684
4866	80	1.7174735783452055
4866	90	1.2395473398976984
4866	100	1.145263469407574
4866	110	1.078681611473785
4866	120	1.031890358548772
4867	70	0.5399863454676822
4867	80	0.7319483796328593
4867	90	0.9446270192280295
4867	100	0.9790977915507901
4867	110	1.0062320720282143
4867	120	1.0232566683343354
4868	70	2.671361178855862
4868	80	1.4044465748749717
4868	90	1.0911922942673182
4868	100	0.9703171105373751
4868	110	0.9752545459227713
4868	120	0.98372126308053
4869	70	2.071206849698735
4869	80	2.1139458749784863
4869	90	1.8069244634451538
4869	100	1.5071573844154749
4869	110	1.4968182581152214
4869	120	1.4335676367067816
4870	70	1.1246076621142966
4870	80	0.814210072969238
4870	90	0.879204209879235
4870	100	0.9360767465669269
4870	110	0.9010760313531746
4870	120	0.9431703688773652
4871	70	1.3857750943730474
4871	80	1.0471810014487921
4871	90	0.8832325292109282
4871	100	0.8708220088886363
4871	110	0.8849647028651028
4871	120	0.8798938036271172
4872	70	1.5270058932992083
4872	80	1.1132081821525779
4872	90	0.9271261659951622
4872	100	0.9295013065347307
4872	110	0.9027543724107068
4872	120	0.9048484090044827
4873	70	2.1051387899574787
4873	80	1.255743256751192
4873	90	1.1571157663297482
4873	100	0.9572178908199301
4873	110	0.9196783282550466
4873	120	0.931156230128163
4874	70	1.45664292732295
4874	80	0.9048360636928986
4874	90	1.0416325767479229
4874	100	1.0675137421777234
4874	110	1.0337740160406246
4874	120	1.0341867977701218
4875	70	0.5926401734639856
4875	80	0.926999121708294
4875	90	1.1458547830540269
4875	100	1.2404239989003336
4875	110	1.226533689146661
4875	120	1.2497430113630712
4876	70	1.0514373185718864
4876	80	0.6647701750009538
4876	90	0.6634121779745237
4876	100	0.6788082890501951
4876	110	0.7142603196744148
4876	120	0.7412513942489795
4877	70	0.5433497571687
4877	80	0.5364211283938728
4877	90	0.7150663426859788
4877	100	0.7979488324781959
4877	110	0.8769948344132319
4877	120	0.9316219991110488
4878	70	1.2620585837430498
4878	80	1.4504893862358366
4878	90	1.2523743559637543
4878	100	1.0440676189523574
4878	110	1.0179757363295925
4878	120	1.0140117467608518
4879	70	0.5697374176733081
4879	80	0.7054191342186217
4879	90	0.8251874649926125
4879	100	1.0050071092977912
4879	110	1.0309923008146054
4879	120	1.0436765316715293
4880	70	1.524099058954596
4880	80	1.5196884851807269
4880	90	1.1991704108510848
4880	100	1.1806826156084886
4880	110	1.1070978314497875
4880	120	1.0640565573845844
4881	70	1.034658709404164
4881	80	1.1288276130589263
4881	90	1.2771029150224456
4881	100	1.2906001704110228
4881	110	1.1724594661666525
4881	120	1.1416707459157731
4882	70	1.5747429050113124
4882	80	1.377089502836314
4882	90	1.5912143836001766
4882	100	1.3932639823594133
4882	110	1.3024750570236603
4882	120	1.2394839923269907
4883	70	1.7203610275356176
4883	80	1.106770658774589
4883	90	1.144189502166269
4883	100	1.2693430929929768
4883	110	1.2183631090271978
4883	120	1.1827145010606954
4884	70	0.5688682953397455
4884	80	0.6657442604106566
4884	90	0.7150077515175742
4884	100	0.7153623815184631
4884	110	0.7643913728960756
4884	120	0.778315653906292
4885	70	1.7016573073329795
4885	80	1.373323237444708
4885	90	1.186689045359364
4885	100	1.0605635441190775
4885	110	1.0339051419591325
4885	120	1.0406929038260526
4886	70	1.1522421662912063
4886	80	1.3064319459086733
4886	90	1.531751755189846
4886	100	1.4664885998170005
4886	110	1.3844065289549363
4886	120	1.3423955995930832
4887	70	3.7493204720187503
4887	80	2.9029030255372854
4887	90	1.6525766721321462
4887	100	1.2712940215074624
4887	110	1.156437760119912
4887	120	1.1194485646000136
4888	70	0.37090066633788094
4888	80	0.6033356429760558
4888	90	0.7241526901726222
4888	100	0.8227602931496237
4888	110	0.9041760511272005
4888	120	0.9357187196213421
4889	70	0.49924020402359104
4889	80	0.7922369385303321
4889	90	1.040151304165282
4889	100	0.997681053587034
4889	110	1.0068494080848296
4889	120	1.0232058308501908
4890	70	1.7244567020536536
4890	80	1.5618590346727141
4890	90	1.0814321538477147
4890	100	1.0646422010657184
4890	110	0.9941604574880848
4890	120	1.0021024771318934
4891	70	2.2237079914770512
4891	80	1.6987047836206883
4891	90	1.3246219114044255
4891	100	1.0473674291387394
4891	110	0.9755457279478118
4891	120	0.9356321465132008
4892	70	0.5113571798400667
4892	80	0.6957449808133397
4892	90	0.8635548770622764
4892	100	0.9749796353763834
4892	110	1.0530205683492992
4892	120	1.0602490539925222
4893	70	0.5610494719050434
4893	80	0.7277886704079478
4893	90	0.7964743532849223
4893	100	0.8918261475885572
4893	110	0.9607977341757206
4893	120	0.9791895240031243
4894	70	0.7291786203336917
4894	80	0.8266240505806668
4894	90	0.8283796746670306
4894	100	0.931336746212779
4894	110	0.9942672585314348
4894	120	1.027644817753345
4895	70	0.9998136881303348
4895	80	0.9590166746646922
4895	90	0.9605554900167319
4895	100	0.9897439541443488
4895	110	0.9957087016822952
4895	120	0.9960701622663434
4896	70	1.648070620145032
4896	80	1.2066748242478567
4896	90	0.8717066185741424
4896	100	0.9182394821000553
4896	110	0.9058195930302497
4896	120	0.8925722521083321
4897	70	0.6691174825316226
4897	80	0.7980701906073907
4897	90	0.9208394819304269
4897	100	1.004267129619171
4897	110	1.0657593024447443
4897	120	1.080648973888237
4898	70	0.6508144603280284
4898	80	0.9317769434804767
4898	90	1.0481248402767882
4898	100	0.9710443055730008
4898	110	0.9625753120719327
4898	120	0.9621847399784433
4899	70	0.42026259118623643
4899	80	0.6331338721667814
4899	90	0.8140287620629785
4899	100	0.9408595580719942
4899	110	1.0114733444237176
4899	120	1.0425821463271778
4900	70	1.2335068072096327
4900	80	1.0146595858415839
4900	90	1.1173770643104342
4900	100	1.02377336713909
4900	110	0.9803652675957544
4900	120	1.0098716726193688
4901	70	0.49956490528361785
4901	80	0.5625275988041724
4901	90	0.8306071627423841
4901	100	1.066881207513587
4901	110	1.1032366220096506
4901	120	1.1766020330814921
4902	70	1.1194365582590773
4902	80	0.8824158027845345
4902	90	0.9143860995849181
4902	100	0.9898478291662882
4902	110	1.0396370185300705
4902	120	1.0993983000295402
4903	70	1.1393423605081656
4903	80	1.2060744249292572
4903	90	1.0170749792285716
4903	100	1.1468734993054186
4903	110	1.074889812062678
4903	120	1.0280960915821453
4904	70	1.5315487469306883
4904	80	1.7578201485876064
4904	90	1.5857141703196098
4904	100	1.381533653462261
4904	110	1.3592866366431449
4904	120	1.291155501105786
4905	70	1.7466773956351265
4905	80	1.626563092339261
4905	90	1.1339201811361577
4905	100	1.1936747658969582
4905	110	1.069690588612672
4905	120	1.0357339928911304
4906	70	0.49321404834459265
4906	80	0.7251764079905567
4906	90	0.860489128417206
4906	100	0.9895638730301126
4906	110	0.9902564981549321
4906	120	1.0044748614625074
4907	70	1.5233048091771382
4907	80	1.1615404192027603
4907	90	1.0452007298685837
4907	100	0.9510747879809983
4907	110	0.926482081311902
4907	120	0.9238790573179184
4908	70	0.6201086853764934
4908	80	0.765958571038478
4908	90	0.8523538738734053
4908	100	0.9265840391794368
4908	110	0.9356187746797413
4908	120	0.9586063590115728
4909	70	0.9698847969813712
4909	80	1.1967516443797686
4909	90	1.2729843126429727
4909	100	1.3003202510108216
4909	110	1.2386405645296592
4909	120	1.209767600392471
4910	70	2.418984058414281
4910	80	1.6598822003451976
4910	90	1.3492241705595522
4910	100	1.1063014680550391
4910	110	1.0946766286314162
4910	120	1.051905419201908
4911	70	2.037382548845583
4911	80	1.5063808532535448
4911	90	1.164975182793642
4911	100	1.0937350807524207
4911	110	1.0500413800893675
4911	120	1.0409383675614965
4912	70	1.9058754508700024
4912	80	1.0253080631726716
4912	90	0.8012227956014498
4912	100	0.841162788803588
4912	110	0.8577942301959756
4912	120	0.8497296579098899
4913	70	1.7874723136867225
4913	80	1.3825175691830864
4913	90	1.3742568117405871
4913	100	1.2884399763227516
4913	110	1.238515790127141
4913	120	1.203077484986453
4914	70	1.4477508821574847
4914	80	1.1928977110292016
4914	90	1.1301898541230568
4914	100	1.1090338447189232
4914	110	1.124225774275082
4914	120	1.093753623805658
4915	70	0.31932431269704703
4915	80	0.5430711153389266
4915	90	0.8961702708812874
4915	100	0.9379894171119767
4915	110	0.9502083708938914
4915	120	0.9729723078939392
4916	70	1.0491727195250609
4916	80	0.8950616524743906
4916	90	0.8630346236224269
4916	100	0.8781469580030673
4916	110	0.8711379261053552
4916	120	0.879197124890367
4917	70	1.8212939578688623
4917	80	1.8185178290325008
4917	90	1.3886011047139841
4917	100	1.421909785921544
4917	110	1.3206731172480788
4917	120	1.2638551979426396
4918	70	3.0973467503337337
4918	80	1.9359724764255122
4918	90	1.4046286351916712
4918	100	1.0828040972436122
4918	110	1.0170015878696888
4918	120	0.9511414798325402
4919	70	1.3718952136034868
4919	80	0.9742615538084982
4919	90	0.8878851653136338
4919	100	1.0143395044981016
4919	110	1.0194181808293836
4919	120	0.9931551053502963
4920	70	1.0682691839721667
4920	80	0.6772313403155931
4920	90	0.6556522434689067
4920	100	0.6232390751540631
4920	110	0.6595654861244583
4920	120	0.6927479654275506
4921	70	1.127008400245424
4921	80	0.8469350948979603
4921	90	0.7969516025356832
4921	100	0.818594621044725
4921	110	0.8508170397580448
4921	120	0.8676376621843744
4922	70	2.5256062054826507
4922	80	1.8495767761953685
4922	90	1.22656369247087
4922	100	1.0169038762750395
4922	110	0.9941345135809332
4922	120	0.947623594837438
4923	70	1.007583768529458
4923	80	1.131360761988383
4923	90	1.1696366636743272
4923	100	1.0406904997295423
4923	110	0.9778932495420899
4923	120	0.9738567609075977
4924	70	0.43110884507975195
4924	80	0.6309718061415985
4924	90	0.6890379156647022
4924	100	0.809989039857949
4924	110	0.8367028116226282
4924	120	0.8661787234595099
4925	70	0.4794633200139384
4925	80	0.6775650077072971
4925	90	0.8686067793925484
4925	100	0.9088066233316404
4925	110	0.9340501494751342
4925	120	0.9657165644933665
4926	70	0.36070677720935895
4926	80	0.5524199526723623
4926	90	0.7067029374374816
4926	100	0.7358260634947336
4926	110	0.7780723957567534
4926	120	0.8369818953547291
4927	70	0.6606236642920346
4927	80	0.9893462953913826
4927	90	1.0113028701568152
4927	100	1.1445526873546095
4927	110	1.1397247019005319
4927	120	1.121101126171493
4928	70	1.1287995475233998
4928	80	0.8999874131323715
4928	90	0.8265473320229557
4928	100	0.8108088314309277
4928	110	0.8187049291365355
4928	120	0.8191478650081283
4929	70	1.1885009279989744
4929	80	1.395417394538049
4929	90	1.385420478127553
4929	100	1.2757349593517753
4929	110	1.2365618763141535
4929	120	1.2321229703174132
4930	70	0.44963687367621263
4930	80	0.6329226321361414
4930	90	0.7636608473268924
4930	100	0.863375508381265
4930	110	0.9122209044879265
4930	120	0.9254376241195515
4931	70	1.2684916870078304
4931	80	0.9329597230419002
4931	90	0.9744046094441752
4931	100	1.1320705106967508
4931	110	1.1090271068942235
4931	120	1.1098734435343274
4932	70	1.8063386442447404
4932	80	1.4496991343944017
4932	90	0.85670344380408
4932	100	0.8538330119987435
4932	110	0.8352534177334018
4932	120	0.8274999901490572
4933	70	3.092647655743703
4933	80	2.3160557710060794
4933	90	1.6609130837759278
4933	100	1.547897746142108
4933	110	1.4626782081441991
4933	120	1.3559679510640357
4934	70	0.7173915510829665
4934	80	0.9273304099186415
4934	90	0.9325996438877545
4934	100	1.0884923367535948
4934	110	1.1284058670602373
4934	120	1.1603946821009201
4935	70	2.2995477568044085
4935	80	1.5556297363250653
4935	90	1.0155527724684177
4935	100	0.9165709010521669
4935	110	0.9160349471214928
4935	120	0.9181030527443795
4936	70	0.511743636558114
4936	80	0.7929984572952777
4936	90	1.0310878088369226
4936	100	1.0927632985813374
4936	110	1.1645527819098755
4936	120	1.1758581036860016
4937	70	0.3834473752821818
4937	80	0.4392539961828548
4937	90	0.5209636706931515
4937	100	0.5476861038000249
4937	110	0.581456068612886
4937	120	0.6290234882689331
4938	70	1.484810765056755
4938	80	1.341166725765858
4938	90	1.011950762106735
4938	100	0.9423098179301539
4938	110	0.9431498647166285
4938	120	0.9235674186986964
4939	70	0.48986716845989425
4939	80	0.5899205828868506
4939	90	0.6609782685103246
4939	100	0.7724963601245407
4939	110	0.8256497232287181
4939	120	0.8788893401448693
4940	70	1.9008516380932725
4940	80	1.6456504977543878
4940	90	1.2680051468452649
4940	100	0.9807833948804774
4940	110	0.9669127211508992
4940	120	0.9622893360161372
4941	70	1.3399006322225475
4941	80	1.211872255925003
4941	90	1.0127449820617838
4941	100	1.1201807230049268
4941	110	1.0742428227663385
4941	120	1.0547930123200857
4942	70	1.9484006420055984
4942	80	0.977197205417551
4942	90	0.7961399325052714
4942	100	0.7517493283852531
4942	110	0.745485130870513
4942	120	0.7372598522223227
4943	70	0.7424492315491237
4943	80	0.9011816292069956
4943	90	0.7534753479333625
4943	100	0.8809099310355742
4943	110	0.8991735387723551
4943	120	0.8904381957532785
4944	70	1.6710826353869457
4944	80	1.2374873932885988
4944	90	1.1236739417838602
4944	100	1.1841385820508012
4944	110	1.1079495044142822
4944	120	1.071270614692849
4945	70	0.8724066594874496
4945	80	1.0730644215846643
4945	90	1.1851877098405537
4945	100	1.0644796833147974
4945	110	1.0420667069429508
4945	120	1.0421822378105172
4946	70	2.172299620691446
4946	80	1.3322967171788291
4946	90	0.9713977857695356
4946	100	1.0053698838322642
4946	110	0.9777824140449382
4946	120	0.9768414263722318
4947	70	1.3520564949929477
4947	80	0.9573686126216704
4947	90	0.8225808352059086
4947	100	0.7501323385649676
4947	110	0.7424449059630727
4947	120	0.7226897546692967
4948	70	1.7174193605876142
4948	80	1.328602811920602
4948	90	1.0694918804220317
4948	100	1.0185629915210914
4948	110	1.0100750395625588
4948	120	0.9698756074515164
4949	70	1.4355341366465517
4949	80	1.4061225143362204
4949	90	1.1333590555530972
4949	100	0.932926402215701
4949	110	0.9571336512095431
4949	120	0.9562204349827064
4950	70	0.4987919814361038
4950	80	0.7142466049003139
4950	90	0.7270259685884473
4950	100	0.8191278969395954
4950	110	0.8528997653794959
4950	120	0.8924641441248773
4951	70	1.6844197296404029
4951	80	1.718131560240528
4951	90	1.1287201384885186
4951	100	1.1594011875610877
4951	110	1.1175201696487194
4951	120	1.0404907714370628
4952	70	0.6349231837674874
4952	80	1.0068839029619463
4952	90	1.2883878766434091
4952	100	1.2613036039135879
4952	110	1.2852673974529967
4952	120	1.2718488477272782
4953	70	1.980953209208773
4953	80	1.9276060005459394
4953	90	1.520866981399092
4953	100	1.3855608024061206
4953	110	1.2756540749133614
4953	120	1.2303958534971051
4954	70	1.4744562856345331
4954	80	1.2389643644356119
4954	90	1.090579883384515
4954	100	1.0858076983787022
4954	110	1.1244772352704058
4954	120	1.1131897585096469
4955	70	0.5281217236971847
4955	80	0.8178734274705266
4955	90	0.8475846966365735
4955	100	0.9609261592088323
4955	110	1.0017585934794047
4955	120	1.0386264545208657
4956	70	1.6327191015424747
4956	80	1.3652906230555295
4956	90	1.151757480044129
4956	100	1.089157482147335
4956	110	1.0729575171889947
4956	120	1.0129498417588159
4957	70	1.3420673357342598
4957	80	1.3087558283865666
4957	90	1.1058057578062623
4957	100	1.1460616632874416
4957	110	1.098791512304358
4957	120	1.0635780490228228
4958	70	1.3536572378958558
4958	80	1.2459104825649134
4958	90	1.0402145211090474
4958	100	1.1189213941433103
4958	110	1.0222499557237466
4958	120	1.0079265133944983
4959	70	2.766654724336652
4959	80	1.8980156643981996
4959	90	1.338598701189965
4959	100	1.152825171596779
4959	110	1.1593622440012454
4959	120	1.1023709684710992
4960	70	2.0710489769709994
4960	80	1.0088962138574524
4960	90	1.0066818421400097
4960	100	0.9888827546416455
4960	110	0.9641880458379667
4960	120	0.9804438295658547
4961	70	1.7060282072705641
4961	80	1.9199092353968383
4961	90	1.6371801344342456
4961	100	1.228802445956715
4961	110	1.1422257214176745
4961	120	1.0901143132076676
4962	70	0.5648873914988943
4962	80	0.6100639883240883
4962	90	0.8049063657228466
4962	100	0.8508247697952886
4962	110	0.8618510728580826
4962	120	0.8959945696189112
4963	70	1.512819343851082
4963	80	1.0549160584357549
4963	90	0.955032643857342
4963	100	0.98720902182141
4963	110	0.9685954988713703
4963	120	0.9811085754554817
4964	70	0.964481521850576
4964	80	1.1494947678663077
4964	90	1.2322359583238949
4964	100	1.2410355753661164
4964	110	1.182684198140932
4964	120	1.145182442973651
4965	70	0.7513309621964166
4965	80	0.8730074754179705
4965	90	0.8785609500020075
4965	100	0.8604009558480858
4965	110	0.8418327714312013
4965	120	0.8766058445660856
4966	70	0.41362514571167047
4966	80	0.3900787731953607
4966	90	0.5943669204221919
4966	100	0.68292646866202
4966	110	0.7218926970293629
4966	120	0.7820506468272544
4967	70	0.403080137062465
4967	80	0.5289354194782908
4967	90	0.7244263624146563
4967	100	0.9100058201123062
4967	110	0.9816188300728905
4967	120	1.0023318256102882
4968	70	1.055525802021343
4968	80	0.9501820661121847
4968	90	0.9371400457212462
4968	100	0.9659824510764271
4968	110	0.963019530544873
4968	120	0.9300975202794192
4969	70	3.8458538749793045
4969	80	1.868787788131172
4969	90	1.3322007684715558
4969	100	1.2199978124855213
4969	110	1.1631965256763834
4969	120	1.1432401728133517
4970	70	0.9192005557483387
4970	80	0.719760818111993
4970	90	0.8513382966534214
4970	100	0.8333942547314658
4970	110	0.8265273671410659
4970	120	0.845798060359578
4971	70	1.0591104603167245
4971	80	0.9403970400356214
4971	90	1.0185222433263623
4971	100	1.1995465543586559
4971	110	1.2345040478786118
4971	120	1.2243583467566785
4972	70	0.4204691661308545
4972	80	0.4488759657346098
4972	90	0.6513924190489508
4972	100	0.776822392694242
4972	110	0.843419917908819
4972	120	0.9017354868094396
4973	70	1.2180159369943069
4973	80	1.0014191565848252
4973	90	0.9832865521877059
4973	100	0.9382294254513822
4973	110	0.9532394157867398
4973	120	0.9440137467725679
4974	70	0.30031920856327227
4974	80	0.38021756459222794
4974	90	0.6092920941546416
4974	100	0.7360756630259564
4974	110	0.7914604049751226
4974	120	0.8688433478450631
4975	70	2.839317280154147
4975	80	2.511329323111224
4975	90	1.4822758566804621
4975	100	1.0835671519170469
4975	110	1.0279512427171082
4975	120	0.9960311279690888
4976	70	0.4716480092116762
4976	80	0.7618534877545832
4976	90	0.9409117130000362
4976	100	0.8666538396700713
4976	110	0.9063479607471101
4976	120	0.945549587420933
4977	70	2.3241438664371006
4977	80	1.9815247160127059
4977	90	1.1335089829662957
4977	100	0.9489224528201161
4977	110	0.9047574491739574
4977	120	0.8953891542005912
4978	70	0.24010548084453973
4978	80	0.41613899980106894
4978	90	0.6514153953847978
4978	100	0.8369636427757768
4978	110	0.862744511595552
4978	120	0.9178462243159777
4979	70	1.2312391058637242
4979	80	1.4487352865740133
4979	90	1.5699616319334841
4979	100	1.575027258954114
4979	110	1.5378937638846208
4979	120	1.442128945848224
4980	70	0.562550498756132
4980	80	0.787356093263791
4980	90	0.7383389535204196
4980	100	0.6933391845163445
4980	110	0.7159440578200895
4980	120	0.7250144529091431
4981	70	0.9284808650642588
4981	80	1.095681198046651
4981	90	0.9808264899886031
4981	100	0.9862919553545116
4981	110	0.9834165097859435
4981	120	0.9546127457217263
4982	70	0.5673797030373042
4982	80	0.7609704174994864
4982	90	0.9252142445322578
4982	100	0.8427801550057825
4982	110	0.8822479068635379
4982	120	0.8727885613153027
4983	70	1.825354828119942
4983	80	1.3316150909963267
4983	90	1.179228177714615
4983	100	1.0013857778039543
4983	110	0.9811146006113343
4983	120	0.9573497664379962
4984	70	0.8603260983145687
4984	80	0.7503824042390712
4984	90	0.8870293574444306
4984	100	0.873525186837196
4984	110	0.9204620300759008
4984	120	0.9442617809624266
4985	70	0.41543201307879307
4985	80	0.5105828672373821
4985	90	0.6940988994028717
4985	100	0.7675569329592408
4985	110	0.8141350331509294
4985	120	0.8600888811991468
4986	70	1.3764179326748722
4986	80	0.9853249209048601
4986	90	1.1212163720941764
4986	100	1.185476030096112
4986	110	1.2512696503959084
4986	120	1.2533411990857768
4987	70	1.3941411301456168
4987	80	1.1436122618768796
4987	90	1.3177648001761322
4987	100	1.1553308971697094
4987	110	1.1518435798881428
4987	120	1.169226592284802
4988	70	1.8420471338538889
4988	80	1.0171347747000337
4988	90	0.9860343126736067
4988	100	0.8843716802176107
4988	110	0.8935294397078999
4988	120	0.9306969567309482
4989	70	1.6488727254560642
4989	80	1.8530037795113274
4989	90	2.0905771842084127
4989	100	1.8436332502571815
4989	110	1.6921496953301787
4989	120	1.5666712578164232
4990	70	2.798406774547911
4990	80	1.9529154190102622
4990	90	1.518070773149568
4990	100	1.1108892177317078
4990	110	1.0783810630332717
4990	120	1.0143760131433037
4991	70	0.9366489881185351
4991	80	0.8586259397400514
4991	90	0.8436420861744145
4991	100	0.8114122747103216
4991	110	0.8400352970329279
4991	120	0.8647519244658344
4992	70	0.7941380600000161
4992	80	0.793758362568405
4992	90	0.9747610419658232
4992	100	0.9835413654396549
4992	110	1.0464653431273165
4992	120	1.0927093872681073
4993	70	2.120994976323829
4993	80	1.7949591681865564
4993	90	1.6222564245989044
4993	100	1.2118573795332275
4993	110	1.1786301463353717
4993	120	1.0989505817657321
4994	70	1.3125444716868617
4994	80	1.3155502700286215
4994	90	1.1778021820526219
4994	100	0.9488757254437508
4994	110	0.9606052474968487
4994	120	0.9292582945837258
4995	70	1.3779182001189336
4995	80	1.1434453502446604
4995	90	1.018916269370034
4995	100	1.0536879156158445
4995	110	1.0059151891731215
4995	120	0.9817808149055325
4996	70	0.5686296565985806
4996	80	0.6263102751539534
4996	90	0.7086175735592954
4996	100	0.8324886263215927
4996	110	0.8642684899255788
4996	120	0.9040181622944965
4997	70	0.6230235597509628
4997	80	0.8959993951732295
4997	90	0.9611146042850827
4997	100	1.0546888528925764
4997	110	1.1418193825499907
4997	120	1.1760916044357608
4998	70	2.6998243273766094
4998	80	1.3202734956013367
4998	90	0.9183918311399732
4998	100	0.9534553340406325
4998	110	0.9468319993633797
4998	120	0.9017494020863988
4999	70	1.2654690955521934
4999	80	1.5019618897104148
4999	90	1.3767791406204488
4999	100	1.3039376216560692
4999	110	1.254033146979635
4999	120	1.221184288690714
5000	70	0.672230365479299
5000	80	0.8609235430471526
5000	90	1.0169149103769695
5000	100	1.1138740198125578
5000	110	1.1143176449496024
5000	120	1.1091007666722144
